url,title,pubdate,source
https://blog.naver.com/PostView.naver?blogId=hanssem70&logNo=224030813645&categoryNo=0&parentCategoryNo=0&viewDate=&currentPage=1&postListTopCurrentPage=&from=menu,"호텔 느낌 그대로, 한샘 모노 호텔침대",2025-10-13,blog
https://blog.naver.com/PostView.naver?blogId=hanssem70&logNo=224030812311&categoryNo=0&parentCategoryNo=0&viewDate=&currentPage=1&postListTopCurrentPage=&from=menu,용인시 처인구 인테리어│60평 단독주택 리모델링,2025-10-11,blog
https://blog.naver.com/PostView.naver?blogId=hanssem70&logNo=224030811794&categoryNo=0&parentCategoryNo=0&viewDate=&currentPage=1&postListTopCurrentPage=&from=menu,[NEW] 테이블을 나에게 딱 맞게! 한샘 리브업 모션테이블,2025-10-10,blog
https://blog.naver.com/PostView.naver?blogId=hanssem70&logNo=224028427787&categoryNo=0&parentCategoryNo=0&viewDate=&currentPage=1&postListTopCurrentPage=&from=menu,대구 달서구 인테리어│월드마크 웨스트엔드 60평 리모델링,2025-10-04,blog
https://blog.naver.com/PostView.naver?blogId=hanssem70&logNo=224028291230&categoryNo=0&parentCategoryNo=0&viewDate=&currentPage=1&postListTopCurrentPage=&from=menu,[한샘 호텔침대 앵콜 프로모션] 다시 돌아온 호텔침대 이벤트!,2025-10-02,blog
https://blog.naver.com/PostView.naver?blogId=hanssem70&logNo=224027612176&categoryNo=0&parentCategoryNo=0&viewDate=&currentPage=2&postListTopCurrentPage=&from=menu,[한샘 샘키즈 신제품 출시 이벤트] 아이방 수납 끝판왕! 샘키즈 보나 옷장·침대로 완성,2025-10-01,blog
https://blog.naver.com/PostView.naver?blogId=hanssem70&logNo=224025969688&categoryNo=0&parentCategoryNo=0&viewDate=&currentPage=2&postListTopCurrentPage=&from=menu,"집에서 가장 편안한 순간, 한샘 포지소파",2025-09-29,blog
https://blog.naver.com/PostView.naver?blogId=hanssem70&logNo=224019108278&categoryNo=0&parentCategoryNo=0&viewDate=&currentPage=2&postListTopCurrentPage=&from=menu,[한샘XLG생활건강] 한샘 회원만을 위한 특별 혜택,2025-09-24,blog
https://blog.naver.com/PostView.naver?blogId=hanssem70&logNo=224017119260&categoryNo=0&parentCategoryNo=0&viewDate=&currentPage=2&postListTopCurrentPage=&from=menu,한샘 55주년한샘 노하우가 가득 담긴 신제품 만나기,2025-09-23,blog
https://blog.naver.com/PostView.naver?blogId=hanssem70&logNo=224017117673&categoryNo=0&parentCategoryNo=0&viewDate=&currentPage=2&postListTopCurrentPage=&from=menu,놓치지 말아야 할 마지막 할인 혜택 쌤페스타 3주차(922~929) 할인 상품 총정리,2025-09-22,blog
https://blog.naver.com/PostView.naver?blogId=hanssem70&logNo=224012692206&categoryNo=0&parentCategoryNo=0&viewDate=&currentPage=3&postListTopCurrentPage=&from=menu,"한샘 55주년집에서도 호텔처럼, 한샘 모노 호텔침대",2025-09-18,blog
https://blog.naver.com/PostView.naver?blogId=hanssem70&logNo=224008970519&categoryNo=0&parentCategoryNo=0&viewDate=&currentPage=3&postListTopCurrentPage=&from=menu,한샘 55주년히어로 제품과 함께하는 쌤페스타,2025-09-16,blog
https://blog.naver.com/PostView.naver?blogId=hanssem70&logNo=224008333747&categoryNo=0&parentCategoryNo=0&viewDate=&currentPage=3&postListTopCurrentPage=&from=menu,55년 전 가격부터 55딜까지! 쌤페스타 2주차(915~922) 할인 상품 총정리,2025-09-15,blog
https://blog.naver.com/PostView.naver?blogId=hanssem70&logNo=224000019694&categoryNo=0&parentCategoryNo=0&viewDate=&currentPage=3&postListTopCurrentPage=&from=menu,55년 전 가격부터 55딜까지! 쌤페스타 1주차(98~914) 할인 상품 총정리,2025-09-08,blog
https://blog.naver.com/PostView.naver?blogId=hanssem70&logNo=223990831794&categoryNo=0&parentCategoryNo=0&viewDate=&currentPage=3&postListTopCurrentPage=&from=menu,강남 역삼동 인테리어│레미안 그레이튼 52평 리모델링,2025-09-01,blog
https://blog.naver.com/PostView.naver?blogId=hanssem70&logNo=223990741067&categoryNo=0&parentCategoryNo=0&viewDate=&currentPage=4&postListTopCurrentPage=&from=menu,한샘 쌤페스타 인테리어·리모델링키친·가전 프로모션 & 매장 전용 혜택,2025-09-01,blog
https://blog.naver.com/PostView.naver?blogId=hanssem70&logNo=223990712414&categoryNo=0&parentCategoryNo=0&viewDate=&currentPage=4&postListTopCurrentPage=&from=menu,한샘 쌤페스타 가구 세일55딜·타임특가·카테고리데이 총정리,2025-09-01,blog
https://blog.naver.com/PostView.naver?blogId=hanssem70&logNo=223990692908&categoryNo=0&parentCategoryNo=0&viewDate=&currentPage=4&postListTopCurrentPage=&from=menu,"한샘 55주년, 지금만 누릴 수 있는 특별한 쌤페스타 할인 혜택",2025-09-01,blog
https://blog.naver.com/PostView.naver?blogId=hanssem70&logNo=223983658526&categoryNo=0&parentCategoryNo=0&viewDate=&currentPage=4&postListTopCurrentPage=&from=menu,"여름밤 숙면을 책임지는, 한샘 BEST 침구 추천",2025-08-26,blog
https://blog.naver.com/PostView.naver?blogId=hanssem70&logNo=223982522505&categoryNo=0&parentCategoryNo=0&viewDate=&currentPage=4&postListTopCurrentPage=&from=menu,인천 부평구 인테리어│대덕 리치아노 108평 리모델링,2025-08-25,blog
https://blog.naver.com/PostView.naver?blogId=hanssem70&logNo=223975807798&categoryNo=0&parentCategoryNo=0&viewDate=&currentPage=5&postListTopCurrentPage=&from=menu,한샘 포시즌 매트리스 리뉴얼! 어떻게 달라졌을까,2025-08-19,blog
https://blog.naver.com/PostView.naver?blogId=hanssem70&logNo=223974460040&categoryNo=0&parentCategoryNo=0&viewDate=&currentPage=5&postListTopCurrentPage=&from=menu,중구 인테리어│약수 하이츠 32평 전체 리모델링,2025-08-18,blog
https://blog.naver.com/PostView.naver?blogId=hanssem70&logNo=223968763284&categoryNo=0&parentCategoryNo=0&viewDate=&currentPage=5&postListTopCurrentPage=&from=menu,"수납을 편리하게, 주방을 깔끔하게! 한샘 유로키친",2025-08-13,blog
https://blog.naver.com/PostView.naver?blogId=hanssem70&logNo=223966334742&categoryNo=0&parentCategoryNo=0&viewDate=&currentPage=5&postListTopCurrentPage=&from=menu,이번 여름 휴가는 홈캉스! 8월 쌤위크 (811~825),2025-08-11,blog
https://blog.naver.com/PostView.naver?blogId=hanssem70&logNo=223966332833&categoryNo=0&parentCategoryNo=0&viewDate=&currentPage=5&postListTopCurrentPage=&from=menu,남양주 인테리어│양지 e편한세상 47평형 전체 리모델링,2025-08-11,blog
https://blog.naver.com/PostView.naver?blogId=hanssem70&logNo=223961164852&categoryNo=0&parentCategoryNo=0&viewDate=&currentPage=6&postListTopCurrentPage=&from=menu,"취향대로 고르는 주방, 한샘 유로키친 [유로 300 유로 700]",2025-08-06,blog
https://blog.naver.com/PostView.naver?blogId=hanssem70&logNo=223955020203&categoryNo=0&parentCategoryNo=0&viewDate=&currentPage=6&postListTopCurrentPage=&from=menu,"미니멀라이프의 시작, No.1 KITCHEN 한샘키친",2025-08-01,blog
https://blog.naver.com/PostView.naver?blogId=hanssem70&logNo=223946448989&categoryNo=0&parentCategoryNo=0&viewDate=&currentPage=6&postListTopCurrentPage=&from=menu,용산구 인테리어│한남동 하이페리온 주상복합 67평 인테리어,2025-07-25,blog
https://blog.naver.com/PostView.naver?blogId=hanssem70&logNo=223945175563&categoryNo=0&parentCategoryNo=0&viewDate=&currentPage=6&postListTopCurrentPage=&from=menu,한샘 호텔침대로 완성하는 나만의 슬리포노믹스 라이프,2025-07-24,blog
https://blog.naver.com/PostView.naver?blogId=hanssem70&logNo=223942548074&categoryNo=0&parentCategoryNo=0&viewDate=&currentPage=6&postListTopCurrentPage=&from=menu,당신이 원하는 침실은 어떤 무드인가요 [룬 소프트 or 세레나 차콜],2025-07-22,blog
https://blog.naver.com/PostView.naver?blogId=hanssem70&logNo=223938112578&categoryNo=0&parentCategoryNo=0&viewDate=&currentPage=7&postListTopCurrentPage=&from=menu,압구정 인테리어│강남구 압구정 현대 6차 64평 키친 인테리어,2025-07-18,blog
https://blog.naver.com/PostView.naver?blogId=hanssem70&logNo=223937078750&categoryNo=0&parentCategoryNo=0&viewDate=&currentPage=7&postListTopCurrentPage=&from=menu,"“요즘은 침꾸가 대세!” 호텔 침실 감성, 한샘 침대로 완성하기",2025-07-17,blog
https://blog.naver.com/PostView.naver?blogId=hanssem70&logNo=223935869272&categoryNo=0&parentCategoryNo=0&viewDate=&currentPage=7&postListTopCurrentPage=&from=menu,호텔침대에 어울리는 한샘 홈&데코 아이템 추천,2025-07-16,blog
https://blog.naver.com/PostView.naver?blogId=hanssem70&logNo=223932797242&categoryNo=0&parentCategoryNo=0&viewDate=&currentPage=7&postListTopCurrentPage=&from=menu,"나만의 홈 라이프 즐기기, 7월 쌤위크(714~728)",2025-07-14,blog
https://blog.naver.com/PostView.naver?blogId=hanssem70&logNo=223927188113&categoryNo=0&parentCategoryNo=0&viewDate=&currentPage=7&postListTopCurrentPage=&from=menu,"승아&무열의 설레는 매일, 한샘 호텔침대 캠페인 OPEN (~25.9.30)",2025-07-09,blog
https://blog.naver.com/PostView.naver?blogId=hanssem70&logNo=223924727761&categoryNo=0&parentCategoryNo=0&viewDate=&currentPage=8&postListTopCurrentPage=&from=menu,"프리미엄에 트렌드를 얹다, 키친바흐 스모크드 오크",2025-07-07,blog
https://blog.naver.com/PostView.naver?blogId=hanssem70&logNo=223908998838&categoryNo=0&parentCategoryNo=0&viewDate=&currentPage=8&postListTopCurrentPage=&from=menu,국내 최초 프리미엄 키친 브랜드 ‘키친바흐’ 리뉴얼 출시,2025-06-23,blog
https://blog.naver.com/PostView.naver?blogId=hanssem70&logNo=223882170984&categoryNo=0&parentCategoryNo=0&viewDate=&currentPage=8&postListTopCurrentPage=&from=menu,"[이달의 신제품] 침실에서 하고픈 것들을 마음껏, 한샘 호텔침대 룬소프트 침대",2025-05-30,blog
https://blog.naver.com/PostView.naver?blogId=hanssem70&logNo=223879627755&categoryNo=0&parentCategoryNo=0&viewDate=&currentPage=8&postListTopCurrentPage=&from=menu,수납 하나 바꿨더니 집 안에 여유가 생겼어요 ᅵ한샘수납ᅵ비포애프터ᅵ 붙박이장ᅵ옷장ᅵ드레스룸ᅵ빌트인거실장ᅵ옷정리,2025-05-28,blog
https://blog.naver.com/PostView.naver?blogId=hanssem70&logNo=223874329656&categoryNo=0&parentCategoryNo=0&viewDate=&currentPage=8&postListTopCurrentPage=&from=menu,우리집 거실 추구미는 깔끔 VS 감성 ᅵ한샘 빌트인 거실장,2025-05-25,blog
https://blog.naver.com/PostView.naver?blogId=hanssem70&logNo=223872938714&categoryNo=0&parentCategoryNo=0&viewDate=&currentPage=9&postListTopCurrentPage=&from=menu,[키친바흐] 용산구 인테리어│용산구 이촌동 LG한강자이 65평 아파트 인테리어,2025-05-22,blog
https://blog.naver.com/PostView.naver?blogId=hanssem70&logNo=223870507720&categoryNo=0&parentCategoryNo=0&viewDate=&currentPage=9&postListTopCurrentPage=&from=menu,"한샘 키친바흐, 프리미엄의 새로운 기준이 되다",2025-05-19,blog
https://blog.naver.com/PostView.naver?blogId=hanssem70&logNo=223866828249&categoryNo=0&parentCategoryNo=0&viewDate=&currentPage=9&postListTopCurrentPage=&from=menu,"수납 고민될 땐, 한샘 수납 아이템 모음집ᅵ붙박이장ᅵ옷장ᅵ드레스룸ᅵ빌트인거실장ᅵ현관장ᅵ옷정리",2025-05-15,blog
https://blog.naver.com/PostView.naver?blogId=hanssem70&logNo=223862919006&categoryNo=0&parentCategoryNo=0&viewDate=&currentPage=9&postListTopCurrentPage=&from=menu,"한샘몰 가정의 달 감사 혜택, 5월 쌤위크(512~526)",2025-05-12,blog
https://blog.naver.com/PostView.naver?blogId=hanssem70&logNo=223860309954&categoryNo=0&parentCategoryNo=0&viewDate=&currentPage=9&postListTopCurrentPage=&from=menu,[키친바흐] 광주 인테리어│광주 봉선동 62평 주택 인테리어,2025-05-11,blog
https://blog.naver.com/PostView.naver?blogId=hanssem70&logNo=223860238172&categoryNo=0&parentCategoryNo=0&viewDate=&currentPage=10&postListTopCurrentPage=&from=menu,"매일의 코디를 더 쉽게, 한샘 시그니처 붙박이장",2025-05-09,blog
https://blog.naver.com/PostView.naver?blogId=hanssem70&logNo=223845996314&categoryNo=0&parentCategoryNo=0&viewDate=&currentPage=10&postListTopCurrentPage=&from=menu,광주 인테리어│광주 쌍촌동 상무 힐스테이트 58평 인테리어,2025-05-03,blog
https://blog.naver.com/PostView.naver?blogId=hanssem70&logNo=223844871356&categoryNo=0&parentCategoryNo=0&viewDate=&currentPage=10&postListTopCurrentPage=&from=menu,"기용이와 기용맘의 삶을 맡아줘, 한샘 수납 빌트인 거실장",2025-04-28,blog
https://blog.naver.com/PostView.naver?blogId=hanssem70&logNo=223844726663&categoryNo=0&parentCategoryNo=0&viewDate=&currentPage=10&postListTopCurrentPage=&from=menu,"옷 부자 카레부부의 삶을 맡아줘, 한샘 수납 시그니처 붙박이장",2025-04-26,blog
https://blog.naver.com/PostView.naver?blogId=hanssem70&logNo=223844631068&categoryNo=0&parentCategoryNo=0&viewDate=&currentPage=10&postListTopCurrentPage=&from=menu,"맥시멀리스트 유진씨의 삶을 맡아줘, 한샘 수납",2025-04-24,blog
https://blog.naver.com/PostView.naver?blogId=hanssem70&logNo=223843728734&categoryNo=0&parentCategoryNo=0&viewDate=&currentPage=11&postListTopCurrentPage=&from=menu,"수납 하나로 달라지는 삶  삶을 맡아줘, 한샘 수납",2025-04-23,blog
https://blog.naver.com/PostView.naver?blogId=hanssem70&logNo=223835995861&categoryNo=0&parentCategoryNo=0&viewDate=&currentPage=11&postListTopCurrentPage=&from=menu,거실 꾸미기 이제 '봄'격적으로! 한샘 best 거실 가구 추천 4ᅵ신혼 소파ᅵ 봄맞이 인테리어ᅵ거실 인테리어,2025-04-17,blog
https://blog.naver.com/PostView.naver?blogId=hanssem70&logNo=223832618250&categoryNo=0&parentCategoryNo=0&viewDate=&currentPage=11&postListTopCurrentPage=&from=menu,"한샘몰 봄맞이 & 미리 준비하는 어린이날 혜택, 4월 쌤위크(414~428)",2025-04-14,blog
https://blog.naver.com/PostView.naver?blogId=hanssem70&logNo=223825034861&categoryNo=0&parentCategoryNo=0&viewDate=&currentPage=11&postListTopCurrentPage=&from=menu,폭싹 포근해지는 한샘 소파 NEW&BEST 추천!ᅵ신혼 소파ᅵ 봄맞이 인테리어ᅵ거실 인테리어,2025-04-09,blog
https://blog.naver.com/PostView.naver?blogId=hanssem70&logNo=223822136601&categoryNo=0&parentCategoryNo=0&viewDate=&currentPage=11&postListTopCurrentPage=&from=menu,한샘 X CJ온스타일 컴온스타일 느좋 가구 가득한 쇼케이스 팝업 현장!,2025-04-04,blog
https://blog.naver.com/PostView.naver?blogId=hanssem70&logNo=223811819456&categoryNo=0&parentCategoryNo=0&viewDate=&currentPage=12&postListTopCurrentPage=&from=menu,"[이달의 신제품] 공간을 바꿔주는 디테일, 한샘 홈&데코 리빙용품",2025-03-30,blog
https://blog.naver.com/PostView.naver?blogId=hanssem70&logNo=223809292173&categoryNo=0&parentCategoryNo=0&viewDate=&currentPage=12&postListTopCurrentPage=&from=menu, 한샘 X CJ온스타일 '안재현의 잠시 실내합니다!' 모바일 라이브쇼 4월 2일 수요일 오후 9시,2025-03-26,blog
https://blog.naver.com/PostView.naver?blogId=hanssem70&logNo=223809225772&categoryNo=0&parentCategoryNo=0&viewDate=&currentPage=12&postListTopCurrentPage=&from=menu,"공간별 봄맞이 수납 정리 best 아이템 추천! ᅵ한샘 수납장, 붙박이장, 옷장, 드레스룸",2025-03-25,blog
https://blog.naver.com/PostView.naver?blogId=hanssem70&logNo=223804475157&categoryNo=0&parentCategoryNo=0&viewDate=&currentPage=12&postListTopCurrentPage=&from=menu,한샘의 새로운 브랜드 알레프by한샘을 소개합니다.,2025-03-23,blog
https://blog.naver.com/PostView.naver?blogId=hanssem70&logNo=223803154139&categoryNo=0&parentCategoryNo=0&viewDate=&currentPage=12&postListTopCurrentPage=&from=menu,[이달의 신제품] 한샘에서 만나는 새로운 LX ZIN 창호 뷰프레임 LHSP 시리즈,2025-03-20,blog
https://blog.naver.com/PostView.naver?blogId=hanssem70&logNo=223800393436&categoryNo=0&parentCategoryNo=0&viewDate=&currentPage=13&postListTopCurrentPage=&from=menu,신혼의 봄을 채우는 신혼 인테리어 가구 리빙 아이템 추천!,2025-03-18,blog
https://blog.naver.com/PostView.naver?blogId=hanssem70&logNo=223794544803&categoryNo=0&parentCategoryNo=0&viewDate=&currentPage=13&postListTopCurrentPage=&from=menu,서초동 인테리어│서초구 삼성서초가든스위트 72평 인테리어,2025-03-15,blog
https://blog.naver.com/PostView.naver?blogId=hanssem70&logNo=223791764402&categoryNo=0&parentCategoryNo=0&viewDate=&currentPage=13&postListTopCurrentPage=&from=menu,설레는 신학기 학생방 자녀방 꾸미기 아이템 추천!,2025-03-11,blog
https://blog.naver.com/PostView.naver?blogId=hanssem70&logNo=223787027533&categoryNo=0&parentCategoryNo=0&viewDate=&currentPage=13&postListTopCurrentPage=&from=menu,한샘 아이방 자녀방 학생방 꾸미기 비포애프터 후기 보러가기ᅵ한샘 티오 책상,2025-03-09,blog
https://blog.naver.com/PostView.naver?blogId=hanssem70&logNo=223785571976&categoryNo=0&parentCategoryNo=0&viewDate=&currentPage=13&postListTopCurrentPage=&from=menu,좁아도 구성하기 나름! 한샘 20평대 인테리어 모음집,2025-03-07,blog
https://blog.naver.com/PostView.naver?blogId=hanssem70&logNo=223778118415&categoryNo=0&parentCategoryNo=0&viewDate=&currentPage=14&postListTopCurrentPage=&from=menu,한샘 최대 세일 이벤트 2025 '쌤페스타',2025-03-04,blog
https://blog.naver.com/PostView.naver?blogId=hanssem70&logNo=223777971411&categoryNo=0&parentCategoryNo=0&viewDate=&currentPage=14&postListTopCurrentPage=&from=menu,반포동 인테리어│서초구 반포 래미안 원펜타스 33평 인테리어,2025-03-01,blog
https://blog.naver.com/PostView.naver?blogId=hanssem70&logNo=223772824873&categoryNo=0&parentCategoryNo=0&viewDate=&currentPage=14&postListTopCurrentPage=&from=menu,"침실 꾸미기의 기본, '한샘 호텔침대' 에센셜 라인 추천!",2025-02-26,blog
https://blog.naver.com/PostView.naver?blogId=hanssem70&logNo=223759447451&categoryNo=0&parentCategoryNo=0&viewDate=&currentPage=14&postListTopCurrentPage=&from=menu,침대 하나로 가능한 신혼 로망 침실 인테리어 '한샘 호텔침대' 추천!,2025-02-24,blog
https://blog.naver.com/PostView.naver?blogId=hanssem70&logNo=223767447509&categoryNo=0&parentCategoryNo=0&viewDate=&currentPage=14&postListTopCurrentPage=&from=menu,"하루의 피로를 잊은 편안함, '한샘 패브릭 침대' 추천!",2025-02-22,blog
https://blog.naver.com/PostView.naver?blogId=hanssem70&logNo=223768235309&categoryNo=0&parentCategoryNo=0&viewDate=&currentPage=15&postListTopCurrentPage=&from=menu,청담동 인테리어│청담동 빌라 18평 욕실 인테리어,2025-02-21,blog
https://blog.naver.com/PostView.naver?blogId=hanssem70&logNo=223766358496&categoryNo=0&parentCategoryNo=0&viewDate=&currentPage=15&postListTopCurrentPage=&from=menu,한샘 공식 앰버서더 한샘홈크루3기 모집 (~2.24),2025-02-20,blog
https://blog.naver.com/PostView.naver?blogId=hanssem70&logNo=223760670942&categoryNo=0&parentCategoryNo=0&viewDate=&currentPage=15&postListTopCurrentPage=&from=menu,인천 남동구 인테리어│인천 남동구 간석동 금호 어울림 39평 인테리어,2025-02-17,blog
https://blog.naver.com/PostView.naver?blogId=hanssem70&logNo=223755661356&categoryNo=0&parentCategoryNo=0&viewDate=&currentPage=15&postListTopCurrentPage=&from=menu,우리 집 미리 봄맞이 단장 인테리어 아이템 추천!,2025-02-11,blog
https://blog.naver.com/PostView.naver?blogId=hanssem70&logNo=223747167736&categoryNo=0&parentCategoryNo=0&viewDate=&currentPage=15&postListTopCurrentPage=&from=menu,경기도 인테리어│경기도 양평 단독주택 60평 인테리어,2025-02-09,blog
https://blog.naver.com/PostView.naver?blogId=hanssem70&logNo=223749996698&categoryNo=0&parentCategoryNo=0&viewDate=&currentPage=16&postListTopCurrentPage=&from=menu,"2월 3일 한샘 멤버십 론칭, 함께 할수록 커지는 혜택을 만나보세요!",2025-02-06,blog
https://blog.naver.com/PostView.naver?blogId=hanssem70&logNo=223745936196&categoryNo=0&parentCategoryNo=0&viewDate=&currentPage=16&postListTopCurrentPage=&from=menu,"한샘 아듀 윈터 시즌오프 혜택, 2월 쌤위크(23~217)",2025-02-03,blog
https://blog.naver.com/PostView.naver?blogId=hanssem70&logNo=223736722727&categoryNo=0&parentCategoryNo=0&viewDate=&currentPage=16&postListTopCurrentPage=&from=menu,강서구 인테리어│내발산동 우장산 힐스테이트 32평 인테리어,2025-01-31,blog
https://blog.naver.com/PostView.naver?blogId=hanssem70&logNo=223737025243&categoryNo=0&parentCategoryNo=0&viewDate=&currentPage=16&postListTopCurrentPage=&from=menu,책상 정리 도와주는 학생방 자녀방 인테리어 꾸미기 아이템 추천!,2025-01-30,blog
https://blog.naver.com/PostView.naver?blogId=hanssem70&logNo=223736914284&categoryNo=0&parentCategoryNo=0&viewDate=&currentPage=16&postListTopCurrentPage=&from=menu,타일로 이런 무드까지 타일 하나로 달라지는 욕실 인테리어,2025-01-28,blog
https://blog.naver.com/PostView.naver?blogId=hanssem70&logNo=223736826961&categoryNo=0&parentCategoryNo=0&viewDate=&currentPage=17&postListTopCurrentPage=&from=menu,[이달의 신제품] 미니멀한 디자인이 돋보이는 아카이브플러스,2025-01-27,blog
https://blog.naver.com/PostView.naver?blogId=hanssem70&logNo=223735913131&categoryNo=0&parentCategoryNo=0&viewDate=&currentPage=17&postListTopCurrentPage=&from=menu,한샘 아이방 자녀방 메이크오버 비포애프터 후기 보러가기,2025-01-26,blog
https://blog.naver.com/PostView.naver?blogId=hanssem70&logNo=223735857369&categoryNo=0&parentCategoryNo=0&viewDate=&currentPage=17&postListTopCurrentPage=&from=menu,미리 준비하는 설맞이 명절맞이 '설날 필수 리빙아이템' 추천!,2025-01-23,blog
https://blog.naver.com/PostView.naver?blogId=hanssem70&logNo=223727887358&categoryNo=0&parentCategoryNo=0&viewDate=&currentPage=17&postListTopCurrentPage=&from=menu,경기 화성 인테리어│경기 화성시 동탄시범리슈빌 33평 인테리어,2025-01-20,blog
https://blog.naver.com/PostView.naver?blogId=hanssem70&logNo=223721250561&categoryNo=0&parentCategoryNo=0&viewDate=&currentPage=17&postListTopCurrentPage=&from=menu,한샘 X 키자니아 조이S 2 모션데스크의 85cm를 맞춰라!,2025-01-15,blog
https://blog.naver.com/PostView.naver?blogId=hanssem70&logNo=223716358847&categoryNo=0&parentCategoryNo=0&viewDate=&currentPage=18&postListTopCurrentPage=&from=menu,한샘 리하우스 안심보장 시스템 알아보기!ᅵ한샘 인테리어 ᅵ리모델링ᅵAS보증ᅵ전자계약서ᅵ 정품자재,2025-01-12,blog
https://blog.naver.com/PostView.naver?blogId=hanssem70&logNo=223713706226&categoryNo=0&parentCategoryNo=0&viewDate=&currentPage=18&postListTopCurrentPage=&from=menu,인천 부평 인테리어│인천 부평구 대덕 리치아노 108평 인테리어,2025-01-10,blog
https://blog.naver.com/PostView.naver?blogId=hanssem70&logNo=223717571125&categoryNo=0&parentCategoryNo=0&viewDate=&currentPage=18&postListTopCurrentPage=&from=menu,[이달의 신제품] 세상 가장 아늑한 공간을 만들어줄 패브릭침대 4종,2025-01-08,blog
https://blog.naver.com/PostView.naver?blogId=hanssem70&logNo=223717343763&categoryNo=0&parentCategoryNo=0&viewDate=&currentPage=18&postListTopCurrentPage=&from=menu,[이달의 신제품]따로 또 같이 한샘 '스테디 컴피 패밀리침대',2025-01-07,blog
https://blog.naver.com/PostView.naver?blogId=hanssem70&logNo=223716260178&categoryNo=0&parentCategoryNo=0&viewDate=&currentPage=18&postListTopCurrentPage=&from=menu,"한샘 2025 새해맞이 혜택, 1월 쌤위크(16~120)",2025-01-06,blog
https://blog.naver.com/PostView.naver?blogId=hanssem70&logNo=223713735950&categoryNo=0&parentCategoryNo=0&viewDate=&currentPage=19&postListTopCurrentPage=&from=menu,한샘 공식 앰버서더 한샘홈크루 Lite기 모집 (~25.01.12),2025-01-06,blog
https://blog.naver.com/PostView.naver?blogId=hanssem70&logNo=223706856991&categoryNo=0&parentCategoryNo=0&viewDate=&currentPage=19&postListTopCurrentPage=&from=menu,24년 한샘 키친 인테리어 트렌드 결산! 키친 키워드로 살펴보기,2024-12-29,blog
https://blog.naver.com/PostView.naver?blogId=hanssem70&logNo=223706731770&categoryNo=0&parentCategoryNo=0&viewDate=&currentPage=19&postListTopCurrentPage=&from=menu,요즘 꼭 해야 하는 연령별 자녀방 인테리어 아이템 추천!,2024-12-27,blog
https://blog.naver.com/PostView.naver?blogId=hanssem70&logNo=223704297281&categoryNo=0&parentCategoryNo=0&viewDate=&currentPage=19&postListTopCurrentPage=&from=menu,[이달의 신제품]어느 공간에도 잘 어우러니는 한샘 '볼릭 세라믹식탁',2024-12-24,blog
https://blog.naver.com/PostView.naver?blogId=hanssem70&logNo=223697995963&categoryNo=0&parentCategoryNo=0&viewDate=&currentPage=19&postListTopCurrentPage=&from=menu,여의도동 인테리어│여의도 대우트럼프월드 50평 인테리어,2024-12-23,blog
https://blog.naver.com/PostView.naver?blogId=hanssem70&logNo=223689943708&categoryNo=0&parentCategoryNo=0&viewDate=&currentPage=20&postListTopCurrentPage=&from=menu,"요즘 거실 인테리어 아이템 추천! best 거실장, 사이드테이블 모음",2024-12-18,blog
https://blog.naver.com/PostView.naver?blogId=hanssem70&logNo=223692355199&categoryNo=0&parentCategoryNo=0&viewDate=&currentPage=20&postListTopCurrentPage=&from=menu,"2024 연말결산 올해 마지막 혜택, 12월 쌤위크(1216~1230)",2024-12-16,blog
https://blog.naver.com/PostView.naver?blogId=hanssem70&logNo=223691285694&categoryNo=0&parentCategoryNo=0&viewDate=&currentPage=20&postListTopCurrentPage=&from=menu,우리 아이를 위한 5가지 혜택 ᅵ 한샘 신학기 클럽 (129 ~ 331),2024-12-15,blog
https://blog.naver.com/PostView.naver?blogId=hanssem70&logNo=223690044589&categoryNo=0&parentCategoryNo=0&viewDate=&currentPage=20&postListTopCurrentPage=&from=menu,[EVENT] 좁은 자녀방 가구배치 고민을 보내주세요! 한샘 책상&침대를 제공해 드립니다,2024-12-13,blog
https://blog.naver.com/PostView.naver?blogId=hanssem70&logNo=223689629632&categoryNo=0&parentCategoryNo=0&viewDate=&currentPage=20&postListTopCurrentPage=&from=menu,을지로 인테리어│을지로5가 삼성파크빌│30평 인테리어,2024-12-12,blog
https://blog.naver.com/PostView.naver?blogId=hanssem70&logNo=223687701419&categoryNo=0&parentCategoryNo=0&viewDate=&currentPage=21&postListTopCurrentPage=&from=menu,욕실 인테리어 팁! 욕실 수납장은 이렇게 해보세요 ᅵ한샘바스가 제안하는 욕실 수납 솔루션,2024-12-10,blog
https://blog.naver.com/PostView.naver?blogId=hanssem70&logNo=223687610008&categoryNo=0&parentCategoryNo=0&viewDate=&currentPage=21&postListTopCurrentPage=&from=menu,"아이의 성장에 맞춰 더 세심하게, 한샘 책상",2024-12-09,blog
https://blog.naver.com/PostView.naver?blogId=hanssem70&logNo=223683585683&categoryNo=0&parentCategoryNo=0&viewDate=&currentPage=21&postListTopCurrentPage=&from=menu,역삼동 인테리어│역삼동 래미안 그레이튼 52평 아파트 인테리어,2024-12-06,blog
https://blog.naver.com/PostView.naver?blogId=hanssem70&logNo=223683488882&categoryNo=0&parentCategoryNo=0&viewDate=&currentPage=21&postListTopCurrentPage=&from=menu,[이달의 신제품] 우리 가족의 플레이그라운드 한샘 '스위브소파',2024-12-05,blog
https://blog.naver.com/PostView.naver?blogId=hanssem70&logNo=223682068959&categoryNo=0&parentCategoryNo=0&viewDate=&currentPage=21&postListTopCurrentPage=&from=menu,[EVENT] 우리 아이 책상 고민을 보내주세요! 한샘 책상을 제공해드립니다,2024-12-04,blog
https://blog.naver.com/PostView.naver?blogId=hanssem70&logNo=223673613738&categoryNo=0&parentCategoryNo=0&viewDate=&currentPage=22&postListTopCurrentPage=&from=menu,서초동 인테리어│LG에클라트 36평,2024-12-01,blog
https://blog.naver.com/PostView.naver?blogId=hanssem70&logNo=223675635683&categoryNo=0&parentCategoryNo=0&viewDate=&currentPage=22&postListTopCurrentPage=&from=menu,한샘 공식 앰버서더 한샘홈크루 2기 모집 (~12.03),2024-11-29,blog
https://blog.naver.com/PostView.naver?blogId=hanssem70&logNo=223675523938&categoryNo=0&parentCategoryNo=0&viewDate=&currentPage=22&postListTopCurrentPage=&from=menu,"미리 준비하는 연말 홈파티 꾸미기, 인테리어 필수템 추천!",2024-11-28,blog
https://blog.naver.com/PostView.naver?blogId=hanssem70&logNo=223673665168&categoryNo=0&parentCategoryNo=0&viewDate=&currentPage=22&postListTopCurrentPage=&from=menu,[이달의 신제품] 좁은 공간을 더 넓게 쓰는 한샘 '티오 멀티책상 세트',2024-11-27,blog
https://blog.naver.com/PostView.naver?blogId=hanssem70&logNo=223672301702&categoryNo=0&parentCategoryNo=0&viewDate=&currentPage=22&postListTopCurrentPage=&from=menu,[아이는 책상에서 자란다] 육아 전문가 이민주가 선택한 한샘 '샘키즈' 추천,2024-11-26,blog
https://blog.naver.com/PostView.naver?blogId=hanssem70&logNo=223667117030&categoryNo=0&parentCategoryNo=0&viewDate=&currentPage=23&postListTopCurrentPage=&from=menu,잠실동 인테리어│레이크 팰리스 아파트 34평,2024-11-22,blog
https://blog.naver.com/PostView.naver?blogId=hanssem70&logNo=223666303640&categoryNo=0&parentCategoryNo=0&viewDate=&currentPage=23&postListTopCurrentPage=&from=menu,[이달의 신제품] 등받이 전체가 움직여 모두에게 편한 한샘 '리프소파',2024-11-20,blog
https://blog.naver.com/PostView.naver?blogId=hanssem70&logNo=223665219119&categoryNo=0&parentCategoryNo=0&viewDate=&currentPage=23&postListTopCurrentPage=&from=menu,미리 준비하는 집콕 겨울 리빙 아이템 추천!,2024-11-19,blog
https://blog.naver.com/PostView.naver?blogId=hanssem70&logNo=223664930647&categoryNo=0&parentCategoryNo=0&viewDate=&currentPage=23&postListTopCurrentPage=&from=menu,2025 한샘 학생방 신제품 출시 이벤트 (1118-128),2024-11-18,blog
https://blog.naver.com/PostView.naver?blogId=hanssem70&logNo=223664699458&categoryNo=0&parentCategoryNo=0&viewDate=&currentPage=23&postListTopCurrentPage=&from=menu,"고객 만족도 1위 기념, 고객 감사 특별 이벤트 11월 한샘 쌤위크(1118~122)",2024-11-18,blog
https://blog.naver.com/PostView.naver?blogId=hanssem70&logNo=223657048870&categoryNo=0&parentCategoryNo=0&viewDate=&currentPage=24&postListTopCurrentPage=&from=menu,잠실 인테리어│잠실 리센츠 아파트 38평,2024-11-13,blog
https://blog.naver.com/PostView.naver?blogId=hanssem70&logNo=223647757204&categoryNo=0&parentCategoryNo=0&viewDate=&currentPage=24&postListTopCurrentPage=&from=menu,"요즘 키친 인테리어 트렌드, 한샘 올인원 후드일체형 인덕션 쿡탑",2024-11-07,blog
https://blog.naver.com/PostView.naver?blogId=hanssem70&logNo=223646379811&categoryNo=0&parentCategoryNo=0&viewDate=&currentPage=24&postListTopCurrentPage=&from=menu,"가을, 겨울맞이 수납 정리 옷정리 한샘 아이템 추천!",2024-11-05,blog
https://blog.naver.com/PostView.naver?blogId=hanssem70&logNo=223641486012&categoryNo=0&parentCategoryNo=0&viewDate=&currentPage=24&postListTopCurrentPage=&from=menu,[이달의 신제품] 지금이 창호를 바꿀 가장 좋은 타이밍,2024-11-01,blog
https://blog.naver.com/PostView.naver?blogId=hanssem70&logNo=223627458882&categoryNo=0&parentCategoryNo=0&viewDate=&currentPage=24&postListTopCurrentPage=&from=menu,[NO.53 KITCHEN] 목동 인테리어 │ 하이페리온 65평,2024-10-29,blog
https://blog.naver.com/PostView.naver?blogId=hanssem70&logNo=223636445613&categoryNo=0&parentCategoryNo=0&viewDate=&currentPage=25&postListTopCurrentPage=&from=menu,"하루 만에 완성하는 SEAMLESS 욕실, 한샘 NEW 판넬욕실 시공후기",2024-10-28,blog
https://blog.naver.com/PostView.naver?blogId=hanssem70&logNo=223627792746&categoryNo=0&parentCategoryNo=0&viewDate=&currentPage=25&postListTopCurrentPage=&from=menu,"[이달의 신제품] 미니멀 인테리어의 완성, 스텝도어",2024-10-27,blog
https://blog.naver.com/PostView.naver?blogId=hanssem70&logNo=223630580133&categoryNo=0&parentCategoryNo=0&viewDate=&currentPage=25&postListTopCurrentPage=&from=menu,[홈스냅] ep.2 작은방을 과감하게 키친으로 만든 34평형 키친,2024-10-25,blog
https://blog.naver.com/PostView.naver?blogId=hanssem70&logNo=223627230219&categoryNo=0&parentCategoryNo=0&viewDate=&currentPage=25&postListTopCurrentPage=&from=menu,"화학 물질, 제대로 알고 있나요 폼알데하이드",2024-10-23,blog
https://blog.naver.com/PostView.naver?blogId=hanssem70&logNo=223627687334&categoryNo=0&parentCategoryNo=0&viewDate=&currentPage=25&postListTopCurrentPage=&from=menu,"[이달의 신제품] 아이의 안전한 첫 공간을 완성하는, 한샘 '샘키즈 데이베드'",2024-10-22,blog
https://blog.naver.com/PostView.naver?blogId=hanssem70&logNo=223627685947&categoryNo=0&parentCategoryNo=0&viewDate=&currentPage=26&postListTopCurrentPage=&from=menu,"[이달의 신제품] 아이의 성장에 맞게 사용하는, 한샘 '샘키즈 키큰옷장'",2024-10-22,blog
https://blog.naver.com/PostView.naver?blogId=hanssem70&logNo=223623611048&categoryNo=0&parentCategoryNo=0&viewDate=&currentPage=26&postListTopCurrentPage=&from=menu,"아이 방, 자녀방 인테리어 꾸미기 꼭 해야할 가구 아이템 추천!",2024-10-19,blog
https://blog.naver.com/PostView.naver?blogId=hanssem70&logNo=223621227311&categoryNo=0&parentCategoryNo=0&viewDate=&currentPage=26&postListTopCurrentPage=&from=menu,[NO.91 KITCHEN] 화곡동 인테리어 │ 강서 힐스테이트 48평,2024-10-18,blog
https://blog.naver.com/PostView.naver?blogId=hanssem70&logNo=223618211186&categoryNo=0&parentCategoryNo=0&viewDate=&currentPage=26&postListTopCurrentPage=&from=menu,"[이달의 신제품] 나만의 홈바로 만드는, 한샘 소파 '어폰 홈바형 리클라이너'",2024-10-15,blog
https://blog.naver.com/PostView.naver?blogId=hanssem70&logNo=223613457902&categoryNo=0&parentCategoryNo=0&viewDate=&currentPage=26&postListTopCurrentPage=&from=menu,여기가 성수동 핫플! 홈카페 '키친 인테리어' 알아보기,2024-10-11,blog
https://blog.naver.com/PostView.naver?blogId=hanssem70&logNo=223606718949&categoryNo=0&parentCategoryNo=0&viewDate=&currentPage=27&postListTopCurrentPage=&from=menu,요즘 신혼부부들이 주목하는 '신혼 인테리어' 아이템 추천!,2024-10-08,blog
https://blog.naver.com/PostView.naver?blogId=hanssem70&logNo=223602300748&categoryNo=0&parentCategoryNo=0&viewDate=&currentPage=27&postListTopCurrentPage=&from=menu,[NO.52 KITCHEN] 성북구 인테리어 │ 안암동 다세대주택 43평,2024-10-03,blog
https://blog.naver.com/PostView.naver?blogId=hanssem70&logNo=223601642245&categoryNo=0&parentCategoryNo=0&viewDate=&currentPage=27&postListTopCurrentPage=&from=menu,"최대 85 할인, 2024 한샘 세일 이벤트 쌤페스타 (930~1028)",2024-09-30,blog
https://blog.naver.com/PostView.naver?blogId=hanssem70&logNo=223597429115&categoryNo=0&parentCategoryNo=0&viewDate=&currentPage=27&postListTopCurrentPage=&from=menu,"[이달의 신제품] 섬세한 붓터치 질감의 품격 있는, 한샘 '터치 붙박이장'",2024-09-27,blog
https://blog.naver.com/PostView.naver?blogId=hanssem70&logNo=223595858600&categoryNo=0&parentCategoryNo=0&viewDate=&currentPage=27&postListTopCurrentPage=&from=menu,[홈스냅] ep.1 집밥 마니아 신혼부부의 32평형 키친,2024-09-26,blog
https://blog.naver.com/PostView.naver?blogId=hanssem70&logNo=223594961990&categoryNo=0&parentCategoryNo=0&viewDate=&currentPage=28&postListTopCurrentPage=&from=menu,엔지니어드 스톤 키친 상판이 좋은 이유 5,2024-09-25,blog
https://blog.naver.com/PostView.naver?blogId=hanssem70&logNo=223594639581&categoryNo=0&parentCategoryNo=0&viewDate=&currentPage=28&postListTopCurrentPage=&from=menu,한샘 최대 세일 쌤페스타 사전알림 신청 이벤트,2024-09-24,blog
https://blog.naver.com/PostView.naver?blogId=hanssem70&logNo=223588312855&categoryNo=0&parentCategoryNo=0&viewDate=&currentPage=28&postListTopCurrentPage=&from=menu,"키친의 꽃, 수전만 잘 골라도 확 사는 키친",2024-09-19,blog
https://blog.naver.com/PostView.naver?blogId=hanssem70&logNo=223579454120&categoryNo=0&parentCategoryNo=0&viewDate=&currentPage=28&postListTopCurrentPage=&from=menu,[NO.51 KITCHEN] 용산 인테리어 │ 후암동 쉐어하우스 주방 6평,2024-09-14,blog
https://blog.naver.com/PostView.naver?blogId=hanssem70&logNo=223579318771&categoryNo=0&parentCategoryNo=0&viewDate=&currentPage=28&postListTopCurrentPage=&from=menu,"[이달의 신제품] 부드러운 감도가 더해진, 한샘 키친 밀란 무드 '샌드오크&그레이오크'",2024-09-12,blog
https://blog.naver.com/PostView.naver?blogId=hanssem70&logNo=223579119965&categoryNo=0&parentCategoryNo=0&viewDate=&currentPage=29&postListTopCurrentPage=&from=menu,모델 한혜진이 선택한 '한샘 호텔침대',2024-09-11,blog
https://blog.naver.com/PostView.naver?blogId=hanssem70&logNo=223573296977&categoryNo=0&parentCategoryNo=0&viewDate=&currentPage=29&postListTopCurrentPage=&from=menu,"온 가족이 함께하는, 6인용 한샘 다이닝 식탁 5 추천!",2024-09-09,blog
https://blog.naver.com/PostView.naver?blogId=hanssem70&logNo=223570944229&categoryNo=0&parentCategoryNo=0&viewDate=&currentPage=29&postListTopCurrentPage=&from=menu,"구조 변경할 결심, 대면형 주방 인테리어 알아보기",2024-09-06,blog
https://blog.naver.com/PostView.naver?blogId=hanssem70&logNo=223569342918&categoryNo=0&parentCategoryNo=0&viewDate=&currentPage=29&postListTopCurrentPage=&from=menu,"[이달의 신제품] 한층 더 트렌디해진, 한샘 유로 키친 '매트 웜코튼'",2024-09-05,blog
https://blog.naver.com/PostView.naver?blogId=hanssem70&logNo=223569083576&categoryNo=0&parentCategoryNo=0&viewDate=&currentPage=29&postListTopCurrentPage=&from=menu,"추석맞이 풍성한 혜택, 9월 한샘 쌤위크 (92~99)",2024-09-02,blog
https://blog.naver.com/PostView.naver?blogId=hanssem70&logNo=223564864527&categoryNo=0&parentCategoryNo=0&viewDate=&currentPage=30&postListTopCurrentPage=&from=menu,[NO.72 KITCHEN] 방배 인테리어 │ 방배 롯데캐슬헤론 63평,2024-08-30,blog
https://blog.naver.com/PostView.naver?blogId=hanssem70&logNo=223560880993&categoryNo=0&parentCategoryNo=0&viewDate=&currentPage=30&postListTopCurrentPage=&from=menu,호텔침대로 완성한 한혜진의 휴식 루틴,2024-08-27,blog
https://blog.naver.com/PostView.naver?blogId=hanssem70&logNo=223558245034&categoryNo=0&parentCategoryNo=0&viewDate=&currentPage=30&postListTopCurrentPage=&from=menu,"[이달의 신제품] 평범한 욕실을 호텔 욕실로, 한샘 바스 4",2024-08-26,blog
https://blog.naver.com/PostView.naver?blogId=hanssem70&logNo=223555803281&categoryNo=0&parentCategoryNo=0&viewDate=&currentPage=30&postListTopCurrentPage=&from=menu,한샘 목동점 리뉴얼 오픈 이벤트 (~930),2024-08-25,blog
https://blog.naver.com/PostView.naver?blogId=hanssem70&logNo=223555402706&categoryNo=0&parentCategoryNo=0&viewDate=&currentPage=30&postListTopCurrentPage=&from=menu,"[이달의 신제품] 앉아도 누워도 편한, 플랩 소파",2024-08-22,blog
https://blog.naver.com/PostView.naver?blogId=hanssem70&logNo=223554249620&categoryNo=0&parentCategoryNo=0&viewDate=&currentPage=31&postListTopCurrentPage=&from=menu,부산 인테리어│금정구 부곡 쌍용아파트 40평,2024-08-21,blog
https://blog.naver.com/PostView.naver?blogId=hanssem70&logNo=223553121754&categoryNo=0&parentCategoryNo=0&viewDate=&currentPage=31&postListTopCurrentPage=&from=menu,"숨은 공간 찾기, '주방 인테리어' 히든 공간 알아보기",2024-08-20,blog
https://blog.naver.com/PostView.naver?blogId=hanssem70&logNo=223550008587&categoryNo=0&parentCategoryNo=0&viewDate=&currentPage=31&postListTopCurrentPage=&from=menu,"습한 여름, 물때 걱정 없이 편리한 '욕실 인테리어' 알아보기",2024-08-18,blog
https://blog.naver.com/PostView.naver?blogId=hanssem70&logNo=223547902487&categoryNo=0&parentCategoryNo=0&viewDate=&currentPage=31&postListTopCurrentPage=&from=menu,"신혼집 침대 찾고 있다면, 한샘 호텔침대 5 추천!",2024-08-15,blog
https://blog.naver.com/PostView.naver?blogId=hanssem70&logNo=223541815378&categoryNo=0&parentCategoryNo=0&viewDate=&currentPage=31&postListTopCurrentPage=&from=menu,[NO.71 KITCHEN] 광주 인테리어 │ 광주 첨단GS자이 58평,2024-08-13,blog
https://blog.naver.com/PostView.naver?blogId=hanssem70&logNo=223545247244&categoryNo=0&parentCategoryNo=0&viewDate=&currentPage=32&postListTopCurrentPage=&from=menu,"호텔룸이 집으로, 한샘 호텔침대",2024-08-12,blog
https://blog.naver.com/PostView.naver?blogId=hanssem70&logNo=223539313667&categoryNo=0&parentCategoryNo=0&viewDate=&currentPage=32&postListTopCurrentPage=&from=menu,[NO.21 KITCHEN] 청라 인테리어 │ 청라 린스트라우스 49평,2024-08-10,blog
https://blog.naver.com/PostView.naver?blogId=hanssem70&logNo=223538500361&categoryNo=0&parentCategoryNo=0&viewDate=&currentPage=32&postListTopCurrentPage=&from=menu,"[이달의 신제품] 호텔의 편안함을 그대로, 호텔침대 어반글로우",2024-08-08,blog
https://blog.naver.com/PostView.naver?blogId=hanssem70&logNo=223536901570&categoryNo=0&parentCategoryNo=0&viewDate=&currentPage=32&postListTopCurrentPage=&from=menu,부산 인테리어│연제구 연산자이아파트 32평,2024-08-06,blog
https://blog.naver.com/PostView.naver?blogId=hanssem70&logNo=223537040564&categoryNo=0&parentCategoryNo=0&viewDate=&currentPage=32&postListTopCurrentPage=&from=menu,집에서 즐기는 호캉스 8월 한샘 쌤위크 (85~819),2024-08-05,blog
https://blog.naver.com/PostView.naver?blogId=hanssem70&logNo=223533071714&categoryNo=0&parentCategoryNo=0&viewDate=&currentPage=33&postListTopCurrentPage=&from=menu,[NO.31 KITCHEN] 잠실 인테리어 │ 잠실 파크리오 아파트 33평,2024-08-02,blog
https://blog.naver.com/PostView.naver?blogId=hanssem70&logNo=223531783460&categoryNo=0&parentCategoryNo=0&viewDate=&currentPage=33&postListTopCurrentPage=&from=menu,"[이달의 신제품] 더 새로워진 한샘 국민 옷장 샘베딩 '퓨어, 무드'",2024-08-01,blog
https://blog.naver.com/PostView.naver?blogId=hanssem70&logNo=223525226598&categoryNo=0&parentCategoryNo=0&viewDate=&currentPage=33&postListTopCurrentPage=&from=menu,부산 인테리어│해운대 대우마리나2차아파트 47평,2024-07-25,blog
https://blog.naver.com/PostView.naver?blogId=hanssem70&logNo=223521660271&categoryNo=0&parentCategoryNo=0&viewDate=&currentPage=33&postListTopCurrentPage=&from=menu,[NO.22 KITCHEN] 청라 인테리어 │ 청라 에일린의 뜰 아파트 34평,2024-07-22,blog
https://blog.naver.com/PostView.naver?blogId=hanssem70&logNo=223513453199&categoryNo=0&parentCategoryNo=0&viewDate=&currentPage=33&postListTopCurrentPage=&from=menu,한샘 분당점 리뉴얼 오픈 이벤트 (~831),2024-07-19,blog
https://blog.naver.com/PostView.naver?blogId=hanssem70&logNo=223516799747&categoryNo=0&parentCategoryNo=0&viewDate=&currentPage=34&postListTopCurrentPage=&from=menu,[NO.32 KITCHEN] 부산 인테리어 │ 해운대더샵센텀파크 40평,2024-07-18,blog
https://blog.naver.com/PostView.naver?blogId=hanssem70&logNo=223506862525&categoryNo=0&parentCategoryNo=0&viewDate=&currentPage=34&postListTopCurrentPage=&from=menu,"라이프스타일에 맞춘 큐레이션 키친 NO.1 KITCHEN, 한샘 유로",2024-07-09,blog
https://blog.naver.com/PostView.naver?blogId=hanssem70&logNo=223505077390&categoryNo=0&parentCategoryNo=0&viewDate=&currentPage=34&postListTopCurrentPage=&from=menu,[이달의 신제품] 거실에 고급스러움을 더해줄 뉴플루드 소파,2024-07-09,blog
https://blog.naver.com/PostView.naver?blogId=hanssem70&logNo=223505078852&categoryNo=0&parentCategoryNo=0&viewDate=&currentPage=34&postListTopCurrentPage=&from=menu,매월 찾아오는 2주간의 리빙 트렌드 7월 한샘 쌤위크 (78~722),2024-07-08,blog
https://blog.naver.com/PostView.naver?blogId=hanssem70&logNo=223494287745&categoryNo=0&parentCategoryNo=0&viewDate=&currentPage=34&postListTopCurrentPage=&from=menu,[이달의 신제품] 완벽한 휴식을 위한 한샘 어폰 리클라이너 소파,2024-06-30,blog
https://blog.naver.com/PostView.naver?blogId=hanssem70&logNo=223489610285&categoryNo=0&parentCategoryNo=0&viewDate=&currentPage=35&postListTopCurrentPage=&from=menu,잠원 롯데캐슬 39평벽을 철거하고 한강뷰 주방으로,2024-06-24,blog
https://blog.naver.com/PostView.naver?blogId=hanssem70&logNo=223486843227&categoryNo=0&parentCategoryNo=0&viewDate=&currentPage=35&postListTopCurrentPage=&from=menu,"신혼부부라면 꼭 봐야할, 추천 가구 BEST 5",2024-06-21,blog
https://blog.naver.com/PostView.naver?blogId=hanssem70&logNo=223484424551&categoryNo=0&parentCategoryNo=0&viewDate=&currentPage=35&postListTopCurrentPage=&from=menu,수원 아이파크 시티 40평트렌디하게 완성한 미니멀 인테리어,2024-06-19,blog
https://blog.naver.com/PostView.naver?blogId=hanssem70&logNo=223477016019&categoryNo=0&parentCategoryNo=0&viewDate=&currentPage=35&postListTopCurrentPage=&from=menu,한샘 분당점 리하우스 리뉴얼 오픈 이벤트 (~ 731),2024-06-14,blog
https://blog.naver.com/PostView.naver?blogId=hanssem70&logNo=223474430022&categoryNo=0&parentCategoryNo=0&viewDate=&currentPage=35&postListTopCurrentPage=&from=menu,한샘 공식 앰버서더 한샘홈크루 모집 (~06.17),2024-06-10,blog
https://blog.naver.com/PostView.naver?blogId=hanssem70&logNo=223470011175&categoryNo=0&parentCategoryNo=0&viewDate=&currentPage=36&postListTopCurrentPage=&from=menu,"6월 한샘 쌤위크, 상반기 결산 (63~617)",2024-06-05,blog
https://blog.naver.com/PostView.naver?blogId=hanssem70&logNo=223427635904&categoryNo=0&parentCategoryNo=0&viewDate=&currentPage=36&postListTopCurrentPage=&from=menu,하하 & 별 부부의 집 - 컴포트내추럴 스타일의 밝고 따뜻한 집,2024-04-29,blog
https://blog.naver.com/PostView.naver?blogId=hanssem70&logNo=223419169104&categoryNo=0&parentCategoryNo=0&viewDate=&currentPage=36&postListTopCurrentPage=&from=menu,안양 관악역이안아파트한샘 마블스퀘어 강마루 시공후기,2024-04-24,blog
https://blog.naver.com/PostView.naver?blogId=hanssem70&logNo=223410072332&categoryNo=0&parentCategoryNo=0&viewDate=&currentPage=36&postListTopCurrentPage=&from=menu,마포구 망원동 주택 인테리어한샘 장판 휴2.2T 시공후기,2024-04-17,blog
https://blog.naver.com/PostView.naver?blogId=hanssem70&logNo=223412486248&categoryNo=0&parentCategoryNo=0&viewDate=&currentPage=36&postListTopCurrentPage=&from=menu,"[한샘 신제품] 한혜진 pick! 시그니처 붙박이장│폴딩도어, 와이드장",2024-04-16,blog
https://blog.naver.com/PostView.naver?blogId=hanssem70&logNo=223408953882&categoryNo=0&parentCategoryNo=0&viewDate=&currentPage=37&postListTopCurrentPage=&from=menu,한샘 인테리어 스타일에디션 - 밝고 따뜻한 분위기의 '컴포트내추럴',2024-04-12,blog
https://blog.naver.com/PostView.naver?blogId=hanssem70&logNo=223409424460&categoryNo=0&parentCategoryNo=0&viewDate=&currentPage=37&postListTopCurrentPage=&from=menu,광교두산위브 인테리어브러쉬 와이드 마루 시공후기,2024-04-10,blog
https://blog.naver.com/PostView.naver?blogId=hanssem70&logNo=223404338969&categoryNo=0&parentCategoryNo=0&viewDate=&currentPage=37&postListTopCurrentPage=&from=menu,[한샘 사회공헌] 그룹홈 환경개선. group home my home!,2024-04-08,blog
https://blog.naver.com/PostView.naver?blogId=hanssem70&logNo=223397821647&categoryNo=0&parentCategoryNo=0&viewDate=&currentPage=37&postListTopCurrentPage=&from=menu,신월동 대주파크빌 인테리어한샘 휴3.5T 시공후기,2024-04-03,blog
https://blog.naver.com/PostView.naver?blogId=hanssem70&logNo=223391593619&categoryNo=0&parentCategoryNo=0&viewDate=&currentPage=37&postListTopCurrentPage=&from=menu,경동윈츠리버 인테리어마블스퀘어 강마루 시공후기,2024-03-27,blog
https://blog.naver.com/PostView.naver?blogId=hanssem70&logNo=223391577207&categoryNo=0&parentCategoryNo=0&viewDate=&currentPage=38&postListTopCurrentPage=&from=menu,"한샘바스 시공사례 [서귀포 영어교육도시, 로맨틱하고 밝은 욕실]",2024-03-25,blog
https://blog.naver.com/PostView.naver?blogId=hanssem70&logNo=223380746753&categoryNo=0&parentCategoryNo=0&viewDate=&currentPage=38&postListTopCurrentPage=&from=menu,수원 장안구 신한한일아파트 인테리어한샘 장판 휴3.5T 시공후기,2024-03-20,blog
https://blog.naver.com/PostView.naver?blogId=hanssem70&logNo=223386837628&categoryNo=0&parentCategoryNo=0&viewDate=&currentPage=38&postListTopCurrentPage=&from=menu,"최대 85 할인, 역대급 리빙 프로모션 한샘 쌤페스타",2024-03-18,blog
https://blog.naver.com/PostView.naver?blogId=hanssem70&logNo=223375031212&categoryNo=0&parentCategoryNo=0&viewDate=&currentPage=38&postListTopCurrentPage=&from=menu,광교마을 45단지 인테리어한샘 마블스퀘어 강마루 시공후기,2024-03-13,blog
https://blog.naver.com/PostView.naver?blogId=hanssem70&logNo=223367756954&categoryNo=0&parentCategoryNo=0&viewDate=&currentPage=38&postListTopCurrentPage=&from=menu,도곡렉슬아파트 인테리어한샘 브러쉬 와이드 강마루 시공후기,2024-03-06,blog
https://blog.naver.com/PostView.naver?blogId=hanssem70&logNo=223367597156&categoryNo=0&parentCategoryNo=0&viewDate=&currentPage=39&postListTopCurrentPage=&from=menu,한샘바스 시공사례 [트렌디한 아이보리 판넬욕실 유로5 매트오크],2024-03-04,blog
https://blog.naver.com/PostView.naver?blogId=hanssem70&logNo=223366725851&categoryNo=0&parentCategoryNo=0&viewDate=&currentPage=39&postListTopCurrentPage=&from=menu,"한샘 아이방특화매장, 롯데수원점롯데광복점 오픈!",2024-03-02,blog
https://blog.naver.com/PostView.naver?blogId=hanssem70&logNo=223366515318&categoryNo=0&parentCategoryNo=0&viewDate=&currentPage=39&postListTopCurrentPage=&from=menu,우아한 세련미가 돋보이는 스타일에디션 '세미클래식',2024-03-01,blog
https://blog.naver.com/PostView.naver?blogId=hanssem70&logNo=223358022965&categoryNo=0&parentCategoryNo=0&viewDate=&currentPage=39&postListTopCurrentPage=&from=menu,중후한 우드컬러의 스타일에디션 '젠틀브라운',2024-02-28,blog
https://blog.naver.com/PostView.naver?blogId=hanssem70&logNo=223354451963&categoryNo=0&parentCategoryNo=0&viewDate=&currentPage=39&postListTopCurrentPage=&from=menu,차분한 그레이컬러의 스타일에디션 '어반시크',2024-02-23,blog
https://blog.naver.com/PostView.naver?blogId=hanssem70&logNo=223354386578&categoryNo=0&parentCategoryNo=0&viewDate=&currentPage=40&postListTopCurrentPage=&from=menu,석수LG빌리지 인테리어한샘 장판 휴2.2T 시공,2024-02-21,blog
https://blog.naver.com/PostView.naver?blogId=hanssem70&logNo=223353437714&categoryNo=0&parentCategoryNo=0&viewDate=&currentPage=40&postListTopCurrentPage=&from=menu,돈암동 한신한진아파트 인테리어한샘 마블스퀘어 강마루 시공후기,2024-02-16,blog
https://blog.naver.com/PostView.naver?blogId=hanssem70&logNo=223354633391&categoryNo=0&parentCategoryNo=0&viewDate=&currentPage=40&postListTopCurrentPage=&from=menu,라이프스타일에 맞는 붙박이장 수납 공간 활용법 3가지,2024-02-15,blog
https://blog.naver.com/PostView.naver?blogId=hanssem70&logNo=223354605999&categoryNo=0&parentCategoryNo=0&viewDate=&currentPage=40&postListTopCurrentPage=&from=menu,좁은 주방에 딱 맞는 아일랜드 식탁 BEST 3 추천!,2024-02-15,blog
https://blog.naver.com/PostView.naver?blogId=hanssem70&logNo=223354595650&categoryNo=0&parentCategoryNo=0&viewDate=&currentPage=40&postListTopCurrentPage=&from=menu,호텔 침실 완성하는 템바보드 인테리어 추천템 3가지,2024-02-15,blog
https://blog.naver.com/PostView.naver?blogId=hanssem70&logNo=223352424594&categoryNo=0&parentCategoryNo=0&viewDate=&currentPage=41&postListTopCurrentPage=&from=menu,"2024 한샘 코리아빌드위크, 역대 최대 혜택 찬스",2024-02-13,blog
https://blog.naver.com/PostView.naver?blogId=hanssem70&logNo=223348179520&categoryNo=0&parentCategoryNo=0&viewDate=&currentPage=41&postListTopCurrentPage=&from=menu,부드러운 화이트컬러의 스타일에디션 '소프트화이트',2024-02-12,blog
https://blog.naver.com/PostView.naver?blogId=hanssem70&logNo=223348418028&categoryNo=0&parentCategoryNo=0&viewDate=&currentPage=41&postListTopCurrentPage=&from=menu,수납 유형에 따른 안방 붙박이장 추천템 Top 3,2024-02-08,blog
https://blog.naver.com/PostView.naver?blogId=hanssem70&logNo=223348410277&categoryNo=0&parentCategoryNo=0&viewDate=&currentPage=41&postListTopCurrentPage=&from=menu,호텔침대 프레임 3가지로 호텔 인테리어 완성하기!,2024-02-08,blog
https://blog.naver.com/PostView.naver?blogId=hanssem70&logNo=223348398154&categoryNo=0&parentCategoryNo=0&viewDate=&currentPage=41&postListTopCurrentPage=&from=menu,"한샘 소파 베드 추천 TOP 4, 장단점부터 가격까지!",2024-02-08,blog
https://blog.naver.com/PostView.naver?blogId=hanssem70&logNo=223345555018&categoryNo=0&parentCategoryNo=0&viewDate=&currentPage=42&postListTopCurrentPage=&from=menu,문화촌현대아파트 인테리어 한샘 장판 휴2.2T 시공 후기,2024-02-07,blog
https://blog.naver.com/PostView.naver?blogId=hanssem70&logNo=223340988065&categoryNo=0&parentCategoryNo=0&viewDate=&currentPage=42&postListTopCurrentPage=&from=menu,한샘 광주수완점 리뉴얼 오픈,2024-02-05,blog
https://blog.naver.com/PostView.naver?blogId=hanssem70&logNo=223341650777&categoryNo=0&parentCategoryNo=0&viewDate=&currentPage=42&postListTopCurrentPage=&from=menu,나에게 맞는 인테리어 스타일은 한샘이 제안하는 6가지 스타일에디션,2024-02-02,blog
https://blog.naver.com/PostView.naver?blogId=hanssem70&logNo=223340898448&categoryNo=0&parentCategoryNo=0&viewDate=&currentPage=42&postListTopCurrentPage=&from=menu,"우리집 침실을 호텔처럼, 호텔침대 추천 BEST 3",2024-02-01,blog
https://blog.naver.com/PostView.naver?blogId=hanssem70&logNo=223340886318&categoryNo=0&parentCategoryNo=0&viewDate=&currentPage=42&postListTopCurrentPage=&from=menu,"우리 집 첫인상, 현관 인테리어 완성하는 현관 중문 3가지 추천!",2024-02-01,blog
https://blog.naver.com/PostView.naver?blogId=hanssem70&logNo=223340869968&categoryNo=0&parentCategoryNo=0&viewDate=&currentPage=43&postListTopCurrentPage=&from=menu,오랫동안 사랑받는 인테리어컨셉 종류와 시공사례 추천 4,2024-02-01,blog
https://blog.naver.com/PostView.naver?blogId=hanssem70&logNo=223340531059&categoryNo=0&parentCategoryNo=0&viewDate=&currentPage=43&postListTopCurrentPage=&from=menu,한샘의 새 얼굴을 소개합니다,2024-02-01,blog
https://blog.naver.com/PostView.naver?blogId=hanssem70&logNo=223332348217&categoryNo=0&parentCategoryNo=0&viewDate=&currentPage=43&postListTopCurrentPage=&from=menu,한샘 스타일패키지 공간 활용법! 나에게 맞는 침실 찾기,2024-01-31,blog
https://blog.naver.com/PostView.naver?blogId=hanssem70&logNo=223332316063&categoryNo=0&parentCategoryNo=0&viewDate=&currentPage=43&postListTopCurrentPage=&from=menu,"일상 속 온전한 쉼의 공간, 한샘 호텔침대",2024-01-30,blog
https://blog.naver.com/PostView.naver?blogId=hanssem70&logNo=223331010056&categoryNo=0&parentCategoryNo=0&viewDate=&currentPage=43&postListTopCurrentPage=&from=menu,한샘 스타일패키지 공간 활용법! 우리 집 라이프스타일에 맞는 거실 찾기,2024-01-29,blog
https://blog.naver.com/PostView.naver?blogId=hanssem70&logNo=223333581748&categoryNo=0&parentCategoryNo=0&viewDate=&currentPage=44&postListTopCurrentPage=&from=menu,한샘 스타필드 수원점 GRAND OPEN,2024-01-26,blog
https://blog.naver.com/PostView.naver?blogId=hanssem70&logNo=223333686882&categoryNo=0&parentCategoryNo=0&viewDate=&currentPage=44&postListTopCurrentPage=&from=menu,책상 의자 고를 때 고려할 점은 책상 의자 3가지 추천!,2024-01-25,blog
https://blog.naver.com/PostView.naver?blogId=hanssem70&logNo=223333678253&categoryNo=0&parentCategoryNo=0&viewDate=&currentPage=44&postListTopCurrentPage=&from=menu,욕실 리모델링을 완성하는 판넬 시공 상품 추천 TOP 4,2024-01-25,blog
https://blog.naver.com/PostView.naver?blogId=hanssem70&logNo=223325073537&categoryNo=0&parentCategoryNo=0&viewDate=&currentPage=44&postListTopCurrentPage=&from=menu,마블스퀘어 강마루솔트화이트강서구 송촌스페이스향집안에 화사한 감성 더하기,2024-01-25,blog
https://blog.naver.com/PostView.naver?blogId=hanssem70&logNo=223327638074&categoryNo=0&parentCategoryNo=0&viewDate=&currentPage=44&postListTopCurrentPage=&from=menu,수면 형태에 따른 매트리스 추천 3가지,2024-01-19,blog
https://blog.naver.com/PostView.naver?blogId=hanssem70&logNo=223326575264&categoryNo=0&parentCategoryNo=0&viewDate=&currentPage=45&postListTopCurrentPage=&from=menu,수납 고민 해결하는 수납 침대 추천템 4가지!,2024-01-18,blog
https://blog.naver.com/PostView.naver?blogId=hanssem70&logNo=223326558059&categoryNo=0&parentCategoryNo=0&viewDate=&currentPage=45&postListTopCurrentPage=&from=menu,"20-40평형, 거실 인테리어 이쁜 집 2탄",2024-01-18,blog
https://blog.naver.com/PostView.naver?blogId=hanssem70&logNo=223325048938&categoryNo=0&parentCategoryNo=0&viewDate=&currentPage=45&postListTopCurrentPage=&from=menu,2024 한샘 중문 신제품 '유닛 슬라이딩' 출시!,2024-01-17,blog
https://blog.naver.com/PostView.naver?blogId=hanssem70&logNo=223324099491&categoryNo=0&parentCategoryNo=0&viewDate=&currentPage=45&postListTopCurrentPage=&from=menu,한샘 스타필드 수원점 GRAND OPEN,2024-01-16,blog
https://blog.naver.com/PostView.naver?blogId=hanssem70&logNo=223319278585&categoryNo=0&parentCategoryNo=0&viewDate=&currentPage=45&postListTopCurrentPage=&from=menu,허리가 편안한 하드 매트리스 추천템 Top 3,2024-01-11,blog
https://blog.naver.com/PostView.naver?blogId=hanssem70&logNo=223319266925&categoryNo=0&parentCategoryNo=0&viewDate=&currentPage=46&postListTopCurrentPage=&from=menu,"아이방 수납 포인트, 아이 책장 4가지 소개",2024-01-11,blog
https://blog.naver.com/PostView.naver?blogId=hanssem70&logNo=223319253557&categoryNo=0&parentCategoryNo=0&viewDate=&currentPage=46&postListTopCurrentPage=&from=menu,"20-40평형, 거실 인테리어 이쁜 집 1탄",2024-01-11,blog
https://blog.naver.com/PostView.naver?blogId=hanssem70&logNo=223312016957&categoryNo=0&parentCategoryNo=0&viewDate=&currentPage=46&postListTopCurrentPage=&from=menu,마블스퀘어 강마루사하라라이트목동 하이페리온화이트와 베이지가 함께 어울리는 감성,2024-01-11,blog
https://blog.naver.com/PostView.naver?blogId=hanssem70&logNo=223311377370&categoryNo=0&parentCategoryNo=0&viewDate=&currentPage=46&postListTopCurrentPage=&from=menu,"가족의 건강까지 생각하는 핸들, 한샘 창호 호페핸들",2024-01-08,blog
https://blog.naver.com/PostView.naver?blogId=hanssem70&logNo=223313328142&categoryNo=0&parentCategoryNo=0&viewDate=&currentPage=46&postListTopCurrentPage=&from=menu,초등학생 책상 3가지 추천! 아이에게 맞는 책상 형태는,2024-01-05,blog
https://blog.naver.com/PostView.naver?blogId=hanssem70&logNo=223313309986&categoryNo=0&parentCategoryNo=0&viewDate=&currentPage=47&postListTopCurrentPage=&from=menu,오랜 시간 작업을 편하게 해주는 책상 의자 추천 3,2024-01-05,blog
https://blog.naver.com/PostView.naver?blogId=hanssem70&logNo=223313237043&categoryNo=0&parentCategoryNo=0&viewDate=&currentPage=47&postListTopCurrentPage=&from=menu,트렌디한 홈도어 스타일 살펴보기 2편_한샘 도어 상품 4,2024-01-05,blog
https://blog.naver.com/PostView.naver?blogId=hanssem70&logNo=223304622173&categoryNo=0&parentCategoryNo=0&viewDate=&currentPage=47&postListTopCurrentPage=&from=menu,[2024 신년 한샘 리하우스 매장 이벤트],2024-01-02,blog
https://blog.naver.com/PostView.naver?blogId=hanssem70&logNo=223305636270&categoryNo=0&parentCategoryNo=0&viewDate=&currentPage=47&postListTopCurrentPage=&from=menu,[한샘 사회공헌] 충남 논산 소방서 반월 119안전센터 환경개선,2023-12-29,blog
https://blog.naver.com/PostView.naver?blogId=hanssem70&logNo=223306471317&categoryNo=0&parentCategoryNo=0&viewDate=&currentPage=47&postListTopCurrentPage=&from=menu,"신학기 필수품, 초등학생 책상 추천 가이드 3",2023-12-29,blog
https://blog.naver.com/PostView.naver?blogId=hanssem70&logNo=223305934323&categoryNo=0&parentCategoryNo=0&viewDate=&currentPage=48&postListTopCurrentPage=&from=menu,효율적인 공간 활용을 도와주는 리빙 다이닝 식탁 BEST 3,2023-12-28,blog
https://blog.naver.com/PostView.naver?blogId=hanssem70&logNo=223305802945&categoryNo=0&parentCategoryNo=0&viewDate=&currentPage=48&postListTopCurrentPage=&from=menu,트렌디한 홈도어 스타일 살펴보기 1편_홈도어 종류 5,2023-12-28,blog
https://blog.naver.com/PostView.naver?blogId=hanssem70&logNo=223293757665&categoryNo=0&parentCategoryNo=0&viewDate=&currentPage=48&postListTopCurrentPage=&from=menu,한샘 스타일패키지 공간 활용법! 내 아이를 위한 맞춤 공간 만들기,2023-12-27,blog
https://blog.naver.com/PostView.naver?blogId=hanssem70&logNo=223299512862&categoryNo=0&parentCategoryNo=0&viewDate=&currentPage=48&postListTopCurrentPage=&from=menu,아이방 수납력 높이는 TIP! 수납 가구 3가지 추천,2023-12-21,blog
https://blog.naver.com/PostView.naver?blogId=hanssem70&logNo=223299492078&categoryNo=0&parentCategoryNo=0&viewDate=&currentPage=48&postListTopCurrentPage=&from=menu,"학생의자, 디자인과 기능성 다 잡은 Top3 제품",2023-12-21,blog
https://blog.naver.com/PostView.naver?blogId=hanssem70&logNo=223299462166&categoryNo=0&parentCategoryNo=0&viewDate=&currentPage=49&postListTopCurrentPage=&from=menu,엔틱 인테리어를 완성하는 방법 2편 - 엔틱 조명 활용하기!,2023-12-21,blog
https://blog.naver.com/PostView.naver?blogId=hanssem70&logNo=223293828396&categoryNo=0&parentCategoryNo=0&viewDate=&currentPage=49&postListTopCurrentPage=&from=menu,[한샘 사회 공헌] 광주 동부 소방서 지산 119안전 센터 환경개선,2023-12-20,blog
https://blog.naver.com/PostView.naver?blogId=hanssem70&logNo=223293675373&categoryNo=0&parentCategoryNo=0&viewDate=&currentPage=49&postListTopCurrentPage=&from=menu,초등학생 방 꾸미기 추천템 Best 5,2023-12-15,blog
https://blog.naver.com/PostView.naver?blogId=hanssem70&logNo=223293656483&categoryNo=0&parentCategoryNo=0&viewDate=&currentPage=49&postListTopCurrentPage=&from=menu,세라믹 식탁의 장점과 추천 식탁 Best 3,2023-12-15,blog
https://blog.naver.com/PostView.naver?blogId=hanssem70&logNo=223293633836&categoryNo=0&parentCategoryNo=0&viewDate=&currentPage=49&postListTopCurrentPage=&from=menu,엔틱 인테리어를 완성하는 방법 1편 - 엔틱 가구 활용하기!,2023-12-15,blog
https://blog.naver.com/PostView.naver?blogId=hanssem70&logNo=223285688232&categoryNo=0&parentCategoryNo=0&viewDate=&currentPage=50&postListTopCurrentPage=&from=menu,나만의 서재 만들기 _ 공간솔루션,2023-12-15,blog
https://blog.naver.com/PostView.naver?blogId=hanssem70&logNo=223291494891&categoryNo=0&parentCategoryNo=0&viewDate=&currentPage=50&postListTopCurrentPage=&from=menu,[시공사례] 아트월 미가루버 은평구 시공사례 _ L027-W,2023-12-14,blog
https://blog.naver.com/PostView.naver?blogId=hanssem70&logNo=223284438282&categoryNo=0&parentCategoryNo=0&viewDate=&currentPage=50&postListTopCurrentPage=&from=menu,"겨울 추위를 막아주는 든든한 우리 집 방패, 한샘 시스템 창",2023-12-12,blog
https://blog.naver.com/PostView.naver?blogId=hanssem70&logNo=223286597842&categoryNo=0&parentCategoryNo=0&viewDate=&currentPage=50&postListTopCurrentPage=&from=menu,아이방 꾸미기 꿀템 샘키즈 라인 추천 5가지!,2023-12-08,blog
https://blog.naver.com/PostView.naver?blogId=hanssem70&logNo=223286584203&categoryNo=0&parentCategoryNo=0&viewDate=&currentPage=50&postListTopCurrentPage=&from=menu,"4인 리클라이너의 다양한 매력, 무브미 소파 추천 4",2023-12-08,blog
https://blog.naver.com/PostView.naver?blogId=hanssem70&logNo=223278935455&categoryNo=0&parentCategoryNo=0&viewDate=&currentPage=51&postListTopCurrentPage=&from=menu,[시공사례] 한샘 벽지 '메종' 은평구 시공사례 _ 심플베이직(M005-3),2023-12-08,blog
https://blog.naver.com/PostView.naver?blogId=hanssem70&logNo=223286565293&categoryNo=0&parentCategoryNo=0&viewDate=&currentPage=51&postListTopCurrentPage=&from=menu,주방 아일랜드로 트렌디한 키친 만드는 2가지 방법,2023-12-08,blog
https://blog.naver.com/PostView.naver?blogId=hanssem70&logNo=223278921110&categoryNo=0&parentCategoryNo=0&viewDate=&currentPage=51&postListTopCurrentPage=&from=menu,[한샘 사회공헌] 충북 음성소방서 음성 119안전 센터 환경개선,2023-12-04,blog
https://blog.naver.com/PostView.naver?blogId=hanssem70&logNo=223280119423&categoryNo=0&parentCategoryNo=0&viewDate=&currentPage=51&postListTopCurrentPage=&from=menu,미니멀한 주방 리모델링을 위한 한샘 키친 유로 300 조합 3,2023-12-01,blog
https://blog.naver.com/PostView.naver?blogId=hanssem70&logNo=223280080716&categoryNo=0&parentCategoryNo=0&viewDate=&currentPage=51&postListTopCurrentPage=&from=menu,집에서 만나보는 아늑한 호텔 침대 Best 3,2023-12-01,blog
https://blog.naver.com/PostView.naver?blogId=hanssem70&logNo=223280053045&categoryNo=0&parentCategoryNo=0&viewDate=&currentPage=52&postListTopCurrentPage=&from=menu,"모던 키친, 아파트 주방 인테리어 추천 Best 3",2023-12-01,blog
https://blog.naver.com/PostView.naver?blogId=hanssem70&logNo=223276925163&categoryNo=0&parentCategoryNo=0&viewDate=&currentPage=52&postListTopCurrentPage=&from=menu,가을겨울딥톤으로 꾸민 심리스하우스 소개,2023-11-28,blog
https://blog.naver.com/PostView.naver?blogId=hanssem70&logNo=223272671653&categoryNo=0&parentCategoryNo=0&viewDate=&currentPage=52&postListTopCurrentPage=&from=menu,"반려견과 함께 사는 아파트, 한샘바스 판넬욕실 시공후기",2023-11-23,blog
https://blog.naver.com/PostView.naver?blogId=hanssem70&logNo=223272751205&categoryNo=0&parentCategoryNo=0&viewDate=&currentPage=52&postListTopCurrentPage=&from=menu,당신의 편안한 숙면을 위한 침대 매트리스 추천 3,2023-11-23,blog
https://blog.naver.com/PostView.naver?blogId=hanssem70&logNo=223272729559&categoryNo=0&parentCategoryNo=0&viewDate=&currentPage=52&postListTopCurrentPage=&from=menu,트렌디한 천연가죽 소파 제품 TOP 4,2023-11-23,blog
https://blog.naver.com/PostView.naver?blogId=hanssem70&logNo=223272708545&categoryNo=0&parentCategoryNo=0&viewDate=&currentPage=53&postListTopCurrentPage=&from=menu,아파트 중문 시공 가이드 STEP 3!,2023-11-23,blog
https://blog.naver.com/PostView.naver?blogId=hanssem70&logNo=223272495664&categoryNo=0&parentCategoryNo=0&viewDate=&currentPage=53&postListTopCurrentPage=&from=menu,대한민국 대표 리빙 페스티벌 쌤페스타,2023-11-23,blog
https://blog.naver.com/PostView.naver?blogId=hanssem70&logNo=223267540831&categoryNo=0&parentCategoryNo=0&viewDate=&currentPage=53&postListTopCurrentPage=&from=menu,[한샘 사회 공헌] 전북 전주 완산 소방서 교동 119안전 센터 환경개선,2023-11-19,blog
https://blog.naver.com/PostView.naver?blogId=hanssem70&logNo=223267287237&categoryNo=0&parentCategoryNo=0&viewDate=&currentPage=53&postListTopCurrentPage=&from=menu,한샘 주방 인테리어 Best 3와 인기 상품 추천,2023-11-17,blog
https://blog.naver.com/PostView.naver?blogId=hanssem70&logNo=223267269483&categoryNo=0&parentCategoryNo=0&viewDate=&currentPage=53&postListTopCurrentPage=&from=menu,가죽 vs 패브릭 종류별 인기 소파 추천 4,2023-11-17,blog
https://blog.naver.com/PostView.naver?blogId=hanssem70&logNo=223267256002&categoryNo=0&parentCategoryNo=0&viewDate=&currentPage=54&postListTopCurrentPage=&from=menu,원목 인테리어 방법과 원목 가구 추천템 3 소개,2023-11-17,blog
https://blog.naver.com/PostView.naver?blogId=hanssem70&logNo=223260345277&categoryNo=0&parentCategoryNo=0&viewDate=&currentPage=54&postListTopCurrentPage=&from=menu,단숨에 감성 홈카페 완성! 한샘 가구 바 체어 Best 3,2023-11-09,blog
https://blog.naver.com/PostView.naver?blogId=hanssem70&logNo=223260324134&categoryNo=0&parentCategoryNo=0&viewDate=&currentPage=54&postListTopCurrentPage=&from=menu,"한샘 인테리어 조명 추천 2편 - 펜던트 조명, 보조간접등 BEST 4",2023-11-09,blog
https://blog.naver.com/PostView.naver?blogId=hanssem70&logNo=223260306869&categoryNo=0&parentCategoryNo=0&viewDate=&currentPage=54&postListTopCurrentPage=&from=menu,한샘 인테리어 조명 추천 1편 - 장식 조명 벽 등 BEST 4,2023-11-09,blog
https://blog.naver.com/PostView.naver?blogId=hanssem70&logNo=223258147611&categoryNo=0&parentCategoryNo=0&viewDate=&currentPage=54&postListTopCurrentPage=&from=menu,"한샘 트렌드 컬러, 매그놀리아 부엌",2023-11-09,blog
https://blog.naver.com/PostView.naver?blogId=hanssem70&logNo=223254664071&categoryNo=0&parentCategoryNo=0&viewDate=&currentPage=55&postListTopCurrentPage=&from=menu,[스테이플러스 X 생활공작소] 콜라보 의류관리 기프트 세트 증정 이벤트,2023-11-06,blog
https://blog.naver.com/PostView.naver?blogId=hanssem70&logNo=223250630311&categoryNo=0&parentCategoryNo=0&viewDate=&currentPage=55&postListTopCurrentPage=&from=menu,[신상품] 집에서 즐기는 호캉스! 포시즌 7 일마 매트리스 출시,2023-11-02,blog
https://blog.naver.com/PostView.naver?blogId=hanssem70&logNo=223252831628&categoryNo=0&parentCategoryNo=0&viewDate=&currentPage=55&postListTopCurrentPage=&from=menu,가을 인테리어를 고민하는 당신을 위한 추천 제품 리스트 4,2023-11-01,blog
https://blog.naver.com/PostView.naver?blogId=hanssem70&logNo=223252811953&categoryNo=0&parentCategoryNo=0&viewDate=&currentPage=55&postListTopCurrentPage=&from=menu,판넬시공 장단점 및 추천 제품 소개 List 3,2023-11-01,blog
https://blog.naver.com/PostView.naver?blogId=hanssem70&logNo=223252790132&categoryNo=0&parentCategoryNo=0&viewDate=&currentPage=55&postListTopCurrentPage=&from=menu,타일시공 특징부터 추천 제품 BEST 3 소개까지!,2023-11-01,blog
https://blog.naver.com/PostView.naver?blogId=hanssem70&logNo=223241939034&categoryNo=0&parentCategoryNo=0&viewDate=&currentPage=56&postListTopCurrentPage=&from=menu,"더 스마트해진 우리 집, 한샘 스마트홈 (한샘 x 삼성)",2023-10-25,blog
https://blog.naver.com/PostView.naver?blogId=hanssem70&logNo=223245277556&categoryNo=0&parentCategoryNo=0&viewDate=&currentPage=56&postListTopCurrentPage=&from=menu,[한샘 사회공헌] 경상북도 영주소방서 순흥119지역대 환경개선,2023-10-24,blog
https://blog.naver.com/PostView.naver?blogId=hanssem70&logNo=223239874709&categoryNo=0&parentCategoryNo=0&viewDate=&currentPage=56&postListTopCurrentPage=&from=menu,[한샘 사회공헌] 부산 동래소방서 사직119안전센터 환경개선,2023-10-18,blog
https://blog.naver.com/PostView.naver?blogId=hanssem70&logNo=223221141586&categoryNo=0&parentCategoryNo=0&viewDate=&currentPage=56&postListTopCurrentPage=&from=menu,"추석 선물 추천, 한샘 리클라이너 소파 Best 5",2023-09-25,blog
https://blog.naver.com/PostView.naver?blogId=hanssem70&logNo=223212437400&categoryNo=0&parentCategoryNo=0&viewDate=&currentPage=56&postListTopCurrentPage=&from=menu,[신제품] 아이방 인테리어 고민 해결! 샘키즈 교구장 출시,2023-09-24,blog
https://blog.naver.com/PostView.naver?blogId=hanssem70&logNo=223217916796&categoryNo=0&parentCategoryNo=0&viewDate=&currentPage=57&postListTopCurrentPage=&from=menu,"23 FW 한샘 리빙, 기본에 충실하게 혜택은 화려하게",2023-09-23,blog
https://blog.naver.com/PostView.naver?blogId=hanssem70&logNo=223212398832&categoryNo=0&parentCategoryNo=0&viewDate=&currentPage=57&postListTopCurrentPage=&from=menu,[한샘 사회 공헌] 고양 119지역대 소방센터 환경개선,2023-09-22,blog
https://blog.naver.com/PostView.naver?blogId=hanssem70&logNo=223214887729&categoryNo=0&parentCategoryNo=0&viewDate=&currentPage=57&postListTopCurrentPage=&from=menu,한샘디자인파크 스타필드 안성점 RENEWAL OPEN🎉,2023-09-19,blog
https://blog.naver.com/PostView.naver?blogId=hanssem70&logNo=223206105665&categoryNo=0&parentCategoryNo=0&viewDate=&currentPage=57&postListTopCurrentPage=&from=menu,[한샘 노후 소방서 리모델링 프로젝트  삼학 119안전 센터 편],2023-09-08,blog
https://blog.naver.com/PostView.naver?blogId=hanssem70&logNo=223199792554&categoryNo=0&parentCategoryNo=0&viewDate=&currentPage=57&postListTopCurrentPage=&from=menu,원하는 공간만 살면서 빠르게! 부분리모델링 심플패키지,2023-09-01,blog
https://blog.naver.com/PostView.naver?blogId=hanssem70&logNo=223195737967&categoryNo=0&parentCategoryNo=0&viewDate=&currentPage=58&postListTopCurrentPage=&from=menu,"[한샘 도어] 미니멀 인테리어의 완성, 미니멀한 크기의 홈도어 핸들 신제품 출시!",2023-08-31,blog
https://blog.naver.com/PostView.naver?blogId=hanssem70&logNo=223193402041&categoryNo=0&parentCategoryNo=0&viewDate=&currentPage=58&postListTopCurrentPage=&from=menu,"내 취향대로 꾸민 우리 집, 창호도 내 맘에 들게 바꿀 순 없을까 한샘 밀란창호 리뉴얼 출시!",2023-08-29,blog
https://blog.naver.com/PostView.naver?blogId=hanssem70&logNo=223189153946&categoryNo=0&parentCategoryNo=0&viewDate=&currentPage=58&postListTopCurrentPage=&from=menu,[한샘벽지 메종] 모던하고 깔끔한 프리미엄 벽지 메종 _ 모노 베이직(M004) 시공사례,2023-08-27,blog
https://blog.naver.com/PostView.naver?blogId=hanssem70&logNo=223187043253&categoryNo=0&parentCategoryNo=0&viewDate=&currentPage=58&postListTopCurrentPage=&from=menu,여름에 어울리는 블루포인트 인테리어,2023-08-21,blog
https://blog.naver.com/PostView.naver?blogId=hanssem70&logNo=223186831704&categoryNo=0&parentCategoryNo=0&viewDate=&currentPage=58&postListTopCurrentPage=&from=menu,[한샘 제품 소개] 스테이 플러스 드레스룸 출시,2023-08-19,blog
https://blog.naver.com/PostView.naver?blogId=hanssem70&logNo=223179085857&categoryNo=0&parentCategoryNo=0&viewDate=&currentPage=59&postListTopCurrentPage=&from=menu,"마곡 수명산파크, 한샘바스 신제품 시공사례",2023-08-11,blog
https://blog.naver.com/PostView.naver?blogId=hanssem70&logNo=223178185361&categoryNo=0&parentCategoryNo=0&viewDate=&currentPage=59&postListTopCurrentPage=&from=menu,[신제품] 보니타 침실세트 출시! 고급 미와 실용성을 동시에-,2023-08-11,blog
https://blog.naver.com/PostView.naver?blogId=hanssem70&logNo=223179121273&categoryNo=0&parentCategoryNo=0&viewDate=&currentPage=59&postListTopCurrentPage=&from=menu,"대한민국 대표 리빙 페스티벌, 쌤페스타 오픈",2023-08-10,blog
https://blog.naver.com/PostView.naver?blogId=hanssem70&logNo=223176833200&categoryNo=0&parentCategoryNo=0&viewDate=&currentPage=59&postListTopCurrentPage=&from=menu,집안을 더욱 내추럴하고 특별하게 _ 미가루버 시공사례,2023-08-07,blog
https://blog.naver.com/PostView.naver?blogId=hanssem70&logNo=223171028334&categoryNo=0&parentCategoryNo=0&viewDate=&currentPage=59&postListTopCurrentPage=&from=menu,호텔 같은 모던 베이지 스타일 인테리어 - 40평대 리모델링,2023-08-05,blog
https://blog.naver.com/PostView.naver?blogId=hanssem70&logNo=223172626342&categoryNo=0&parentCategoryNo=0&viewDate=&currentPage=60&postListTopCurrentPage=&from=menu,[한샘 사회공헌] 강원도 양구 해안119지역대,2023-08-02,blog
https://blog.naver.com/PostView.naver?blogId=hanssem70&logNo=223167690522&categoryNo=0&parentCategoryNo=0&viewDate=&currentPage=60&postListTopCurrentPage=&from=menu,[시공사례] 프리미엄 한샘 벽지 메종,2023-07-31,blog
https://blog.naver.com/PostView.naver?blogId=hanssem70&logNo=223158587506&categoryNo=0&parentCategoryNo=0&viewDate=&currentPage=60&postListTopCurrentPage=&from=menu,미니멀 인테리어에 '유니크' 한 개성을 더하는 방법,2023-07-17,blog
https://blog.naver.com/PostView.naver?blogId=hanssem70&logNo=223151634162&categoryNo=0&parentCategoryNo=0&viewDate=&currentPage=60&postListTopCurrentPage=&from=menu,"[한샘 제품 소개] 감각적인 깔끔함, 유로 505 노엘 슬라이딩 붙박이장 출시",2023-07-10,blog
https://blog.naver.com/PostView.naver?blogId=hanssem70&logNo=223142878343&categoryNo=0&parentCategoryNo=0&viewDate=&currentPage=60&postListTopCurrentPage=&from=menu,[EVENT] 7월 한샘몰 쿠폰 & 혜택,2023-07-01,blog
https://blog.naver.com/PostView.naver?blogId=hanssem70&logNo=223141284704&categoryNo=0&parentCategoryNo=0&viewDate=&currentPage=61&postListTopCurrentPage=&from=menu,"[한샘 제품 소개] 뮤트 드레스룸의 새로운 스타일! 뮤트 프렌치, 뮤트 베이지 출시",2023-06-30,blog
https://blog.naver.com/PostView.naver?blogId=hanssem70&logNo=223136677659&categoryNo=0&parentCategoryNo=0&viewDate=&currentPage=61&postListTopCurrentPage=&from=menu,"[한샘 제품 소개] 나만의 붙박이장 그리다! 엣지있는 컬러와 수납, 스케치 엣지 붙박이장 출시",2023-06-27,blog
https://blog.naver.com/PostView.naver?blogId=hanssem70&logNo=223135968060&categoryNo=0&parentCategoryNo=0&viewDate=&currentPage=61&postListTopCurrentPage=&from=menu,2023 한샘 부엌 벽 마감재 키친판넬 리뉴얼,2023-06-24,blog
https://blog.naver.com/PostView.naver?blogId=hanssem70&logNo=223129838784&categoryNo=0&parentCategoryNo=0&viewDate=&currentPage=61&postListTopCurrentPage=&from=menu,트렌디한 인테리어 이렇게 하세요! (미니멀 st),2023-06-18,blog
https://blog.naver.com/PostView.naver?blogId=hanssem70&logNo=223130380520&categoryNo=0&parentCategoryNo=0&viewDate=&currentPage=61&postListTopCurrentPage=&from=menu,"MVME, 무브미를 스타필드 고양에서 만나보세요.",2023-06-17,blog
https://blog.naver.com/PostView.naver?blogId=hanssem70&logNo=223128830382&categoryNo=0&parentCategoryNo=0&viewDate=&currentPage=62&postListTopCurrentPage=&from=menu,집안을 더욱 내추럴하고 특별하게 _ 미가루버,2023-06-16,blog
https://blog.naver.com/PostView.naver?blogId=hanssem70&logNo=223129447521&categoryNo=0&parentCategoryNo=0&viewDate=&currentPage=62&postListTopCurrentPage=&from=menu,세미클래식 스타일 인테리어 현장 소개,2023-06-15,blog
https://blog.naver.com/PostView.naver?blogId=hanssem70&logNo=223126931435&categoryNo=0&parentCategoryNo=0&viewDate=&currentPage=62&postListTopCurrentPage=&from=menu,[시공사례] 한샘 프리미엄 벽지 메종으로 미니멀 인테리어 완성!,2023-06-14,blog
https://blog.naver.com/PostView.naver?blogId=hanssem70&logNo=223122572719&categoryNo=0&parentCategoryNo=0&viewDate=&currentPage=62&postListTopCurrentPage=&from=menu,[한샘 제품 소개] 여유로운 호텔 침실을 완성하는 클래식 전용 낮은 파우더장 출시!,2023-06-08,blog
https://blog.naver.com/PostView.naver?blogId=hanssem70&logNo=223122576757&categoryNo=0&parentCategoryNo=0&viewDate=&currentPage=62&postListTopCurrentPage=&from=menu,[한샘 제품 소개] 트렌디한 루바디자인 포인트의 클래식 전용 루바형 파우더장 출시!,2023-06-08,blog
https://blog.naver.com/PostView.naver?blogId=hanssem70&logNo=223120921072&categoryNo=0&parentCategoryNo=0&viewDate=&currentPage=63&postListTopCurrentPage=&from=menu,"새로운 리클라이너 브랜드, MVME 무브미를 소개합니다.",2023-06-07,blog
https://blog.naver.com/PostView.naver?blogId=hanssem70&logNo=223120949600&categoryNo=0&parentCategoryNo=0&viewDate=&currentPage=63&postListTopCurrentPage=&from=menu,2023 한샘플로링 신상품 마블스퀘어 강마루,2023-06-05,blog
https://blog.naver.com/PostView.naver?blogId=hanssem70&logNo=223110687777&categoryNo=0&parentCategoryNo=0&viewDate=&currentPage=63&postListTopCurrentPage=&from=menu,MVME 무브미 브랜드 런칭,2023-05-24,blog
https://blog.naver.com/PostView.naver?blogId=hanssem70&logNo=223109420133&categoryNo=0&parentCategoryNo=0&viewDate=&currentPage=63&postListTopCurrentPage=&from=menu,[한샘 도어] 더욱 깊어진 리얼 우드 패턴의 '유로3 내추럴도어' 출시!,2023-05-23,blog
https://blog.naver.com/PostView.naver?blogId=hanssem70&logNo=223103746782&categoryNo=0&parentCategoryNo=0&viewDate=&currentPage=63&postListTopCurrentPage=&from=menu,"[MVME] 프리랜서 작가와 삼남매의 소파 활용법, 지금 미리 공개합니다",2023-05-17,blog
https://blog.naver.com/PostView.naver?blogId=hanssem70&logNo=223099384538&categoryNo=0&parentCategoryNo=0&viewDate=&currentPage=64&postListTopCurrentPage=&from=menu,한샘디자인파크 스타필드하남점 RENEWAL OPEN🎉,2023-05-12,blog
https://blog.naver.com/PostView.naver?blogId=hanssem70&logNo=223099228769&categoryNo=0&parentCategoryNo=0&viewDate=&currentPage=64&postListTopCurrentPage=&from=menu,특별한 일상을 선물하세요! 원하는 공간만 쏙쏙 고치는 '한샘 심플패키지',2023-05-11,blog
https://blog.naver.com/PostView.naver?blogId=hanssem70&logNo=223092530343&categoryNo=0&parentCategoryNo=0&viewDate=&currentPage=64&postListTopCurrentPage=&from=menu,한샘 패밀리세일에서 최대 할인받고 100 당첨 경품 이벤트에도 참여하세요!,2023-05-03,blog
https://blog.naver.com/PostView.naver?blogId=hanssem70&logNo=223087501783&categoryNo=0&parentCategoryNo=0&viewDate=&currentPage=64&postListTopCurrentPage=&from=menu,"[한샘 제품 소개] 호텔 같은 감각적인 모던클래식 붙박이장, 유로500 첼시 출시!",2023-04-28,blog
https://blog.naver.com/PostView.naver?blogId=hanssem70&logNo=223086451779&categoryNo=0&parentCategoryNo=0&viewDate=&currentPage=64&postListTopCurrentPage=&from=menu,천연 질감과 차별화된 디자인으로 리뉴얼되다 _ 한샘벽지 메종,2023-04-27,blog
https://blog.naver.com/PostView.naver?blogId=hanssem70&logNo=223078240742&categoryNo=0&parentCategoryNo=0&viewDate=&currentPage=65&postListTopCurrentPage=&from=menu,살면서 쉽고 빠르게 이사 없이 리모델링하기 - 심플패키지 -,2023-04-19,blog
https://blog.naver.com/PostView.naver?blogId=hanssem70&logNo=223070382406&categoryNo=0&parentCategoryNo=0&viewDate=&currentPage=65&postListTopCurrentPage=&from=menu,한샘 도어 더 새로워진 친환경 표면재 '한샘 유로3 도어',2023-04-14,blog
https://blog.naver.com/PostView.naver?blogId=hanssem70&logNo=223065704462&categoryNo=0&parentCategoryNo=0&viewDate=&currentPage=65&postListTopCurrentPage=&from=menu,한샘디자인파크 고양스타필드점 리뉴얼오픈,2023-04-06,blog
https://blog.naver.com/PostView.naver?blogId=hanssem70&logNo=223057947854&categoryNo=0&parentCategoryNo=0&viewDate=&currentPage=65&postListTopCurrentPage=&from=menu,"2023 신상 욕실, 호텔 같은 습식욕실 한샘바스 밀란7 핏미",2023-03-31,blog
https://blog.naver.com/PostView.naver?blogId=hanssem70&logNo=223060593711&categoryNo=0&parentCategoryNo=0&viewDate=&currentPage=65&postListTopCurrentPage=&from=menu,[2023 쌤페스타] 역대급 리빙 혜택이 터진다!,2023-03-31,blog
https://blog.naver.com/PostView.naver?blogId=hanssem70&logNo=223059872906&categoryNo=0&parentCategoryNo=0&viewDate=&currentPage=66&postListTopCurrentPage=&from=menu,한샘 디자인파크 송파점 GRAND OPEN🎉🎉,2023-03-30,blog
https://blog.naver.com/PostView.naver?blogId=hanssem70&logNo=223058013802&categoryNo=0&parentCategoryNo=0&viewDate=&currentPage=66&postListTopCurrentPage=&from=menu,이사 없이도 편하게! 원하는 공간만 쏙쏙! 우리 집 리모델링 - 심플패키지 -,2023-03-29,blog
https://blog.naver.com/PostView.naver?blogId=hanssem70&logNo=223056593984&categoryNo=0&parentCategoryNo=0&viewDate=&currentPage=66&postListTopCurrentPage=&from=menu,"2023 신상 욕실, 호텔 같은 습식욕실 한샘바스 유로5 타임리스",2023-03-27,blog
https://blog.naver.com/PostView.naver?blogId=hanssem70&logNo=223051071603&categoryNo=0&parentCategoryNo=0&viewDate=&currentPage=66&postListTopCurrentPage=&from=menu,2023 한샘 중문 신제품 한샘 자동중문 두 가지 타입 비교하기!,2023-03-22,blog
https://blog.naver.com/PostView.naver?blogId=hanssem70&logNo=223050014098&categoryNo=0&parentCategoryNo=0&viewDate=&currentPage=66&postListTopCurrentPage=&from=menu,"2023 신상 욕실, 호텔 같은 습식욕실 한샘바스 유로5딥네이처",2023-03-21,blog
https://blog.naver.com/PostView.naver?blogId=hanssem70&logNo=223046826602&categoryNo=0&parentCategoryNo=0&viewDate=&currentPage=67&postListTopCurrentPage=&from=menu,"[EVENT] 어디랑 하든 속지 마시라고, 리모델링 1급정보 한샘이 전체공개! ᅵ 리모델링 필수 앱 한샘몰",2023-03-16,blog
https://blog.naver.com/PostView.naver?blogId=hanssem70&logNo=223043136890&categoryNo=0&parentCategoryNo=0&viewDate=&currentPage=67&postListTopCurrentPage=&from=menu,[한샘 제품 소개] 깔끔한 무몰딩 인테리어를 완성하는 '라인문틀' 출시,2023-03-15,blog
https://blog.naver.com/PostView.naver?blogId=hanssem70&logNo=223043040766&categoryNo=0&parentCategoryNo=0&viewDate=&currentPage=67&postListTopCurrentPage=&from=menu,한샘이 제안하는 2023 SS 라이프스타일 트렌드 - 슬림패키지 비비드 스타일,2023-03-14,blog
https://blog.naver.com/PostView.naver?blogId=hanssem70&logNo=223043104035&categoryNo=0&parentCategoryNo=0&viewDate=&currentPage=67&postListTopCurrentPage=&from=menu,[한샘 제품 소개] NEW 레이어드 패브릭 소파 신제품 출시!,2023-03-14,blog
https://blog.naver.com/PostView.naver?blogId=hanssem70&logNo=223040454993&categoryNo=0&parentCategoryNo=0&viewDate=&currentPage=67&postListTopCurrentPage=&from=menu,한샘리하우스 x 우대빵 부동산 단독&최초 제휴 론칭 이벤트,2023-03-13,blog
https://blog.naver.com/PostView.naver?blogId=hanssem70&logNo=223040497763&categoryNo=0&parentCategoryNo=0&viewDate=&currentPage=68&postListTopCurrentPage=&from=menu,"2023 신상 욕실, 호텔 같은 건식욕실 한샘바스 유로3 갤러리홈",2023-03-13,blog
https://blog.naver.com/PostView.naver?blogId=hanssem70&logNo=223037486695&categoryNo=0&parentCategoryNo=0&viewDate=&currentPage=68&postListTopCurrentPage=&from=menu,"2023 신상 욕실, 호텔 같은 건식욕실 한샘바스 유로3 글램모던",2023-03-07,blog
https://blog.naver.com/PostView.naver?blogId=hanssem70&logNo=223016752231&categoryNo=0&parentCategoryNo=0&viewDate=&currentPage=68&postListTopCurrentPage=&from=menu,원하는 공간만 쏙쏙! 8일 만에 완성되는 우리집 리모델링 - 심플패키지 -,2023-02-27,blog
https://blog.naver.com/PostView.naver?blogId=hanssem70&logNo=223023907752&categoryNo=0&parentCategoryNo=0&viewDate=&currentPage=68&postListTopCurrentPage=&from=menu,"한샘과 함께라면, 살면서도 안심하고 부분공사 '심플패키지 - NEW세이프티서비스'",2023-02-23,blog
https://blog.naver.com/PostView.naver?blogId=hanssem70&logNo=223021495056&categoryNo=0&parentCategoryNo=0&viewDate=&currentPage=68&postListTopCurrentPage=&from=menu,"[한샘 제품 소개] 한샘 벽장재, 와이드 인테리어월 출시!",2023-02-21,blog
https://blog.naver.com/PostView.naver?blogId=hanssem70&logNo=223021490901&categoryNo=0&parentCategoryNo=0&viewDate=&currentPage=69&postListTopCurrentPage=&from=menu,신제품 가득! 고양 매장에서 만나본 한샘도어 & 한샘중문,2023-02-20,blog
https://blog.naver.com/PostView.naver?blogId=hanssem70&logNo=223016247119&categoryNo=0&parentCategoryNo=0&viewDate=&currentPage=69&postListTopCurrentPage=&from=menu,한샘이 제안하는 2023 SS 라이프스타일 트렌드 - 슬림패키지 화이트스타일,2023-02-15,blog
https://blog.naver.com/PostView.naver?blogId=hanssem70&logNo=223010063835&categoryNo=0&parentCategoryNo=0&viewDate=&currentPage=69&postListTopCurrentPage=&from=menu,"부분 리모델링 공사! 한샘과 함께라면, 살면서 쉽고 빠르게 -심플패키지-",2023-02-09,blog
https://blog.naver.com/PostView.naver?blogId=hanssem70&logNo=223009183363&categoryNo=0&parentCategoryNo=0&viewDate=&currentPage=69&postListTopCurrentPage=&from=menu,한샘이 제안하는 2023 SS 라이프스타일 트렌드 - 슬림패키지 뉴트럴스타일,2023-02-08,blog
https://blog.naver.com/PostView.naver?blogId=hanssem70&logNo=222983191003&categoryNo=0&parentCategoryNo=0&viewDate=&currentPage=69&postListTopCurrentPage=&from=menu,[EVENT] 2023년 첫 세일이 밝았어요 - 한샘몰 레드위크!,2023-01-13,blog
https://blog.naver.com/PostView.naver?blogId=hanssem70&logNo=222973661755&categoryNo=0&parentCategoryNo=0&viewDate=&currentPage=70&postListTopCurrentPage=&from=menu,[EVENT] 의자에만 앉으면 엉덩이 가벼운 사람 신상의자 윌링 & 다이브 체험단 모집,2023-01-03,blog
https://blog.naver.com/PostView.naver?blogId=hanssem70&logNo=222969177762&categoryNo=0&parentCategoryNo=0&viewDate=&currentPage=70&postListTopCurrentPage=&from=menu,[한샘 제품 소개] NEW 파사드 듀얼 거실장 출시!,2022-12-29,blog
https://blog.naver.com/PostView.naver?blogId=hanssem70&logNo=222968135940&categoryNo=0&parentCategoryNo=0&viewDate=&currentPage=70&postListTopCurrentPage=&from=menu,"[한샘 제품 소개] 신학기 준비, 한샘에서 한 번에! 티오&조이S2 시리즈",2022-12-28,blog
https://blog.naver.com/PostView.naver?blogId=hanssem70&logNo=222967091096&categoryNo=0&parentCategoryNo=0&viewDate=&currentPage=70&postListTopCurrentPage=&from=menu,[한샘] 하이가드 방범창 3 in 1 '추락방지+방범+방충'의 만능 성능!,2022-12-27,blog
https://blog.naver.com/PostView.naver?blogId=hanssem70&logNo=222953156571&categoryNo=0&parentCategoryNo=0&viewDate=&currentPage=70&postListTopCurrentPage=&from=menu,[EVENT] NEW 포에트 우디 호텔 침대 체험단 모집,2022-12-12,blog
https://blog.naver.com/PostView.naver?blogId=hanssem70&logNo=222950713842&categoryNo=0&parentCategoryNo=0&viewDate=&currentPage=71&postListTopCurrentPage=&from=menu,[EVENT] 한샘 아이방 사전예약 이벤트! 티오&조이S 2,2022-12-09,blog
https://blog.naver.com/PostView.naver?blogId=hanssem70&logNo=222942946840&categoryNo=0&parentCategoryNo=0&viewDate=&currentPage=71&postListTopCurrentPage=&from=menu,[한샘 제품 소개] 제로 그래비티 바흐 707 세리프 1인 리클라이너,2022-12-01,blog
https://blog.naver.com/PostView.naver?blogId=hanssem70&logNo=222940276516&categoryNo=0&parentCategoryNo=0&viewDate=&currentPage=71&postListTopCurrentPage=&from=menu,[EVENT] 신학기 맞이 아이방 사전예약 이벤트,2022-11-28,blog
https://blog.naver.com/PostView.naver?blogId=hanssem70&logNo=222935250752&categoryNo=0&parentCategoryNo=0&viewDate=&currentPage=71&postListTopCurrentPage=&from=menu,[한샘 윈도우] 친환경대전 참가한 환경표지인증 습득제품 밀란창호!,2022-11-22,blog
https://blog.naver.com/PostView.naver?blogId=hanssem70&logNo=222923257058&categoryNo=0&parentCategoryNo=0&viewDate=&currentPage=71&postListTopCurrentPage=&from=menu,[한샘 제품 소개] 한샘 바스 유로로 호텔처럼 예쁜 욕실 인테리어로 바꿔보세요!,2022-11-08,blog
https://blog.naver.com/PostView.naver?blogId=hanssem70&logNo=222923252232&categoryNo=0&parentCategoryNo=0&viewDate=&currentPage=72&postListTopCurrentPage=&from=menu,[한샘 제품 소개] NEW 모아 럭스 패브릭 소파 출시!,2022-11-08,blog
https://blog.naver.com/PostView.naver?blogId=hanssem70&logNo=222922292007&categoryNo=0&parentCategoryNo=0&viewDate=&currentPage=72&postListTopCurrentPage=&from=menu,"[한샘 X 11번가] 11월, 11번가에서 만나는 한샘 가구 초특가!",2022-11-07,blog
https://blog.naver.com/PostView.naver?blogId=hanssem70&logNo=222912046146&categoryNo=0&parentCategoryNo=0&viewDate=&currentPage=72&postListTopCurrentPage=&from=menu,[EVENT] 해피 샘키즈 할로윈! 샘키즈 팝업이벤트에 놀러오세요,2022-10-27,blog
https://blog.naver.com/PostView.naver?blogId=hanssem70&logNo=222910020854&categoryNo=0&parentCategoryNo=0&viewDate=&currentPage=72&postListTopCurrentPage=&from=menu,"[한샘 제품 소개] Live Slow, 유로 605 슬로우 침실세트 리뉴얼 출시",2022-10-25,blog
https://blog.naver.com/PostView.naver?blogId=hanssem70&logNo=222903627869&categoryNo=0&parentCategoryNo=0&viewDate=&currentPage=72&postListTopCurrentPage=&from=menu,[한샘 X 네이버 라이브] 샘키즈마이룸 신상출시기념 네이버 live 특가 예고,2022-10-20,blog
https://blog.naver.com/PostView.naver?blogId=hanssem70&logNo=222903625263&categoryNo=0&parentCategoryNo=0&viewDate=&currentPage=73&postListTopCurrentPage=&from=menu,"[한샘 제품 소개] 은은한 아트월 붙박이장, 바흐 704 스톤 붙박이장 출시",2022-10-19,blog
https://blog.naver.com/PostView.naver?blogId=hanssem70&logNo=222903598802&categoryNo=0&parentCategoryNo=0&viewDate=&currentPage=73&postListTopCurrentPage=&from=menu,[JOB동사니] 정리한 옷만 400벌 김무비의 힙한 드레스룸 완성기 ★ 랜선집들이 │ EP.01 패션수납 김무비편,2022-10-18,blog
https://blog.naver.com/PostView.naver?blogId=hanssem70&logNo=222903435257&categoryNo=0&parentCategoryNo=0&viewDate=&currentPage=73&postListTopCurrentPage=&from=menu,"[EVENT] 한샘 스테이 드레스룸을 구매하고, 호텔파리칠 컬래버 제품을 만나보세요!",2022-10-18,blog
https://blog.naver.com/PostView.naver?blogId=hanssem70&logNo=222897148694&categoryNo=0&parentCategoryNo=0&viewDate=&currentPage=73&postListTopCurrentPage=&from=menu,"[한샘 제품 소개] 무드시리즈 수납으로 공간 맞춤, 취향 맞춤",2022-10-12,blog
https://blog.naver.com/PostView.naver?blogId=hanssem70&logNo=222897147768&categoryNo=0&parentCategoryNo=0&viewDate=&currentPage=73&postListTopCurrentPage=&from=menu,[EVENT] 한샘 신제품 소파 3종 포토 후기 이벤트,2022-10-11,blog
https://blog.naver.com/PostView.naver?blogId=hanssem70&logNo=222897146832&categoryNo=0&parentCategoryNo=0&viewDate=&currentPage=74&postListTopCurrentPage=&from=menu,[EVENT] 해피 샘키즈 할로윈! 샘키즈 팝업 이벤트에 놀러오시고 선물 받아가세요!,2022-10-11,blog
https://blog.naver.com/PostView.naver?blogId=hanssem70&logNo=222887375972&categoryNo=0&parentCategoryNo=0&viewDate=&currentPage=74&postListTopCurrentPage=&from=menu,[한샘 체험단] 바흐 708 고다 소파 찐 후기,2022-09-29,blog
https://blog.naver.com/PostView.naver?blogId=hanssem70&logNo=222886512721&categoryNo=0&parentCategoryNo=0&viewDate=&currentPage=74&postListTopCurrentPage=&from=menu,[한샘 체험단] 유로 502 루아 소파 찐 후기,2022-09-28,blog
https://blog.naver.com/PostView.naver?blogId=hanssem70&logNo=222885513284&categoryNo=0&parentCategoryNo=0&viewDate=&currentPage=74&postListTopCurrentPage=&from=menu,[한샘 체험단] 바흐 709 토브 소파 찐 후기,2022-09-27,blog
https://blog.naver.com/PostView.naver?blogId=hanssem70&logNo=222879341526&categoryNo=0&parentCategoryNo=0&viewDate=&currentPage=74&postListTopCurrentPage=&from=menu,[한샘 제품 소개] 신상 뮤트옷장으로 깔끔하고 실속있게 수납!,2022-09-22,blog
https://blog.naver.com/PostView.naver?blogId=hanssem70&logNo=222879340749&categoryNo=0&parentCategoryNo=0&viewDate=&currentPage=75&postListTopCurrentPage=&from=menu,"[한샘 제품 소개] 굿나잇 굿노뜨, 노뜨 매트리스 NEW 라인업 '메모리폼탑' 출시",2022-09-20,blog
https://blog.naver.com/PostView.naver?blogId=hanssem70&logNo=222873273104&categoryNo=0&parentCategoryNo=0&viewDate=&currentPage=75&postListTopCurrentPage=&from=menu,[한샘 제품 소개] 한샘 부엌용 컴팩트벽판넬 런칭!,2022-09-13,blog
https://blog.naver.com/PostView.naver?blogId=hanssem70&logNo=222868110787&categoryNo=0&parentCategoryNo=0&viewDate=&currentPage=75&postListTopCurrentPage=&from=menu,[EVENT]한샘홈케어 9월 슈퍼 빅 이벤트! (최대 신세계 상품권 10만원 혜택!),2022-09-06,blog
https://blog.naver.com/PostView.naver?blogId=hanssem70&logNo=222862792110&categoryNo=0&parentCategoryNo=0&viewDate=&currentPage=75&postListTopCurrentPage=&from=menu,[한샘창호] 한샘윈도우와 함께 알아보는 친환경 인증마크!,2022-09-01,blog
https://blog.naver.com/PostView.naver?blogId=hanssem70&logNo=222861939154&categoryNo=0&parentCategoryNo=0&viewDate=&currentPage=75&postListTopCurrentPage=&from=menu,"[EVENT] 푹 잔 것 같은데 피곤하다면, 한샘 포시즌 매트리스로 침대피로 회복하세요",2022-08-30,blog
https://blog.naver.com/PostView.naver?blogId=hanssem70&logNo=222856946630&categoryNo=0&parentCategoryNo=0&viewDate=&currentPage=76&postListTopCurrentPage=&from=menu,"[한샘 제품 소개] 소파에 대한 모든 기대, 에어로모션 리클라이너 출시!",2022-08-24,blog
https://blog.naver.com/PostView.naver?blogId=hanssem70&logNo=222851674595&categoryNo=0&parentCategoryNo=0&viewDate=&currentPage=76&postListTopCurrentPage=&from=menu,"[EVENT] 소파에 대한 모든 기대, 한샘 리클라이너 TV CF 오픈!",2022-08-19,blog
https://blog.naver.com/PostView.naver?blogId=hanssem70&logNo=222851430438&categoryNo=0&parentCategoryNo=0&viewDate=&currentPage=76&postListTopCurrentPage=&from=menu,[한샘 제품 소개] 어엿한 창호로 거듭나기까지의 과정 인터뷰!,2022-08-18,blog
https://blog.naver.com/PostView.naver?blogId=hanssem70&logNo=222850565284&categoryNo=0&parentCategoryNo=0&viewDate=&currentPage=76&postListTopCurrentPage=&from=menu,[한샘 제품 소개] NEW 패브릭 모듈 소파! 바흐 709 토브 소파 출시,2022-08-17,blog
https://blog.naver.com/PostView.naver?blogId=hanssem70&logNo=222850568513&categoryNo=0&parentCategoryNo=0&viewDate=&currentPage=76&postListTopCurrentPage=&from=menu,[한샘 제품 소개] NEW 차세대 리클라이너! 바흐 708 고다 소파 출시,2022-08-17,blog
https://blog.naver.com/PostView.naver?blogId=hanssem70&logNo=222849749545&categoryNo=0&parentCategoryNo=0&viewDate=&currentPage=77&postListTopCurrentPage=&from=menu,[한샘 제품 소개] NEW 패브릭 리클라이너! 유로 502 루아 소파 출시,2022-08-16,blog
https://blog.naver.com/PostView.naver?blogId=hanssem70&logNo=222840466026&categoryNo=0&parentCategoryNo=0&viewDate=&currentPage=77&postListTopCurrentPage=&from=menu,"[한샘 제품 소개] 커스터마이징 매트리스의 시작, NEW 슬리핑코드 매트리스",2022-08-09,blog
https://blog.naver.com/PostView.naver?blogId=hanssem70&logNo=222836166138&categoryNo=0&parentCategoryNo=0&viewDate=&currentPage=77&postListTopCurrentPage=&from=menu,[EVENT]한샘홈케어 싱크대 크랙 케어&UV코팅 런칭 특가 및 8월 이벤트!,2022-08-02,blog
https://blog.naver.com/PostView.naver?blogId=hanssem70&logNo=222836165164&categoryNo=0&parentCategoryNo=0&viewDate=&currentPage=77&postListTopCurrentPage=&from=menu,"[체험단 당첨자 발표] 한샘 슬리핑코드 매트리스 체험단, 슬립셀럽 3기 모집 이벤트",2022-08-01,blog
https://blog.naver.com/PostView.naver?blogId=hanssem70&logNo=222827739354&categoryNo=0&parentCategoryNo=0&viewDate=&currentPage=77&postListTopCurrentPage=&from=menu,[한샘 제품 소개] 세미 모던 클래식 인테리어는 노아붙박이장 과 함께! 신상품 출시,2022-07-26,blog
https://blog.naver.com/PostView.naver?blogId=hanssem70&logNo=222818442030&categoryNo=0&parentCategoryNo=0&viewDate=&currentPage=78&postListTopCurrentPage=&from=menu,"[EVENT] NEW 한샘 가죽, 패브릭 리클라이너 소파 출시 혜택 꼭 챙겨가세요!",2022-07-21,blog
https://blog.naver.com/PostView.naver?blogId=hanssem70&logNo=222818440162&categoryNo=0&parentCategoryNo=0&viewDate=&currentPage=78&postListTopCurrentPage=&from=menu,"[EVENT] 예쁜 아이방, 보나룸 신상 런칭이벤트 진행중!",2022-07-19,blog
https://blog.naver.com/PostView.naver?blogId=hanssem70&logNo=222807504906&categoryNo=0&parentCategoryNo=0&viewDate=&currentPage=78&postListTopCurrentPage=&from=menu,[한샘창호] 창호 에너지소비효율등급제 10년만에 등급 상향 조정 소식!,2022-07-12,blog
https://blog.naver.com/PostView.naver?blogId=hanssem70&logNo=222807503878&categoryNo=0&parentCategoryNo=0&viewDate=&currentPage=78&postListTopCurrentPage=&from=menu,"[EVENT] 한샘홈케어 SNS 소문내기! (커피 쿠폰, 백화점 상품권 증정!!)",2022-07-11,blog
https://blog.naver.com/PostView.naver?blogId=hanssem70&logNo=222796285930&categoryNo=0&parentCategoryNo=0&viewDate=&currentPage=78&postListTopCurrentPage=&from=menu,[한샘 X 네이버 라이브] 7월 5일 한샘 브랜드위크+네이버 라이브 특가전,2022-07-05,blog
https://blog.naver.com/PostView.naver?blogId=hanssem70&logNo=222796284582&categoryNo=0&parentCategoryNo=0&viewDate=&currentPage=79&postListTopCurrentPage=&from=menu,[한샘 X 네이버 라이브] 아이방꾸미기 찬스! 샘키즈x보나 네이버 LIVE 특가 운영,2022-07-04,blog
https://blog.naver.com/PostView.naver?blogId=hanssem70&logNo=222790730815&categoryNo=0&parentCategoryNo=0&viewDate=&currentPage=79&postListTopCurrentPage=&from=menu,[한샘창호] 창호를 구성하는 중요한 5대 기능 요소를 알아보자!,2022-06-30,blog
https://blog.naver.com/PostView.naver?blogId=hanssem70&logNo=222752051198&categoryNo=0&parentCategoryNo=0&viewDate=&currentPage=79&postListTopCurrentPage=&from=menu,[한샘 디자인파크] 한샘 디자인파크 NC대전유성점 GRAND OPENING,2022-05-31,blog
https://blog.naver.com/PostView.naver?blogId=hanssem70&logNo=222752050485&categoryNo=0&parentCategoryNo=0&viewDate=&currentPage=79&postListTopCurrentPage=&from=menu,[한샘] 창호의 모든 것을 알려줄게!샷시 교체 시작부터 끝까지!,2022-05-31,blog
https://blog.naver.com/PostView.naver?blogId=hanssem70&logNo=222742733073&categoryNo=0&parentCategoryNo=0&viewDate=&currentPage=79&postListTopCurrentPage=&from=menu,[한샘 리하우스] 한샘 리하우스 롯데수원점 그랜드 오픈,2022-05-24,blog
https://blog.naver.com/PostView.naver?blogId=hanssem70&logNo=222710919113&categoryNo=0&parentCategoryNo=0&viewDate=&currentPage=80&postListTopCurrentPage=&from=menu,[한샘 제품 소개] 캡틴파추호 패밀리 온라인집들이 영상 공개!,2022-05-04,blog
https://blog.naver.com/PostView.naver?blogId=hanssem70&logNo=222710923771&categoryNo=0&parentCategoryNo=0&viewDate=&currentPage=80&postListTopCurrentPage=&from=menu,[한샘홈케어] 봄과 함께 찾아오는 미세먼지와 황사! 봄맞이 대청소 환기 대작전!,2022-04-26,blog
https://blog.naver.com/PostView.naver?blogId=hanssem70&logNo=222697538265&categoryNo=0&parentCategoryNo=0&viewDate=&currentPage=80&postListTopCurrentPage=&from=menu,"[한샘 제품 소개] 신상품 출시! 디어 오보에, 디어 아르코 거실장",2022-04-13,blog
https://blog.naver.com/PostView.naver?blogId=hanssem70&logNo=222690989103&categoryNo=0&parentCategoryNo=0&viewDate=&currentPage=80&postListTopCurrentPage=&from=menu,[한샘 제품 소개] 신상품 출시! 스케치 라인 붙박이장,2022-04-07,blog
https://blog.naver.com/PostView.naver?blogId=hanssem70&logNo=222690987775&categoryNo=0&parentCategoryNo=0&viewDate=&currentPage=80&postListTopCurrentPage=&from=menu,[한샘 제품 소개] 티오 그로잉데스크 높이각도조절형 데스크 시리즈 사전예약 EVENT!,2022-04-05,blog
https://blog.naver.com/PostView.naver?blogId=hanssem70&logNo=222676109817&categoryNo=0&parentCategoryNo=0&viewDate=&currentPage=81&postListTopCurrentPage=&from=menu,[샘나는클라스] 가성비 있게 신혼부부 침실을 꾸미는 3가지 스타일링 TIP,2022-03-18,blog
https://blog.naver.com/PostView.naver?blogId=hanssem70&logNo=222673007587&categoryNo=0&parentCategoryNo=0&viewDate=&currentPage=81&postListTopCurrentPage=&from=menu,"[한샘 제품 소개] NEW 유로 506 플라타 거실장, 소파테이블 출시",2022-03-16,blog
https://blog.naver.com/PostView.naver?blogId=hanssem70&logNo=222673006899&categoryNo=0&parentCategoryNo=0&viewDate=&currentPage=81&postListTopCurrentPage=&from=menu,[한샘 제품 소개] 22년 SS 포시즌 매트리스 신제품 출시,2022-03-15,blog
https://blog.naver.com/PostView.naver?blogId=hanssem70&logNo=222673006592&categoryNo=0&parentCategoryNo=0&viewDate=&currentPage=81&postListTopCurrentPage=&from=menu,[한샘 제품 소개] 플롯으로 만드는 벽선반 데스크테리어,2022-03-15,blog
https://blog.naver.com/PostView.naver?blogId=hanssem70&logNo=222666819262&categoryNo=0&parentCategoryNo=0&viewDate=&currentPage=81&postListTopCurrentPage=&from=menu,[한샘 제품 소개] 스마트한 멀티기능을 갖춘 밀란303스튜디오 침실 출시,2022-03-10,blog
https://blog.naver.com/PostView.naver?blogId=hanssem70&logNo=222666821075&categoryNo=0&parentCategoryNo=0&viewDate=&currentPage=82&postListTopCurrentPage=&from=menu,[한샘 리하우스] 한샘 리하우스 롯데상무점 그랜드 오픈,2022-03-08,blog
https://blog.naver.com/PostView.naver?blogId=hanssem70&logNo=222663751220&categoryNo=0&parentCategoryNo=0&viewDate=&currentPage=82&postListTopCurrentPage=&from=menu,[샘나는클라스] 복도 수납장을 포토존으로 만드는 3가지 스타일링 TIP,2022-03-04,blog
https://blog.naver.com/PostView.naver?blogId=hanssem70&logNo=222651221919&categoryNo=0&parentCategoryNo=0&viewDate=&currentPage=82&postListTopCurrentPage=&from=menu,[한샘 제품 소개] 한샘 윈도우 밀란 창호 출시! 지구와 함께 공존하는 지속가능한 인테리어,2022-02-24,blog
https://blog.naver.com/PostView.naver?blogId=hanssem70&logNo=222645046603&categoryNo=0&parentCategoryNo=0&viewDate=&currentPage=82&postListTopCurrentPage=&from=menu,[한샘 제품 소개] 인상전 '최저가' 미니 씽크대 한샘 주방을 만나보세요! (+ 신청부터 시공 꿀팁까지!),2022-02-16,blog
https://blog.naver.com/PostView.naver?blogId=hanssem70&logNo=222645005931&categoryNo=0&parentCategoryNo=0&viewDate=&currentPage=82&postListTopCurrentPage=&from=menu,[샘나는클라스] 다이닝 공간을 홈파티 장소로 꾸미는 3가지 스타일링 TIP,2022-02-11,blog
https://blog.naver.com/PostView.naver?blogId=hanssem70&logNo=222623699478&categoryNo=0&parentCategoryNo=0&viewDate=&currentPage=83&postListTopCurrentPage=&from=menu,[한샘 제품 소개] 내추럴 감성의 호텔침대 유로503 프레임오크 신제품 출시,2022-01-20,blog
https://blog.naver.com/PostView.naver?blogId=hanssem70&logNo=222617798054&categoryNo=0&parentCategoryNo=0&viewDate=&currentPage=83&postListTopCurrentPage=&from=menu,[EVENT] 한샘몰 신학기 이벤트! 우리아이 첫 책상이 고민이라면,2022-01-11,blog
https://blog.naver.com/PostView.naver?blogId=hanssem70&logNo=222606473595&categoryNo=0&parentCategoryNo=0&viewDate=&currentPage=83&postListTopCurrentPage=&from=menu,[고객 실제 사용후기] 실제 집꾸미기 후기로 보는 나만의 서재 꾸미기 가이드,2021-12-30,blog
https://blog.naver.com/PostView.naver?blogId=hanssem70&logNo=222598081776&categoryNo=0&parentCategoryNo=0&viewDate=&currentPage=83&postListTopCurrentPage=&from=menu,[샘나는클라스] 호텔 감성 침실을 꾸미는 2가지 스타일링 TIP,2021-12-17,blog
https://blog.naver.com/PostView.naver?blogId=hanssem70&logNo=222590102607&categoryNo=0&parentCategoryNo=0&viewDate=&currentPage=83&postListTopCurrentPage=&from=menu,[한샘 디자인파크] 한샘 디자인파크 마포점 오픈!,2021-12-09,blog
https://blog.naver.com/PostView.naver?blogId=hanssem70&logNo=222588779332&categoryNo=0&parentCategoryNo=0&viewDate=&currentPage=84&postListTopCurrentPage=&from=menu,[한샘 제품 소개] 내 스타일대로 플롯;PLOT! 시스템 서재가구 시리즈 출시!,2021-12-09,blog
https://blog.naver.com/PostView.naver?blogId=hanssem70&logNo=222581755807&categoryNo=0&parentCategoryNo=0&viewDate=&currentPage=84&postListTopCurrentPage=&from=menu,[한샘 제품 소개] 국내 유일 온열 매트리스 포시즌 올인원 매트리스,2021-12-02,blog
https://blog.naver.com/PostView.naver?blogId=hanssem70&logNo=222581749785&categoryNo=0&parentCategoryNo=0&viewDate=&currentPage=84&postListTopCurrentPage=&from=menu,[한샘 제품 소개] NEW 감성 가득 바흐 내추럴 드레스룸 출시!,2021-11-30,blog
https://blog.naver.com/PostView.naver?blogId=hanssem70&logNo=222579481461&categoryNo=0&parentCategoryNo=0&viewDate=&currentPage=84&postListTopCurrentPage=&from=menu,"[샘나는클라스] 아이와 함께하는 거실, 깔끔하게 만드는 3가지 스타일링 TIP",2021-11-26,blog
https://blog.naver.com/PostView.naver?blogId=hanssem70&logNo=222575526851&categoryNo=0&parentCategoryNo=0&viewDate=&currentPage=84&postListTopCurrentPage=&from=menu,[한샘 리하우스] 한샘 리하우스 롯데영등포점 그랜드 오픈,2021-11-25,blog
https://blog.naver.com/PostView.naver?blogId=hanssem70&logNo=222575525160&categoryNo=0&parentCategoryNo=0&viewDate=&currentPage=85&postListTopCurrentPage=&from=menu,[한샘 제품 소개] 키친바흐 신제품 2종 홈카페&홈키친 출시!,2021-11-24,blog
https://blog.naver.com/PostView.naver?blogId=hanssem70&logNo=222575443679&categoryNo=0&parentCategoryNo=0&viewDate=&currentPage=85&postListTopCurrentPage=&from=menu,[한샘 제품 소개] 컬러가 매력적인 주방 리모델링 밀란 300출시!,2021-11-23,blog
https://blog.naver.com/PostView.naver?blogId=hanssem70&logNo=222571849846&categoryNo=0&parentCategoryNo=0&viewDate=&currentPage=85&postListTopCurrentPage=&from=menu,[한샘 제품 소개] NEW 한샘 보네르 모듈형 패브릭소파 출시 이벤트,2021-11-18,blog
https://blog.naver.com/PostView.naver?blogId=hanssem70&logNo=222569791235&categoryNo=0&parentCategoryNo=0&viewDate=&currentPage=85&postListTopCurrentPage=&from=menu,[한샘홈케어] 세탁기청소 완전분해 살균세척 역대최저가,2021-11-16,blog
https://blog.naver.com/PostView.naver?blogId=hanssem70&logNo=222559265476&categoryNo=0&parentCategoryNo=0&viewDate=&currentPage=85&postListTopCurrentPage=&from=menu,[샘나는클라스] 감성이 자라나는 아이방 2가지 스타일링 TIP,2021-11-05,blog
https://blog.naver.com/PostView.naver?blogId=hanssem70&logNo=222540335682&categoryNo=0&parentCategoryNo=0&viewDate=&currentPage=86&postListTopCurrentPage=&from=menu,[한샘 제품 소개] 프렌치 모던스타일 유로604 프렌치 침대 리뉴얼 출시,2021-10-28,blog
https://blog.naver.com/PostView.naver?blogId=hanssem70&logNo=222547435416&categoryNo=0&parentCategoryNo=0&viewDate=&currentPage=86&postListTopCurrentPage=&from=menu,[한샘 제품 소개] 한샘 웨인스코팅 보드 신규출시!,2021-10-28,blog
https://blog.naver.com/PostView.naver?blogId=hanssem70&logNo=222547438338&categoryNo=0&parentCategoryNo=0&viewDate=&currentPage=86&postListTopCurrentPage=&from=menu,[한샘 제품 소개] NEW 클린트 어반 높이조절 리프트업 소파테이블 사이드테이블 출시,2021-10-26,blog
https://blog.naver.com/PostView.naver?blogId=hanssem70&logNo=222544900303&categoryNo=0&parentCategoryNo=0&viewDate=&currentPage=86&postListTopCurrentPage=&from=menu,[샘나는클라스] 우리 집 다이닝 공간을 홈카페로 만드는 2가지 스타일링 TIP,2021-10-22,blog
https://blog.naver.com/PostView.naver?blogId=hanssem70&logNo=222540335213&categoryNo=0&parentCategoryNo=0&viewDate=&currentPage=86&postListTopCurrentPage=&from=menu,[한샘 제품 소개] 바흐 703 레더 붙박이장데스크파우더장 출시!,2021-10-21,blog
https://blog.naver.com/PostView.naver?blogId=hanssem70&logNo=222538022092&categoryNo=0&parentCategoryNo=0&viewDate=&currentPage=87&postListTopCurrentPage=&from=menu,"[한샘 제품 소개] 모디 주방수납 시리즈 38종 라인업, 주방수납 고민 종결자! 수납력up! 분위기up!",2021-10-20,blog
https://blog.naver.com/PostView.naver?blogId=hanssem70&logNo=222534377167&categoryNo=0&parentCategoryNo=0&viewDate=&currentPage=87&postListTopCurrentPage=&from=menu,[한샘홈케어] 온라인 입주박람회 - 입주청소하고 주방&욕실코팅은 100원에! (feat.SNS 이벤트),2021-10-12,blog
https://blog.naver.com/PostView.naver?blogId=hanssem70&logNo=222534376415&categoryNo=0&parentCategoryNo=0&viewDate=&currentPage=87&postListTopCurrentPage=&from=menu,[한샘 리하우스] 한샘리하우스 롯데 건대스타시티점 대형쇼룸 오픈,2021-10-12,blog
https://blog.naver.com/PostView.naver?blogId=hanssem70&logNo=222508775809&categoryNo=0&parentCategoryNo=0&viewDate=&currentPage=87&postListTopCurrentPage=&from=menu,[한샘 리하우스] 한샘리하우스 롯데상인점 그랜드 오픈,2021-09-23,blog
https://blog.naver.com/PostView.naver?blogId=hanssem70&logNo=222503960721&categoryNo=0&parentCategoryNo=0&viewDate=&currentPage=87&postListTopCurrentPage=&from=menu,"[EVENT] 최고의 만남, 최선의 선택 한샘가구X 삼성전자 콜라보레이션 이벤트!",2021-09-16,blog
https://blog.naver.com/PostView.naver?blogId=hanssem70&logNo=222503960248&categoryNo=0&parentCategoryNo=0&viewDate=&currentPage=88&postListTopCurrentPage=&from=menu,"[한샘홈케어] 지겨운 화장실 물때, 곰팡이 걱정 없는 '청소가 쉬워지는 코팅시리즈' 오픈!",2021-09-15,blog
https://blog.naver.com/PostView.naver?blogId=hanssem70&logNo=222489054018&categoryNo=0&parentCategoryNo=0&viewDate=&currentPage=88&postListTopCurrentPage=&from=menu,[한샘 사회 공헌] 김제 백구 119 지역대 리모델링 지원 - ”활기차게 근무할 수 있는 공간을 선물받았습니다.”,2021-08-31,blog
https://blog.naver.com/PostView.naver?blogId=hanssem70&logNo=222468552375&categoryNo=0&parentCategoryNo=0&viewDate=&currentPage=88&postListTopCurrentPage=&from=menu,"[한샘 제품 소개] 부드러운 탄력감, 바흐 706 플루드 소파",2021-08-19,blog
https://blog.naver.com/PostView.naver?blogId=hanssem70&logNo=222468550091&categoryNo=0&parentCategoryNo=0&viewDate=&currentPage=88&postListTopCurrentPage=&from=menu,[한샘홈케어] 온라인 입주박람회 (줄눈코팅탄성코트방충망입주청소),2021-08-18,blog
https://blog.naver.com/PostView.naver?blogId=hanssem70&logNo=222468549758&categoryNo=0&parentCategoryNo=0&viewDate=&currentPage=88&postListTopCurrentPage=&from=menu,"[한샘 사회 공헌] 소방공무원 대상 가구, 리모델링10 할인",2021-08-17,blog
https://blog.naver.com/PostView.naver?blogId=hanssem70&logNo=222462858248&categoryNo=0&parentCategoryNo=0&viewDate=&currentPage=89&postListTopCurrentPage=&from=menu,"[한샘 제품 소개] 구름 속에 파묻힌 듯, 부드러운 안락함 유로 602 포네 패브릭 소파",2021-08-11,blog
https://blog.naver.com/PostView.naver?blogId=hanssem70&logNo=222462851357&categoryNo=0&parentCategoryNo=0&viewDate=&currentPage=89&postListTopCurrentPage=&from=menu,[한샘 사회 공헌] 울산 병영119 안전센터 리모델링 지원,2021-08-10,blog
https://blog.naver.com/PostView.naver?blogId=hanssem70&logNo=222454183725&categoryNo=0&parentCategoryNo=0&viewDate=&currentPage=89&postListTopCurrentPage=&from=menu,[한샘 사회 공헌] 충주 주덕 119 안전센터 리모델링 지원,2021-08-05,blog
https://blog.naver.com/PostView.naver?blogId=hanssem70&logNo=222454182144&categoryNo=0&parentCategoryNo=0&viewDate=&currentPage=89&postListTopCurrentPage=&from=menu,[한샘 사회 공헌] 7월 주거환경 개선 활동  “내방을 갖고 싶었어요”,2021-08-03,blog
https://blog.naver.com/PostView.naver?blogId=hanssem70&logNo=222446325924&categoryNo=0&parentCategoryNo=0&viewDate=&currentPage=89&postListTopCurrentPage=&from=menu,[한샘 사회 공헌] 7월 주거환경 개선 활동  “정돈된 집에서의 내일이 기대돼요”,2021-07-29,blog
https://blog.naver.com/PostView.naver?blogId=hanssem70&logNo=222446325652&categoryNo=0&parentCategoryNo=0&viewDate=&currentPage=90&postListTopCurrentPage=&from=menu,"[한샘 제품 소개] 친환경 포인트 벽장재, 미가루버 신규출시!",2021-07-29,blog
https://blog.naver.com/PostView.naver?blogId=hanssem70&logNo=222446325265&categoryNo=0&parentCategoryNo=0&viewDate=&currentPage=90&postListTopCurrentPage=&from=menu,[한샘 디자인파크] 한샘 디자인파크 롯데동래점 오픈!,2021-07-28,blog
https://blog.naver.com/PostView.naver?blogId=hanssem70&logNo=222446309809&categoryNo=0&parentCategoryNo=0&viewDate=&currentPage=90&postListTopCurrentPage=&from=menu,[한샘 사회 공헌] 마포구 협약식 & 나무 심기 봉사활동 (Feat. 리하우스사업본부),2021-07-27,blog
https://blog.naver.com/PostView.naver?blogId=hanssem70&logNo=222446309499&categoryNo=0&parentCategoryNo=0&viewDate=&currentPage=90&postListTopCurrentPage=&from=menu,[한샘 제품 소개] 부티크 호텔 감성 NEW “유로505부티크 호텔침대 출시,2021-07-27,blog
https://blog.naver.com/PostView.naver?blogId=hanssem70&logNo=222433778343&categoryNo=0&parentCategoryNo=0&viewDate=&currentPage=90&postListTopCurrentPage=&from=menu,[한샘 리하우스] 한샘리하우스 롯데여수점 그랜드 오픈,2021-07-21,blog
https://blog.naver.com/PostView.naver?blogId=hanssem70&logNo=222433779861&categoryNo=0&parentCategoryNo=0&viewDate=&currentPage=91&postListTopCurrentPage=&from=menu,"[한샘 제품 소개] 아무 걱정없이, 오래도록 '도노 세라믹 어반'",2021-07-21,blog
https://blog.naver.com/PostView.naver?blogId=hanssem70&logNo=222433790010&categoryNo=0&parentCategoryNo=0&viewDate=&currentPage=91&postListTopCurrentPage=&from=menu,[한샘 사회 공헌] 마리스타 지역아동센터 임직원 봉사활동 & 가구 지원,2021-07-20,blog
https://blog.naver.com/PostView.naver?blogId=hanssem70&logNo=222433789324&categoryNo=0&parentCategoryNo=0&viewDate=&currentPage=91&postListTopCurrentPage=&from=menu,"[한샘 사회 공헌] 마포하우징 리모델링 지원  “헌집줄게, 새집다오”",2021-07-20,blog
https://blog.naver.com/PostView.naver?blogId=hanssem70&logNo=222429914880&categoryNo=0&parentCategoryNo=0&viewDate=&currentPage=91&postListTopCurrentPage=&from=menu,[한샘 사회 공헌] 6월 주거환경 개선 활동 “깨끗한 집이 되었어요”,2021-07-13,blog
https://blog.naver.com/PostView.naver?blogId=hanssem70&logNo=222429913618&categoryNo=0&parentCategoryNo=0&viewDate=&currentPage=91&postListTopCurrentPage=&from=menu,[한샘홈케어] 장마철 에어컨청소부터 미세먼지 차단방충망까지 시원한 이벤트!,2021-07-13,blog
https://blog.naver.com/PostView.naver?blogId=hanssem70&logNo=222421839696&categoryNo=0&parentCategoryNo=0&viewDate=&currentPage=92&postListTopCurrentPage=&from=menu,[한샘 사회공헌] 5월 임직원 봉사활동 - 한샘인이 키운 아기 도토리나무,2021-07-06,blog
https://blog.naver.com/PostView.naver?blogId=hanssem70&logNo=222413028557&categoryNo=0&parentCategoryNo=0&viewDate=&currentPage=92&postListTopCurrentPage=&from=menu,[한샘 리하우스] 한샘리하우스 롯데제주 대형쇼룸 오픈!,2021-06-29,blog
https://blog.naver.com/PostView.naver?blogId=hanssem70&logNo=222397636351&categoryNo=0&parentCategoryNo=0&viewDate=&currentPage=92&postListTopCurrentPage=&from=menu,[한샘홈케어] 에어컨청소 주문폭주! (feat. 에너지세이버 100 무상설치),2021-06-15,blog
https://blog.naver.com/PostView.naver?blogId=hanssem70&logNo=222389449662&categoryNo=0&parentCategoryNo=0&viewDate=&currentPage=92&postListTopCurrentPage=&from=menu,[한샘 사회 공헌] 5월 주거환경 개선 활동  “내 책상에서 온라인 수업을 들어요“,2021-06-09,blog
https://blog.naver.com/PostView.naver?blogId=hanssem70&logNo=222377073040&categoryNo=0&parentCategoryNo=0&viewDate=&currentPage=92&postListTopCurrentPage=&from=menu,"[한샘 제품 소개] 사계절 편안함의 시작, 포시즌 매트리스",2021-06-03,blog
https://blog.naver.com/PostView.naver?blogId=hanssem70&logNo=222377060140&categoryNo=0&parentCategoryNo=0&viewDate=&currentPage=93&postListTopCurrentPage=&from=menu,"[한샘 제품 소개] 한샘 벽장재, M보드 신규출시!",2021-06-02,blog
https://blog.naver.com/PostView.naver?blogId=hanssem70&logNo=222364165185&categoryNo=0&parentCategoryNo=0&viewDate=&currentPage=93&postListTopCurrentPage=&from=menu,[한샘 사회공헌] 비대면 벽화 그리기 x 지역아동센터 학습환경 조성 봉사활동 콜라보레이션,2021-05-26,blog
https://blog.naver.com/PostView.naver?blogId=hanssem70&logNo=222364163790&categoryNo=0&parentCategoryNo=0&viewDate=&currentPage=93&postListTopCurrentPage=&from=menu,[한샘 리하우스] 한샘리하우스 롯데 부평삼산점 그랜드 오픈!,2021-05-26,blog
https://blog.naver.com/PostView.naver?blogId=hanssem70&logNo=222358397984&categoryNo=0&parentCategoryNo=0&viewDate=&currentPage=93&postListTopCurrentPage=&from=menu,[한샘 사회 공헌] 4월 주거환경 개선 활동  “새로운 출발,2021-05-20,blog
https://blog.naver.com/PostView.naver?blogId=hanssem70&logNo=222358395784&categoryNo=0&parentCategoryNo=0&viewDate=&currentPage=93&postListTopCurrentPage=&from=menu,[한샘 사회 공헌] 오래된 한샘 싱크대 위에 놓여진 새로운 한샘 싱크대  광주 두암 119 안전센터 리모델링,2021-05-20,blog
https://blog.naver.com/PostView.naver?blogId=hanssem70&logNo=222350970994&categoryNo=0&parentCategoryNo=0&viewDate=&currentPage=94&postListTopCurrentPage=&from=menu,[한샘 사회 공헌] 4월 주거환경 개선 활동  “이제 진짜 내방 같아요,2021-05-18,blog
https://blog.naver.com/PostView.naver?blogId=hanssem70&logNo=222350969509&categoryNo=0&parentCategoryNo=0&viewDate=&currentPage=94&postListTopCurrentPage=&from=menu,"[한샘 제품 소개] 우리집 냉방비절감 솔루션, 시스템창호",2021-05-18,blog
https://blog.naver.com/PostView.naver?blogId=hanssem70&logNo=222345237805&categoryNo=0&parentCategoryNo=0&viewDate=&currentPage=94&postListTopCurrentPage=&from=menu,[한샘 홈케어] 주문폭주! 여름 전 에어컨 곰팡이 청소 특가이벤트!,2021-05-11,blog
https://blog.naver.com/PostView.naver?blogId=hanssem70&logNo=222339841803&categoryNo=0&parentCategoryNo=0&viewDate=&currentPage=94&postListTopCurrentPage=&from=menu,[한샘 사회 공헌] 37년 된 부산 소방서 리모델링,2021-05-06,blog
https://blog.naver.com/PostView.naver?blogId=hanssem70&logNo=222337126786&categoryNo=0&parentCategoryNo=0&viewDate=&currentPage=94&postListTopCurrentPage=&from=menu,"[한샘 제품 소개] 한샘 벽장재, 와이드 월플러스 출시!",2021-05-04,blog
https://blog.naver.com/PostView.naver?blogId=hanssem70&logNo=222323781225&categoryNo=0&parentCategoryNo=0&viewDate=&currentPage=95&postListTopCurrentPage=&from=menu,"[한샘 윈도우] 슬기로운 집콕생활, HOME에 진심인 창호",2021-04-27,blog
https://blog.naver.com/PostView.naver?blogId=hanssem70&logNo=222317627946&categoryNo=0&parentCategoryNo=0&viewDate=&currentPage=95&postListTopCurrentPage=&from=menu,[한샘 리하우스] 한샘 리하우스 롯데진주점 그랜드 오픈,2021-04-21,blog
https://blog.naver.com/PostView.naver?blogId=hanssem70&logNo=222316428091&categoryNo=0&parentCategoryNo=0&viewDate=&currentPage=95&postListTopCurrentPage=&from=menu,[한샘 제품 소개] 스케치 붙박이장 콤비 TOP5 알아보기,2021-04-20,blog
https://blog.naver.com/PostView.naver?blogId=hanssem70&logNo=222310634994&categoryNo=0&parentCategoryNo=0&viewDate=&currentPage=95&postListTopCurrentPage=&from=menu,"[한샘 제품 소개] 라이프스타일의 황금 비율, 스케치 붙박이장 컬러 추가 출시",2021-04-15,blog
https://blog.naver.com/PostView.naver?blogId=hanssem70&logNo=222309439909&categoryNo=0&parentCategoryNo=0&viewDate=&currentPage=95&postListTopCurrentPage=&from=menu,[한샘 사회 공헌] 3월 주거환경 개선 활동,2021-04-14,blog
https://blog.naver.com/PostView.naver?blogId=hanssem70&logNo=222309439254&categoryNo=0&parentCategoryNo=0&viewDate=&currentPage=96&postListTopCurrentPage=&from=menu,[EVENT] 한샘 홈케어 입주이사고객 BEST 모음전 & 이벤트,2021-04-14,blog
https://blog.naver.com/PostView.naver?blogId=hanssem70&logNo=222308187181&categoryNo=0&parentCategoryNo=0&viewDate=&currentPage=96&postListTopCurrentPage=&from=menu,"[한샘 제품 소개] 한샘 포레 컴포트, PP의자세트 신규출시",2021-04-13,blog
https://blog.naver.com/PostView.naver?blogId=hanssem70&logNo=222293537904&categoryNo=0&parentCategoryNo=0&viewDate=&currentPage=96&postListTopCurrentPage=&from=menu,[한샘 제품 소개] 한샘윈도우와 함께하는 창호이야기,2021-03-31,blog
https://blog.naver.com/PostView.naver?blogId=hanssem70&logNo=222292343957&categoryNo=0&parentCategoryNo=0&viewDate=&currentPage=96&postListTopCurrentPage=&from=menu,[한샘 사회 공헌] 2월 임직원 봉사활동  도토리 한 알의 기적,2021-03-30,blog
https://blog.naver.com/PostView.naver?blogId=hanssem70&logNo=222292343403&categoryNo=0&parentCategoryNo=0&viewDate=&currentPage=96&postListTopCurrentPage=&from=menu,"[한샘 제품 소개] 분해부터 살균까지, 여름 전 미리하는 에어컨청소",2021-03-30,blog
https://blog.naver.com/PostView.naver?blogId=hanssem70&logNo=222285763347&categoryNo=0&parentCategoryNo=0&viewDate=&currentPage=97&postListTopCurrentPage=&from=menu,[한샘 사회 공헌] 33년차 소방관 남편의 아내를 위한 감동 서프라이즈 - 소방청 주거환경 개선활동 ,2021-03-24,blog
https://blog.naver.com/PostView.naver?blogId=hanssem70&logNo=222285759488&categoryNo=0&parentCategoryNo=0&viewDate=&currentPage=97&postListTopCurrentPage=&from=menu,[한샘 제품 소개] 프리미엄 오더메이드 가죽 침대 컬러 추가,2021-03-24,blog
https://blog.naver.com/PostView.naver?blogId=hanssem70&logNo=222285016422&categoryNo=0&parentCategoryNo=0&viewDate=&currentPage=97&postListTopCurrentPage=&from=menu,[한샘 사회 공헌] 3월 8일 '세계 여성의 날' 기념 물품 기부 - 한 부모 소상공인 공예품 판로지원,2021-03-23,blog
https://blog.naver.com/PostView.naver?blogId=hanssem70&logNo=222284587081&categoryNo=0&parentCategoryNo=0&viewDate=&currentPage=97&postListTopCurrentPage=&from=menu,[한샘 리하우스] 한샘 리하우스 부천점 오픈!,2021-03-23,blog
https://blog.naver.com/PostView.naver?blogId=hanssem70&logNo=222278183489&categoryNo=0&parentCategoryNo=0&viewDate=&currentPage=97&postListTopCurrentPage=&from=menu,"[한샘 제품 소개] 플렉스Z로 서재, 공부방, 원룸 꾸미기!",2021-03-17,blog
https://blog.naver.com/PostView.naver?blogId=hanssem70&logNo=222262748530&categoryNo=0&parentCategoryNo=0&viewDate=&currentPage=98&postListTopCurrentPage=&from=menu,[한샘 사회 공헌] 수해가구 농산물꾸러미 지원,2021-03-03,blog
https://blog.naver.com/PostView.naver?blogId=hanssem70&logNo=222261544046&categoryNo=0&parentCategoryNo=0&viewDate=&currentPage=98&postListTopCurrentPage=&from=menu,"[한샘 사회공헌] 주거환경 개선 활동 '두근두근, 새학기 준비'",2021-03-02,blog
https://blog.naver.com/PostView.naver?blogId=hanssem70&logNo=222261543735&categoryNo=0&parentCategoryNo=0&viewDate=&currentPage=98&postListTopCurrentPage=&from=menu,"초등학생 책상, 최고의 입학 선물 한샘인테리어 조이S",2021-03-02,blog
https://blog.naver.com/PostView.naver?blogId=hanssem70&logNo=222254530223&categoryNo=0&parentCategoryNo=0&viewDate=&currentPage=98&postListTopCurrentPage=&from=menu,[한샘 제품 소개] 건강도 환경도 생각하는 친환경적인 한샘윈도우,2021-02-24,blog
https://blog.naver.com/PostView.naver?blogId=hanssem70&logNo=222245209752&categoryNo=0&parentCategoryNo=0&viewDate=&currentPage=98&postListTopCurrentPage=&from=menu,"[한샘 사회 공헌] 강원도 춘천, 경남 하동 수해가구 생활용품 지원",2021-02-17,blog
https://blog.naver.com/PostView.naver?blogId=hanssem70&logNo=222245181963&categoryNo=0&parentCategoryNo=0&viewDate=&currentPage=99&postListTopCurrentPage=&from=menu,[한샘 사회 공헌] 수해 소상공인 홈케어&가구 지원,2021-02-16,blog
https://blog.naver.com/PostView.naver?blogId=hanssem70&logNo=222245181497&categoryNo=0&parentCategoryNo=0&viewDate=&currentPage=99&postListTopCurrentPage=&from=menu,[2020 침실 리뷰 이벤트 당첨작 소개] 한샘 호텔 침대 활용법,2021-02-16,blog
https://blog.naver.com/PostView.naver?blogId=hanssem70&logNo=222236602674&categoryNo=0&parentCategoryNo=0&viewDate=&currentPage=99&postListTopCurrentPage=&from=menu,"[한샘 사회공헌] 강원도 춘천, 홍천 수해 가구 복구 지원",2021-02-09,blog
https://blog.naver.com/PostView.naver?blogId=hanssem70&logNo=222236604006&categoryNo=0&parentCategoryNo=0&viewDate=&currentPage=99&postListTopCurrentPage=&from=menu,[한샘 디자인파크] 한샘 디자인파크 롯데광복점 오픈!,2021-02-09,blog
https://blog.naver.com/PostView.naver?blogId=hanssem70&logNo=222228873508&categoryNo=0&parentCategoryNo=0&viewDate=&currentPage=99&postListTopCurrentPage=&from=menu,[한샘 리하우스 우수 시공사례] 파스텔톤으로 색깔 입힌 23평형 아파트 인테리어,2021-02-03,blog
https://blog.naver.com/PostView.naver?blogId=hanssem70&logNo=222219014402&categoryNo=0&parentCategoryNo=0&viewDate=&currentPage=100&postListTopCurrentPage=&from=menu,[한샘 제품 소개] 학습도 놀이처럼 즐길 수 있는 자녀방 꾸미기!,2021-01-28,blog
https://blog.naver.com/PostView.naver?blogId=hanssem70&logNo=222219013424&categoryNo=0&parentCategoryNo=0&viewDate=&currentPage=100&postListTopCurrentPage=&from=menu,[한샘 제품 소개] 한샘 창호와 함께하는 결로방지 가이드!,2021-01-26,blog
https://blog.naver.com/PostView.naver?blogId=hanssem70&logNo=222208236775&categoryNo=0&parentCategoryNo=0&viewDate=&currentPage=100&postListTopCurrentPage=&from=menu,[한샘 홈케어] 가성비 주방 인테리어 '키친 필름리폼' 리뉴얼,2021-01-20,blog
https://blog.naver.com/PostView.naver?blogId=hanssem70&logNo=222204685677&categoryNo=0&parentCategoryNo=0&viewDate=&currentPage=100&postListTopCurrentPage=&from=menu,[한샘 제품소개] NEW 한샘 클린트 어반 거실가구 시리즈 출시,2021-01-12,blog
https://blog.naver.com/PostView.naver?blogId=hanssem70&logNo=222188218323&categoryNo=0&parentCategoryNo=0&viewDate=&currentPage=100&postListTopCurrentPage=&from=menu,[한샘 사회공헌] 활용도를 높인 주거환경 개선 활동,2020-12-31,blog
https://blog.naver.com/PostView.naver?blogId=hanssem70&logNo=222188220285&categoryNo=0&parentCategoryNo=0&viewDate=&currentPage=101&postListTopCurrentPage=&from=menu,[한샘 사회 공헌] 주거환경 개선 활동 및 마스크 & 스트랩 제작 기부,2020-12-31,blog
https://blog.naver.com/PostView.naver?blogId=hanssem70&logNo=222188219514&categoryNo=0&parentCategoryNo=0&viewDate=&currentPage=101&postListTopCurrentPage=&from=menu,[한샘 제품 소개] 한샘 창호와 똑똑한 겨울나기!,2020-12-29,blog
https://blog.naver.com/PostView.naver?blogId=hanssem70&logNo=222183789957&categoryNo=0&parentCategoryNo=0&viewDate=&currentPage=101&postListTopCurrentPage=&from=menu,"[한샘 홈케어] 미세먼지곰팡이바이러스 없는 건강한 우리집, 20년 마지막 특가!",2020-12-24,blog
https://blog.naver.com/PostView.naver?blogId=hanssem70&logNo=222174223873&categoryNo=0&parentCategoryNo=0&viewDate=&currentPage=101&postListTopCurrentPage=&from=menu,[한샘 제품소개] 한샘 클린트 모던 거실장&수납장 시리즈,2020-12-15,blog
https://blog.naver.com/PostView.naver?blogId=hanssem70&logNo=222168107652&categoryNo=0&parentCategoryNo=0&viewDate=&currentPage=101&postListTopCurrentPage=&from=menu,[20평대 아파트 인테리어] 북유럽 인테리어로 신혼집의 꿈 완성,2020-12-09,blog
https://blog.naver.com/PostView.naver?blogId=hanssem70&logNo=222168105730&categoryNo=0&parentCategoryNo=0&viewDate=&currentPage=102&postListTopCurrentPage=&from=menu,[20평대 아파트 인테리어] 북유럽 인테리어로 신혼집의 꿈 완성,2020-12-09,blog
https://blog.naver.com/PostView.naver?blogId=hanssem70&logNo=222154935585&categoryNo=0&parentCategoryNo=0&viewDate=&currentPage=102&postListTopCurrentPage=&from=menu,[한샘 홈케어] 생활 방역부터 세라믹 탄성코트까지 홈케어로 끝!,2020-11-26,blog
https://blog.naver.com/PostView.naver?blogId=hanssem70&logNo=222153931913&categoryNo=0&parentCategoryNo=0&viewDate=&currentPage=102&postListTopCurrentPage=&from=menu,[한샘 제품 후기] 뉴트럴 화이트 침대 내돈 내산 후기,2020-11-25,blog
https://blog.naver.com/PostView.naver?blogId=hanssem70&logNo=222152383946&categoryNo=0&parentCategoryNo=0&viewDate=&currentPage=102&postListTopCurrentPage=&from=menu,[한샘 제품 소개] 프라임 노블 & 리츠 홈바형 리클라이너 소파 출시,2020-11-24,blog
https://blog.naver.com/PostView.naver?blogId=hanssem70&logNo=222148405217&categoryNo=0&parentCategoryNo=0&viewDate=&currentPage=102&postListTopCurrentPage=&from=menu,[한샘 홈케어] 단열필름탄성코트미세먼지 차단 방충망 포토후기,2020-11-19,blog
https://blog.naver.com/PostView.naver?blogId=hanssem70&logNo=222134099145&categoryNo=0&parentCategoryNo=0&viewDate=&currentPage=103&postListTopCurrentPage=&from=menu,[한샘 X 11번가 십일절] 리클라이너&소파&식탁 베스트 특가 라이브방송!+이벤트♥,2020-11-03,blog
https://blog.naver.com/PostView.naver?blogId=hanssem70&logNo=222127063316&categoryNo=0&parentCategoryNo=0&viewDate=&currentPage=103&postListTopCurrentPage=&from=menu,[한샘 제품 소개] 신제품 유로 602 오슬로 식탁세트 출시,2020-10-29,blog
https://blog.naver.com/PostView.naver?blogId=hanssem70&logNo=222120239868&categoryNo=0&parentCategoryNo=0&viewDate=&currentPage=103&postListTopCurrentPage=&from=menu,"[한샘 제품 소개] 옷장, 서랍장, 화장대를 하나로! 신제품 유로 506 스케치 붙박이장",2020-10-21,blog
https://blog.naver.com/PostView.naver?blogId=hanssem70&logNo=222120864397&categoryNo=0&parentCategoryNo=0&viewDate=&currentPage=103&postListTopCurrentPage=&from=menu,[한샘 제품 소개] 신제품 유로 503 디아고 스틸 식탁세트 출시!,2020-10-20,blog
https://blog.naver.com/PostView.naver?blogId=hanssem70&logNo=222109964907&categoryNo=0&parentCategoryNo=0&viewDate=&currentPage=103&postListTopCurrentPage=&from=menu,"[한샘 사회공헌] 시흥시, 초등 돌봄교실 시설 환경 개선 및 시흥 일꾼 지역 자활센터에 주방용품 기부",2020-10-08,blog
https://blog.naver.com/PostView.naver?blogId=hanssem70&logNo=222108971931&categoryNo=0&parentCategoryNo=0&viewDate=&currentPage=104&postListTopCurrentPage=&from=menu,[한샘 사회공헌] 8월 소방근무환경 개선활동,2020-10-07,blog
https://blog.naver.com/PostView.naver?blogId=hanssem70&logNo=222107994771&categoryNo=0&parentCategoryNo=0&viewDate=&currentPage=104&postListTopCurrentPage=&from=menu,"[한샘 홈케어] 베란다 결로, 곰팡이 방지 '한샘 세라믹 탄성코트'",2020-10-06,blog
https://blog.naver.com/PostView.naver?blogId=hanssem70&logNo=222098156061&categoryNo=0&parentCategoryNo=0&viewDate=&currentPage=104&postListTopCurrentPage=&from=menu,[욕실 리폼] 꼭 필요한 곳만 바꾸는 가성비 인테리어(세면대변기바닥 교체),2020-09-24,blog
https://blog.naver.com/PostView.naver?blogId=hanssem70&logNo=222096522595&categoryNo=0&parentCategoryNo=0&viewDate=&currentPage=104&postListTopCurrentPage=&from=menu,[한샘 제품소개] 플랫에서 플랫화이트 한 잔! 유로 501 플랫 출시!,2020-09-22,blog
https://blog.naver.com/PostView.naver?blogId=hanssem70&logNo=222090837194&categoryNo=0&parentCategoryNo=0&viewDate=&currentPage=104&postListTopCurrentPage=&from=menu,"[한샘 제품 소개] 신제품 유로 602 필로우 침실, 프리미엄 오더메이드 침대",2020-09-16,blog
https://blog.naver.com/PostView.naver?blogId=hanssem70&logNo=222085449044&categoryNo=0&parentCategoryNo=0&viewDate=&currentPage=105&postListTopCurrentPage=&from=menu,[욕실 리폼] 욕실 부분 리모델링(세면대변기바닥 교체) 최대 35 EVENT,2020-09-10,blog
https://blog.naver.com/PostView.naver?blogId=hanssem70&logNo=222083433350&categoryNo=0&parentCategoryNo=0&viewDate=&currentPage=105&postListTopCurrentPage=&from=menu,[한샘 제품 소개] 신제품 밀란 302 엣지침실로 엣지있는 침실 꾸미기!,2020-09-08,blog
https://blog.naver.com/PostView.naver?blogId=hanssem70&logNo=222078964620&categoryNo=0&parentCategoryNo=0&viewDate=&currentPage=105&postListTopCurrentPage=&from=menu,[한샘 제품 소개] NEW! 슬리핑코드 알러지케어 토퍼 출시,2020-09-03,blog
https://blog.naver.com/PostView.naver?blogId=hanssem70&logNo=222072660233&categoryNo=0&parentCategoryNo=0&viewDate=&currentPage=105&postListTopCurrentPage=&from=menu,[한샘 제품소개] 유로506 데이지 매트리스 신제품 출시,2020-08-27,blog
https://blog.naver.com/PostView.naver?blogId=hanssem70&logNo=222069265998&categoryNo=0&parentCategoryNo=0&viewDate=&currentPage=105&postListTopCurrentPage=&from=menu,"[한샘 제품 소개] 신혼의 로망을 실현시켜줄, 아로하- 유로 로아 드레스룸",2020-08-24,blog
https://blog.naver.com/PostView.naver?blogId=hanssem70&logNo=222064771793&categoryNo=0&parentCategoryNo=0&viewDate=&currentPage=106&postListTopCurrentPage=&from=menu,[한샘 제품안내] 유로 503뉴트럴 화이트 호텔 침대 신제품 출시,2020-08-19,blog
https://blog.naver.com/PostView.naver?blogId=hanssem70&logNo=222059317402&categoryNo=0&parentCategoryNo=0&viewDate=&currentPage=106&postListTopCurrentPage=&from=menu,[한샘 공간제안] 신난다~♬ 집에서 홈캉스 즐기기,2020-08-13,blog
https://blog.naver.com/PostView.naver?blogId=hanssem70&logNo=222058268790&categoryNo=0&parentCategoryNo=0&viewDate=&currentPage=106&postListTopCurrentPage=&from=menu,[한샘 클로즈 침대] 수납·조명· USB 기능으로 좁은 침실도 편리하게!,2020-08-12,blog
https://blog.naver.com/PostView.naver?blogId=hanssem70&logNo=222053910369&categoryNo=0&parentCategoryNo=0&viewDate=&currentPage=106&postListTopCurrentPage=&from=menu,[한샘 사회공헌] 우리집에 딱! 맞춘 감동 부엌,2020-08-10,blog
https://blog.naver.com/PostView.naver?blogId=hanssem70&logNo=222053899124&categoryNo=0&parentCategoryNo=0&viewDate=&currentPage=106&postListTopCurrentPage=&from=menu,[한샘 공간제안] 부엌이 달라지는 포인트장 추천 BEST3,2020-08-10,blog
https://blog.naver.com/PostView.naver?blogId=hanssem70&logNo=222051744773&categoryNo=0&parentCategoryNo=0&viewDate=&currentPage=107&postListTopCurrentPage=&from=menu,[슬기로운 욕실 생활] 1탄 여름철 욕실 관리 '굿바이 곰팡이&물때',2020-08-06,blog
https://blog.naver.com/PostView.naver?blogId=hanssem70&logNo=222047411711&categoryNo=0&parentCategoryNo=0&viewDate=&currentPage=107&postListTopCurrentPage=&from=menu,[한샘 홈케어] 여름 인기 3총사! 에어컨청소 방충망 매트리스청소,2020-07-31,blog
https://blog.naver.com/PostView.naver?blogId=hanssem70&logNo=222046333496&categoryNo=0&parentCategoryNo=0&viewDate=&currentPage=107&postListTopCurrentPage=&from=menu,[한샘리하우스] 한샘X홈플러스 천안점 리하우스 대형쇼룸 오픈,2020-07-30,blog
https://blog.naver.com/PostView.naver?blogId=hanssem70&logNo=222040231944&categoryNo=0&parentCategoryNo=0&viewDate=&currentPage=107&postListTopCurrentPage=&from=menu,"[한샘 홈케어] 여름 장마철 습기, 곰팡이 제거템! (줄눈시공나노코팅제습기청소)",2020-07-24,blog
https://blog.naver.com/PostView.naver?blogId=hanssem70&logNo=222033313345&categoryNo=0&parentCategoryNo=0&viewDate=&currentPage=107&postListTopCurrentPage=&from=menu,[한샘 홈케어] 여름 인기상품! 에어컨 청소 반값 세일! (feat. 방충망),2020-07-17,blog
https://blog.naver.com/PostView.naver?blogId=hanssem70&logNo=222031419769&categoryNo=0&parentCategoryNo=0&viewDate=&currentPage=108&postListTopCurrentPage=&from=menu,"[한샘데코침대] 디자인,실용성 다 갖춘 침실 스타일링 엿보기",2020-07-15,blog
https://blog.naver.com/PostView.naver?blogId=hanssem70&logNo=222030549142&categoryNo=0&parentCategoryNo=0&viewDate=&currentPage=108&postListTopCurrentPage=&from=menu,[한샘 사회공헌] 새롭게 꾸며진 집에서 새로운 생활을!,2020-07-14,blog
https://blog.naver.com/PostView.naver?blogId=hanssem70&logNo=222026990296&categoryNo=0&parentCategoryNo=0&viewDate=&currentPage=108&postListTopCurrentPage=&from=menu,[한샘 홈케어] 기간한정 타임특가 ~30 (710~717),2020-07-10,blog
https://blog.naver.com/PostView.naver?blogId=hanssem70&logNo=222025953818&categoryNo=0&parentCategoryNo=0&viewDate=&currentPage=108&postListTopCurrentPage=&from=menu,[한샘 사회공헌] KBS 1TV ‘동행’과 함께하는 주거환경 개선 활동,2020-07-09,blog
https://blog.naver.com/PostView.naver?blogId=hanssem70&logNo=222020126119&categoryNo=0&parentCategoryNo=0&viewDate=&currentPage=108&postListTopCurrentPage=&from=menu,[한샘홈케어] 최초! 전~품목 최대 50 세일!,2020-07-03,blog
https://blog.naver.com/PostView.naver?blogId=hanssem70&logNo=222017087201&categoryNo=0&parentCategoryNo=0&viewDate=&currentPage=109&postListTopCurrentPage=&from=menu,[한샘VRoom] 모던클래식 50평대 아파트인테리어 VR 온라인집들이,2020-06-30,blog
https://blog.naver.com/PostView.naver?blogId=hanssem70&logNo=222017074726&categoryNo=0&parentCategoryNo=0&viewDate=&currentPage=109&postListTopCurrentPage=&from=menu,[한샘VRoom] 초등학생 아이가 있는 40평대 인테리어 VR 랜선집들이,2020-06-30,blog
https://blog.naver.com/PostView.naver?blogId=hanssem70&logNo=222017017831&categoryNo=0&parentCategoryNo=0&viewDate=&currentPage=109&postListTopCurrentPage=&from=menu,[한샘 매트리스] 아기가 써도 안전한 매트리스의 비법,2020-06-30,blog
https://blog.naver.com/PostView.naver?blogId=hanssem70&logNo=222012971075&categoryNo=0&parentCategoryNo=0&viewDate=&currentPage=109&postListTopCurrentPage=&from=menu,[한샘 침대] 여름철 매트리스 및 침구 관리 꿀팁!,2020-06-26,blog
https://blog.naver.com/PostView.naver?blogId=hanssem70&logNo=222011983219&categoryNo=0&parentCategoryNo=0&viewDate=&currentPage=109&postListTopCurrentPage=&from=menu,[한샘홈케어] 방충망 에어컨케어 매트리스케어 비포에프터 후기 모음집,2020-06-25,blog
https://blog.naver.com/PostView.naver?blogId=hanssem70&logNo=222010919748&categoryNo=0&parentCategoryNo=0&viewDate=&currentPage=110&postListTopCurrentPage=&from=menu,[한샘바스 깜짝딜] 단 5일만! 한샘바스 역대 최저가 229만원 (최대 13 sale),2020-06-24,blog
https://blog.naver.com/PostView.naver?blogId=hanssem70&logNo=222006130874&categoryNo=0&parentCategoryNo=0&viewDate=&currentPage=110&postListTopCurrentPage=&from=menu,[한샘홈케어] 한샘몰 1위 기념! 한샘홈케어 최저가 이벤트,2020-06-19,blog
https://blog.naver.com/PostView.naver?blogId=hanssem70&logNo=222003962310&categoryNo=0&parentCategoryNo=0&viewDate=&currentPage=110&postListTopCurrentPage=&from=menu,[고객 실제 사용후기] 호텔침대로 꾸민 우리집 침실,2020-06-17,blog
https://blog.naver.com/PostView.naver?blogId=hanssem70&logNo=222003876408&categoryNo=0&parentCategoryNo=0&viewDate=&currentPage=110&postListTopCurrentPage=&from=menu,나에게 꼭 맞는 매트리스 찾는 법 (feat. 꿀잠),2020-06-17,blog
https://blog.naver.com/PostView.naver?blogId=hanssem70&logNo=222002482107&categoryNo=0&parentCategoryNo=0&viewDate=&currentPage=110&postListTopCurrentPage=&from=menu,[한샘 사회공헌] 주거환경 개선 활동 ‘여기에 앉아서 놀 거에요!’,2020-06-16,blog
https://blog.naver.com/PostView.naver?blogId=hanssem70&logNo=222001611955&categoryNo=0&parentCategoryNo=0&viewDate=&currentPage=111&postListTopCurrentPage=&from=menu,"단 일주일! 모모로로 완성하는 우리아이 공부방&놀이방, 특가 혜택으로 득템하세요!",2020-06-15,blog
https://blog.naver.com/PostView.naver?blogId=hanssem70&logNo=222001570581&categoryNo=0&parentCategoryNo=0&viewDate=&currentPage=111&postListTopCurrentPage=&from=menu,[한샘 포엠침대] 올 여름엔 홈캉스 어때요,2020-06-15,blog
https://blog.naver.com/PostView.naver?blogId=hanssem70&logNo=221998269312&categoryNo=0&parentCategoryNo=0&viewDate=&currentPage=111&postListTopCurrentPage=&from=menu,[한샘 X GS MY SHOP] 여름맞이 한샘 에어컨&세탁기 케어 론칭 특집전,2020-06-12,blog
https://blog.naver.com/PostView.naver?blogId=hanssem70&logNo=221997553259&categoryNo=0&parentCategoryNo=0&viewDate=&currentPage=111&postListTopCurrentPage=&from=menu,[한샘VRoom] 반려묘와 함께 하는 36평 아파트 인테리어,2020-06-11,blog
https://blog.naver.com/PostView.naver?blogId=hanssem70&logNo=221997544925&categoryNo=0&parentCategoryNo=0&viewDate=&currentPage=111&postListTopCurrentPage=&from=menu,[한샘VRoom] 나만의 작업실이 있는 심플한 26평형 아파트 인테리어,2020-06-11,blog
https://blog.naver.com/PostView.naver?blogId=hanssem70&logNo=221997155946&categoryNo=0&parentCategoryNo=0&viewDate=&currentPage=112&postListTopCurrentPage=&from=menu,[한샘 홈케어] 부엌&욕실 클린리폼 시공사진 대방출!,2020-06-11,blog
https://blog.naver.com/PostView.naver?blogId=hanssem70&logNo=221995176118&categoryNo=0&parentCategoryNo=0&viewDate=&currentPage=112&postListTopCurrentPage=&from=menu,[한샘VRoom] 커리어우먼의 재충전을 위한 25평형 아파트 인테리어,2020-06-09,blog
https://blog.naver.com/PostView.naver?blogId=hanssem70&logNo=221995122128&categoryNo=0&parentCategoryNo=0&viewDate=&currentPage=112&postListTopCurrentPage=&from=menu,[한샘VRoom] 맞벌이 부부와 아이가 함께하는 35평 인테리어,2020-06-09,blog
https://blog.naver.com/PostView.naver?blogId=hanssem70&logNo=221990960330&categoryNo=0&parentCategoryNo=0&viewDate=&currentPage=112&postListTopCurrentPage=&from=menu,[한샘 홈케어] ★고객만족도 9.2점★ 미세먼지차단 방충망,2020-06-05,blog
https://blog.naver.com/PostView.naver?blogId=hanssem70&logNo=221983090693&categoryNo=0&parentCategoryNo=0&viewDate=&currentPage=112&postListTopCurrentPage=&from=menu,[한샘 VRoom] 4명이 함께할 때 더 행복한 55평 인테리어 VR 랜선집들이,2020-05-29,blog
https://blog.naver.com/PostView.naver?blogId=hanssem70&logNo=221983025154&categoryNo=0&parentCategoryNo=0&viewDate=&currentPage=113&postListTopCurrentPage=&from=menu,[한샘 VRoom] 인테리어 전문가의 24평 신혼집 VR 랜선집들이,2020-05-29,blog
https://blog.naver.com/PostView.naver?blogId=hanssem70&logNo=221981762380&categoryNo=0&parentCategoryNo=0&viewDate=&currentPage=113&postListTopCurrentPage=&from=menu,"[한샘 홈케어] 하루, 이틀이면 OK! 부엌&욕실 클린리폼 패키지",2020-05-28,blog
https://blog.naver.com/PostView.naver?blogId=hanssem70&logNo=221980631035&categoryNo=0&parentCategoryNo=0&viewDate=&currentPage=113&postListTopCurrentPage=&from=menu,[한샘VRoom] 사춘기 자녀와 함께 사는 4인가족 38평형 인테리어,2020-05-27,blog
https://blog.naver.com/PostView.naver?blogId=hanssem70&logNo=221980616436&categoryNo=0&parentCategoryNo=0&viewDate=&currentPage=113&postListTopCurrentPage=&from=menu,[한샘VRoom] 집순이 & 집돌이 일상 맞춤형 25평 인테리어,2020-05-27,blog
https://blog.naver.com/PostView.naver?blogId=hanssem70&logNo=221979254531&categoryNo=0&parentCategoryNo=0&viewDate=&currentPage=113&postListTopCurrentPage=&from=menu,[신제품 출시] 모모로 HOT 신상! 유아 책상 & 의자 출시!,2020-05-26,blog
https://blog.naver.com/PostView.naver?blogId=hanssem70&logNo=221973246701&categoryNo=0&parentCategoryNo=0&viewDate=&currentPage=114&postListTopCurrentPage=&from=menu,"[신제품 출시] 침실에 나만의 컬러를 입히다, 유로 504 데코 침실",2020-05-21,blog
https://blog.naver.com/PostView.naver?blogId=hanssem70&logNo=221973134363&categoryNo=0&parentCategoryNo=0&viewDate=&currentPage=114&postListTopCurrentPage=&from=menu,[한샘 홈케어] 올 여름은 먼지 없이 시원하게! 여름맞이 기간한정 이벤트,2020-05-21,blog
https://blog.naver.com/PostView.naver?blogId=hanssem70&logNo=221970291417&categoryNo=0&parentCategoryNo=0&viewDate=&currentPage=114&postListTopCurrentPage=&from=menu,[한샘VRoom] 수납 걱정 없는 31평 아파트 신혼집 인테리어,2020-05-19,blog
https://blog.naver.com/PostView.naver?blogId=hanssem70&logNo=221969080214&categoryNo=0&parentCategoryNo=0&viewDate=&currentPage=114&postListTopCurrentPage=&from=menu,‘평범한 가족의 평범하지 않은 집’ 33평 아파트 인테리어 VR 랜선집들이,2020-05-18,blog
https://blog.naver.com/PostView.naver?blogId=hanssem70&logNo=221969040566&categoryNo=0&parentCategoryNo=0&viewDate=&currentPage=114&postListTopCurrentPage=&from=menu,[한샘VRoom] ‘대화하고 싶은 집’ 중학생 자녀가 있는 34평 아파트 인테리어,2020-05-18,blog
https://blog.naver.com/PostView.naver?blogId=hanssem70&logNo=221968998111&categoryNo=0&parentCategoryNo=0&viewDate=&currentPage=115&postListTopCurrentPage=&from=menu,[한샘 사회공헌] 한샘 주거환경 개선 활동 ‘꼭 새집 같아요!,2020-05-18,blog
https://blog.naver.com/PostView.naver?blogId=hanssem70&logNo=221962492597&categoryNo=0&parentCategoryNo=0&viewDate=&currentPage=115&postListTopCurrentPage=&from=menu,[한샘 홈케어] 가성비 갑! 집꾸밈 꿀템 기획전,2020-05-14,blog
https://blog.naver.com/PostView.naver?blogId=hanssem70&logNo=221957011141&categoryNo=0&parentCategoryNo=0&viewDate=&currentPage=115&postListTopCurrentPage=&from=menu,[한샘 침대] 독일에서 온 콩코드 메모리폼 매트리스,2020-05-11,blog
https://blog.naver.com/PostView.naver?blogId=hanssem70&logNo=221952412733&categoryNo=0&parentCategoryNo=0&viewDate=&currentPage=115&postListTopCurrentPage=&from=menu,"[한샘 침대] 사계절 내내 편안한 침실라이프, 포시즌매트리스",2020-05-08,blog
https://blog.naver.com/PostView.naver?blogId=hanssem70&logNo=221952394412&categoryNo=0&parentCategoryNo=0&viewDate=&currentPage=115&postListTopCurrentPage=&from=menu,[한샘VRoom] 자녀와 함께 성장하는 30평대 아파트 인테리어 VR 집꾸밈,2020-05-08,blog
https://blog.naver.com/PostView.naver?blogId=hanssem70&logNo=221950331356&categoryNo=0&parentCategoryNo=0&viewDate=&currentPage=116&postListTopCurrentPage=&from=menu,[한샘디자인파크] GRAND OPEN! 한샘디자인파크 기흥점,2020-05-07,blog
https://blog.naver.com/PostView.naver?blogId=hanssem70&logNo=221948543408&categoryNo=0&parentCategoryNo=0&viewDate=&currentPage=116&postListTopCurrentPage=&from=menu,[한샘VRoom] 20평대 VR 집꾸밈 ‘나혼자산다’ 싱글라이프 인테리어,2020-05-06,blog
https://blog.naver.com/PostView.naver?blogId=hanssem70&logNo=221936137463&categoryNo=0&parentCategoryNo=0&viewDate=&currentPage=116&postListTopCurrentPage=&from=menu,[한샘홈케어] 한샘 프리미엄 청소서비스 출시!,2020-04-29,blog
https://blog.naver.com/PostView.naver?blogId=hanssem70&logNo=221934224509&categoryNo=0&parentCategoryNo=0&viewDate=&currentPage=116&postListTopCurrentPage=&from=menu,[한샘VRoom] 45평 VR 집꾸밈 ‘36년 된 아파트의 변신’,2020-04-28,blog
https://blog.naver.com/PostView.naver?blogId=hanssem70&logNo=221932426736&categoryNo=0&parentCategoryNo=0&viewDate=&currentPage=116&postListTopCurrentPage=&from=menu,[한샘VRoom] 28평 VR 집꾸밈 ‘유아자녀 부부의 아파트 인테리어’,2020-04-27,blog
https://blog.naver.com/PostView.naver?blogId=hanssem70&logNo=221924850702&categoryNo=0&parentCategoryNo=0&viewDate=&currentPage=117&postListTopCurrentPage=&from=menu,[신제품 출시] 한샘 프리미엄 청소서비스 출시!,2020-04-23,blog
https://blog.naver.com/PostView.naver?blogId=hanssem70&logNo=221911623620&categoryNo=0&parentCategoryNo=0&viewDate=&currentPage=117&postListTopCurrentPage=&from=menu,"[홈케어 이벤트] 에어컨청소, 지금 신청하면 20 OFF에 피톤치드 살균까지!",2020-04-16,blog
https://blog.naver.com/PostView.naver?blogId=hanssem70&logNo=221906026714&categoryNo=0&parentCategoryNo=0&viewDate=&currentPage=117&postListTopCurrentPage=&from=menu,[한샘리하우스] 리하우스 대구범어점 새단장 오픈 안내,2020-04-13,blog
https://blog.naver.com/PostView.naver?blogId=hanssem70&logNo=221901094215&categoryNo=0&parentCategoryNo=0&viewDate=&currentPage=117&postListTopCurrentPage=&from=menu,[한샘 침대] 포엠 침실세트로 우리 집 침실을 호텔처럼!,2020-04-10,blog
https://blog.naver.com/PostView.naver?blogId=hanssem70&logNo=221899068277&categoryNo=0&parentCategoryNo=0&viewDate=&currentPage=117&postListTopCurrentPage=&from=menu,[한샘홈케어 고객후기] 에어컨케어 REAL 후기,2020-04-09,blog
https://blog.naver.com/PostView.naver?blogId=hanssem70&logNo=221888675057&categoryNo=0&parentCategoryNo=0&viewDate=&currentPage=118&postListTopCurrentPage=&from=menu,[홈케어 똑똑 TIP] 봄맞이 우리집 관리법,2020-04-03,blog
https://blog.naver.com/PostView.naver?blogId=hanssem70&logNo=221886742153&categoryNo=0&parentCategoryNo=0&viewDate=&currentPage=118&postListTopCurrentPage=&from=menu,"[한샘 식탁] 아-무 걱정 없는 식탁, 도노 세라믹!",2020-04-02,blog
https://blog.naver.com/PostView.naver?blogId=hanssem70&logNo=221885224548&categoryNo=0&parentCategoryNo=0&viewDate=&currentPage=118&postListTopCurrentPage=&from=menu,[한샘몰X뒹굴러] 샘키즈 아기소파 출시기념 할인이벤트,2020-04-01,blog
https://blog.naver.com/PostView.naver?blogId=hanssem70&logNo=221874162122&categoryNo=0&parentCategoryNo=0&viewDate=&currentPage=118&postListTopCurrentPage=&from=menu,[한샘홈케어] 봄철 미세먼지 관리는 한샘 홈케어로!,2020-03-26,blog
https://blog.naver.com/PostView.naver?blogId=hanssem70&logNo=221872352564&categoryNo=0&parentCategoryNo=0&viewDate=&currentPage=118&postListTopCurrentPage=&from=menu,"[20년 SS 신상품] 침실을 리모델링하세요, 유로 503 아트월 월넛침대",2020-03-25,blog
https://blog.naver.com/PostView.naver?blogId=hanssem70&logNo=221862096605&categoryNo=0&parentCategoryNo=0&viewDate=&currentPage=119&postListTopCurrentPage=&from=menu,2020 한샘 봄 - 라이프스타일 트렌드 발표,2020-03-19,blog
https://blog.naver.com/PostView.naver?blogId=hanssem70&logNo=221861471843&categoryNo=0&parentCategoryNo=0&viewDate=&currentPage=119&postListTopCurrentPage=&from=menu,[한샘 리하우스] 리하우스 센텀점 리뉴얼 오픈 안내,2020-03-19,blog
https://blog.naver.com/PostView.naver?blogId=hanssem70&logNo=221852192965&categoryNo=0&parentCategoryNo=0&viewDate=&currentPage=119&postListTopCurrentPage=&from=menu,[한샘리하우스 직영점 오픈] 한샘리하우스 스타필드 고양점 직영점 1호 오픈!,2020-03-13,blog
https://blog.naver.com/PostView.naver?blogId=hanssem70&logNo=221851922946&categoryNo=0&parentCategoryNo=0&viewDate=&currentPage=119&postListTopCurrentPage=&from=menu,[한샘홈케어 똑똑 TIP] 우리집에 꼭 필요한 홈케어,2020-03-13,blog
https://blog.naver.com/PostView.naver?blogId=hanssem70&logNo=221840366061&categoryNo=0&parentCategoryNo=0&viewDate=&currentPage=119&postListTopCurrentPage=&from=menu,"[한샘 홈케어] 클린 한샘, 코로나19 안전지대",2020-03-06,blog
https://blog.naver.com/PostView.naver?blogId=hanssem70&logNo=221827680870&categoryNo=0&parentCategoryNo=0&viewDate=&currentPage=120&postListTopCurrentPage=&from=menu,원하는 대로 자유롭게! 한샘 바흐 드레스룸 쉘빙 시스템,2020-02-27,blog
https://blog.naver.com/PostView.naver?blogId=hanssem70&logNo=221825954699&categoryNo=0&parentCategoryNo=0&viewDate=&currentPage=120&postListTopCurrentPage=&from=menu,"[한샘홈케어 똑똑TIP] 신종 코로나19 예방, 한샘 방역살균케어",2020-02-26,blog
https://blog.naver.com/PostView.naver?blogId=hanssem70&logNo=221822405074&categoryNo=0&parentCategoryNo=0&viewDate=&currentPage=120&postListTopCurrentPage=&from=menu,"아이들의 로망을 현실로, 한샘 버니 벙커침대 출시!",2020-02-24,blog
https://blog.naver.com/PostView.naver?blogId=hanssem70&logNo=221818281570&categoryNo=0&parentCategoryNo=0&viewDate=&currentPage=120&postListTopCurrentPage=&from=menu,"구름 위에 앉은 듯 소프트한 착석감의 리클라이너 소파, 한샘 브리 소파",2020-02-21,blog
https://blog.naver.com/PostView.naver?blogId=hanssem70&logNo=221818273070&categoryNo=0&parentCategoryNo=0&viewDate=&currentPage=120&postListTopCurrentPage=&from=menu,다양한 인테리어에 맞춰 움직이는 모듈식 소파! 한샘 소호 소파,2020-02-21,blog
https://blog.naver.com/PostView.naver?blogId=hanssem70&logNo=221809109537&categoryNo=0&parentCategoryNo=0&viewDate=&currentPage=121&postListTopCurrentPage=&from=menu,"[한샘홈케어 똑똑 TIP] 미세먼지로부터 안전하게, 한샘 미세먼지 차단망",2020-02-14,blog
https://blog.naver.com/PostView.naver?blogId=hanssem70&logNo=221809104223&categoryNo=0&parentCategoryNo=0&viewDate=&currentPage=121&postListTopCurrentPage=&from=menu,직접 써보시고 결정하세요! 한샘몰 천연가죽소파 무료체험 이벤트,2020-02-14,blog
https://blog.naver.com/PostView.naver?blogId=hanssem70&logNo=221807826675&categoryNo=0&parentCategoryNo=0&viewDate=&currentPage=121&postListTopCurrentPage=&from=menu,부산에서 집꾸밀땐 한샘 디자인파크 부산센텀점 생활용품관!,2020-02-13,blog
https://blog.naver.com/PostView.naver?blogId=hanssem70&logNo=221806268477&categoryNo=0&parentCategoryNo=0&viewDate=&currentPage=121&postListTopCurrentPage=&from=menu,[한샘 리모델링 패키지] 10년 전 가격으로 만나는 한샘리하우스 수퍼패키지,2020-02-12,blog
https://blog.naver.com/PostView.naver?blogId=hanssem70&logNo=221804728429&categoryNo=0&parentCategoryNo=0&viewDate=&currentPage=121&postListTopCurrentPage=&from=menu,"[한샘 홈케어 똑똑 TIP] 언제나 새 것 같은 우리 집, 필름 리폼",2020-02-11,blog
https://blog.naver.com/PostView.naver?blogId=hanssem70&logNo=221800076857&categoryNo=0&parentCategoryNo=0&viewDate=&currentPage=122&postListTopCurrentPage=&from=menu,"우리집 나만의 아지트, 빌트인플러스 벤치장",2020-02-07,blog
https://blog.naver.com/PostView.naver?blogId=hanssem70&logNo=221798644545&categoryNo=0&parentCategoryNo=0&viewDate=&currentPage=122&postListTopCurrentPage=&from=menu,[홈케어 이벤트] 2월 한정! 얼리버드를 위한 특급 혜택,2020-02-06,blog
https://blog.naver.com/PostView.naver?blogId=hanssem70&logNo=221797074831&categoryNo=0&parentCategoryNo=0&viewDate=&currentPage=122&postListTopCurrentPage=&from=menu,"[신제품 출시] 한샘키즈 핫한 신상, 보나 베이비장 출시!",2020-02-05,blog
https://blog.naver.com/PostView.naver?blogId=hanssem70&logNo=221794958784&categoryNo=0&parentCategoryNo=0&viewDate=&currentPage=122&postListTopCurrentPage=&from=menu,[한샘홈케어] 역대 최저가! 가장 싸게 매트리스 빨래하는 날,2020-02-03,blog
https://blog.naver.com/PostView.naver?blogId=hanssem70&logNo=221791558874&categoryNo=0&parentCategoryNo=0&viewDate=&currentPage=122&postListTopCurrentPage=&from=menu,[한샘리하우스] 한샘리하우스 양재점 리뉴얼 오픈,2020-01-31,blog
https://blog.naver.com/PostView.naver?blogId=hanssem70&logNo=221789032338&categoryNo=0&parentCategoryNo=0&viewDate=&currentPage=123&postListTopCurrentPage=&from=menu,"세상에 하나뿐인 나만의 공간, 알레 선반시스템",2020-01-29,blog
https://blog.naver.com/PostView.naver?blogId=hanssem70&logNo=221788962317&categoryNo=0&parentCategoryNo=0&viewDate=&currentPage=123&postListTopCurrentPage=&from=menu,[한샘홈케어 똑똑TIP] 우리 집 명절 후유증 극복 방법,2020-01-29,blog
https://blog.naver.com/PostView.naver?blogId=hanssem70&logNo=221787842376&categoryNo=0&parentCategoryNo=0&viewDate=&currentPage=123&postListTopCurrentPage=&from=menu,한샘리하우스 인천점 리뉴얼 오픈!,2020-01-28,blog
https://blog.naver.com/PostView.naver?blogId=hanssem70&logNo=221782990634&categoryNo=0&parentCategoryNo=0&viewDate=&currentPage=123&postListTopCurrentPage=&from=menu,한샘의 2020 첫 입주박람회에 초대합니다!,2020-01-23,blog
https://blog.naver.com/PostView.naver?blogId=hanssem70&logNo=221779133889&categoryNo=0&parentCategoryNo=0&viewDate=&currentPage=123&postListTopCurrentPage=&from=menu,이제 소파가 나에게 맞춘다! 한샘 모먼트 소파,2020-01-20,blog
https://blog.naver.com/PostView.naver?blogId=hanssem70&logNo=221775592724&categoryNo=0&parentCategoryNo=0&viewDate=&currentPage=124&postListTopCurrentPage=&from=menu,"거실장부터 책장까지, 어떤 공간도 느낌있게! 한샘 모딜리 시리즈 출시",2020-01-17,blog
https://blog.naver.com/PostView.naver?blogId=hanssem70&logNo=221774064076&categoryNo=0&parentCategoryNo=0&viewDate=&currentPage=124&postListTopCurrentPage=&from=menu,명절 선물은 한샘홈케어로! 설맞이 1+1 특별 이벤트,2020-01-16,blog
https://blog.naver.com/PostView.naver?blogId=hanssem70&logNo=221771629682&categoryNo=0&parentCategoryNo=0&viewDate=&currentPage=124&postListTopCurrentPage=&from=menu,[한샘홈케어 똑똑TIP] 건강 해치는 실내 공기오염 물질 제거법,2020-01-14,blog
https://blog.naver.com/PostView.naver?blogId=hanssem70&logNo=221698714733&categoryNo=0&parentCategoryNo=0&viewDate=&currentPage=124&postListTopCurrentPage=&from=menu,[아이방 인테리어] 샘키즈 하나면 정리 다 한샘!,2019-11-05,blog
https://blog.naver.com/PostView.naver?blogId=hanssem70&logNo=221660768182&categoryNo=0&parentCategoryNo=0&viewDate=&currentPage=124&postListTopCurrentPage=&from=menu,27평 아파트 인테리어 감각적인 미니멀인테리어로 모던하고 아늑한 신혼집 꾸미기,2019-09-27,blog
https://blog.naver.com/PostView.naver?blogId=hanssem70&logNo=221560115005&categoryNo=0&parentCategoryNo=0&viewDate=&currentPage=125&postListTopCurrentPage=&from=menu,빌트인 시스템을 적용한 거실 인테리어 - 집 빈 벽을 가족의 공간으로,2019-06-12,blog
https://blog.naver.com/PostView.naver?blogId=hanssem70&logNo=221422370174&categoryNo=0&parentCategoryNo=0&viewDate=&currentPage=125&postListTopCurrentPage=&from=menu,크리스마스 인테리어 취향 저격 겨울 거실 인테리어,2018-12-19,blog
https://blog.naver.com/PostView.naver?blogId=hanssem70&logNo=221407940761&categoryNo=0&parentCategoryNo=0&viewDate=&currentPage=125&postListTopCurrentPage=&from=menu,"서재형 거실 인테리어, 책장 넘기는 소리가 가득한 북카페형 거실",2018-11-28,blog
https://blog.naver.com/PostView.naver?blogId=hanssem70&logNo=221380209645&categoryNo=0&parentCategoryNo=0&viewDate=&currentPage=125&postListTopCurrentPage=&from=menu,[한샘 공식 블로그 운영 정책] 환영합니다! 한샘 공식 블로그입니다 ),2018-10-18,blog
https://blog.naver.com/PostView.naver?blogId=hanssem70&logNo=221348941129&categoryNo=0&parentCategoryNo=0&viewDate=&currentPage=125&postListTopCurrentPage=&from=menu,풍수 인테리어 가족이 화목하고 안락해지는 거실 인테리어,2018-08-30,blog
https://blog.naver.com/PostView.naver?blogId=hanssem70&logNo=221338656348&categoryNo=0&parentCategoryNo=0&viewDate=&currentPage=126&postListTopCurrentPage=&from=menu,좌식 의자 & 테이블로 거실 꾸미기. 좌식 인테리어,2018-08-14,blog
https://blog.naver.com/PostView.naver?blogId=hanssem70&logNo=221336293553&categoryNo=0&parentCategoryNo=0&viewDate=&currentPage=126&postListTopCurrentPage=&from=menu,한샘 리클라이너 쇼파 유퍼스트로 완성하는 거실 인테리어,2018-08-10,blog
https://blog.naver.com/PostView.naver?blogId=hanssem70&logNo=221320173099&categoryNo=0&parentCategoryNo=0&viewDate=&currentPage=126&postListTopCurrentPage=&from=menu,"부모 교육 토크 콘서트 참여 안내 부모, 길을 묻다",2018-07-16,blog
https://blog.naver.com/PostView.naver?blogId=hanssem70&logNo=221286594510&categoryNo=0&parentCategoryNo=0&viewDate=&currentPage=126&postListTopCurrentPage=&from=menu,[한샘 & CJ홈쇼핑] 2018년 붙박이장 단독 론칭전!,2018-05-29,blog
https://blog.naver.com/PostView.naver?blogId=hanssem70&logNo=223773478829&categoryNo=0&parentCategoryNo=0&viewDate=&currentPage=126&postListTopCurrentPage=&from=menu,한샘 홈쇼핑 부엌 구매 가이드,2018-03-28,blog
https://blog.naver.com/PostView.naver?blogId=hanssem70&logNo=220510351826&categoryNo=0&parentCategoryNo=0&viewDate=&currentPage=127&postListTopCurrentPage=&from=menu,"안식처가 되어주는 프리미엄 휴식공간, 소파 중심의 거실인테리어 엿보기",2015-10-16,blog
https://blog.naver.com/PostView.naver?blogId=hanssem70&logNo=220497267074&categoryNo=0&parentCategoryNo=0&viewDate=&currentPage=127&postListTopCurrentPage=&from=menu,거실인테리어 트렌드 3 라이프스타일에 따라 달라지는 우리집 거실 꾸미기!,2015-10-02,blog
https://blog.naver.com/PostView.naver?blogId=hanssem70&logNo=60209099082&categoryNo=0&parentCategoryNo=0&viewDate=&currentPage=127&postListTopCurrentPage=&from=menu,북유럽 스타일 신혼집 거실인테리어,2014-02-12,blog
https://blog.naver.com/PostView.naver?blogId=hanssem70&logNo=60198830121&categoryNo=0&parentCategoryNo=0&viewDate=&currentPage=127&postListTopCurrentPage=&from=menu,"[거실인테리어] 좁은거실인테리어_아이가 있는집, 원룸인테리어",2013-08-27,blog
https://blog.naver.com/PostView.naver?blogId=hanssem70&logNo=60196669345&categoryNo=0&parentCategoryNo=0&viewDate=&currentPage=127&postListTopCurrentPage=&from=menu,[거실인테리어] 24평 전셋집 아파트인테리어 꾸미기 1탄 TV형& 서재형 거실인테리어,2013-07-25,blog
https://blog.naver.com/PostView.naver?blogId=hanssem70&logNo=60196510724&categoryNo=0&parentCategoryNo=0&viewDate=&currentPage=128&postListTopCurrentPage=&from=menu,"[거실인테리어] 경제적인 거실장 만들기,샘리빙과 샘책장으로 만드는 거실장패키지",2013-07-23,blog
https://blog.naver.com/PostView.naver?blogId=hanssem70&logNo=60194245461&categoryNo=0&parentCategoryNo=0&viewDate=&currentPage=128&postListTopCurrentPage=&from=menu,[거실인테리어] 인테리어소품으로 향기로운 거실꾸미기 + 아로마디퓨저&아로마향초,2013-06-19,blog
https://blog.naver.com/PostView.naver?blogId=hanssem70&logNo=60193316406&categoryNo=0&parentCategoryNo=0&viewDate=&currentPage=128&postListTopCurrentPage=&from=menu,[거실인테리어] 북유럽인테리어 꾸미기,2013-06-04,blog
https://blog.naver.com/PostView.naver?blogId=hanssem70&logNo=60187645330&categoryNo=0&parentCategoryNo=0&viewDate=&currentPage=128&postListTopCurrentPage=&from=menu,"[거실인테리어] 서재형 거실 VS 미디어형 거실, 당신의 선택은_거실장",2013-03-21,blog
https://blog.naver.com/PostView.naver?blogId=hanssem70&logNo=60181868479&categoryNo=0&parentCategoryNo=0&viewDate=&currentPage=128&postListTopCurrentPage=&from=menu,[거실인테리어] 한샘인테리어 거실레시피5. 아빠의 휴식공간,2013-01-28,blog
https://blog.naver.com/PostView.naver?blogId=hanssem70&logNo=60180742812&categoryNo=0&parentCategoryNo=0&viewDate=&currentPage=129&postListTopCurrentPage=&from=menu,[거실 인테리어] 베란다인테리어 수납 종결자 - 시스템 가구 애딧2,2013-01-17,blog
https://blog.naver.com/PostView.naver?blogId=hanssem70&logNo=60180621766&categoryNo=0&parentCategoryNo=0&viewDate=&currentPage=129&postListTopCurrentPage=&from=menu,"[거실인테리어] 복을 부르는 2013 풍수인테리어3. 거실, 현관, 부엌",2013-01-16,blog
https://blog.naver.com/PostView.naver?blogId=hanssem70&logNo=60179401202&categoryNo=0&parentCategoryNo=0&viewDate=&currentPage=129&postListTopCurrentPage=&from=menu,[거실 인테리어] 보여주고 싶은 베란다인테리어 - 시스템 가구 애딧,2013-01-02,blog
https://blog.naver.com/PostView.naver?blogId=hanssem70&logNo=60178718246&categoryNo=0&parentCategoryNo=0&viewDate=&currentPage=129&postListTopCurrentPage=&from=menu,[거실 인테리어] 디자인소파로 스타일리쉬한 거실인테리어 꾸미기 - 카이&클린트 소파,2012-12-24,blog
https://blog.naver.com/PostView.naver?blogId=hanssem70&logNo=60175205272&categoryNo=0&parentCategoryNo=0&viewDate=&currentPage=129&postListTopCurrentPage=&from=menu,[거실인테리어] 한샘인테리어 거실레시피4. 엄마의 작업공간,2012-11-08,blog
https://blog.naver.com/PostView.naver?blogId=hanssem70&logNo=60160674680&categoryNo=0&parentCategoryNo=0&viewDate=&currentPage=130&postListTopCurrentPage=&from=menu,[한샘페이스북] 한샘페이스북을 소개합니다. 한샘의 팬이 되어 주세요!,2012-04-19,blog
https://blog.naver.com/PostView.naver?blogId=hanssem70&logNo=60154801845&categoryNo=0&parentCategoryNo=0&viewDate=&currentPage=130&postListTopCurrentPage=&from=menu,"[한샘몰] SBS주말극장 내일이오면 영균, 은채에게 어울리는 침실가구에 투표하기",2012-02-06,blog
https://blog.naver.com/PostView.naver?blogId=hanssem70&logNo=60152579972&categoryNo=0&parentCategoryNo=0&viewDate=&currentPage=130&postListTopCurrentPage=&from=menu,[한샘블로그] (주)한샘 공식 블로그 게릴라이벤트,2012-01-11,blog
https://blog.naver.com/PostView.naver?blogId=hanssem70&logNo=60141564296&categoryNo=0&parentCategoryNo=0&viewDate=&currentPage=130&postListTopCurrentPage=&from=menu,한샘키친바흐 부천전시장 GRAND OPEN 이벤트!!,2011-09-23,blog
https://blog.naver.com/PostView.naver?blogId=hanssem70&logNo=60140746847&categoryNo=0&parentCategoryNo=0&viewDate=&currentPage=130&postListTopCurrentPage=&from=menu,"한샘 웨딩멤버십 가입만 해도, 1만 마일리지 적립!",2011-09-15,blog
https://n.news.naver.com/mnews/article/003/0013499228?sid=101," 마지막 주 맞이 혜택 대방출  한샘 , '쌤페스타' 이벤트",2025-09-23,news
https://n.news.naver.com/mnews/article/117/0003991193?sid=103,"4분 만에 완판 한샘 쌤페스타, 29일까지 특가 기획전",2025-09-23,news
https://n.news.naver.com/mnews/article/421/0008502743?sid=101," 4분만에 완판  한샘 쌤페스타, 29일까지 특가기획전",2025-09-23,news
https://n.news.naver.com/mnews/article/003/0013487754?sid=101," 맞춤 솔루션 제안  한샘 , 청담 르엘 입주 단지 초청전",2025-09-17,news
https://n.news.naver.com/mnews/article/009/0005563902?sid=101,"이제는 비욘드 미니멀리즘이 대세 한샘 , 유로시리즈 전면 리뉴얼 출...",2025-09-24,news
https://n.news.naver.com/mnews/article/009/0005559320?sid=101,"한샘 , 소방관 위한 걷기 챌린지 진행",2025-09-16,news
https://n.news.naver.com/mnews/article/003/0013484403?sid=101, 걷는만큼 소방관에 기부  한샘 임직원들 걷기 챌린지,2025-09-16,news
https://n.news.naver.com/mnews/article/018/0006116828?sid=101,한샘 걷기 챌린지로 소방관에 기부,2025-09-16,news
https://n.news.naver.com/mnews/article/117/0003989217?sid=103,"한샘 , 청담 르엘 맞춤 가구 제안 프리미엄 수납 강조",2025-09-17,news
https://n.news.naver.com/mnews/article/003/0013477605?sid=101,' 한샘 숲 2호' 경기시흥 조성  지속가능 친환경 프로젝트 ,2025-09-12,news
https://n.news.naver.com/mnews/article/009/0005557393?sid=101,"한샘 , 평화의숲과 시흥에 도시숲 만든다",2025-09-12,news
https://n.news.naver.com/mnews/article/117/0003988841?sid=103,"걸음당 1원 한샘 , 걷기 챌린지 통해 소방관 복지 지원",2025-09-16,news
https://n.news.naver.com/mnews/article/008/0005252763?sid=101,창립 55주년 한샘 '쌤페스타'..  전국 매장서 최대 85 할인 ,2025-09-19,news
https://n.news.naver.com/mnews/article/003/0013466773?sid=101,한샘 . 창립 55주년 기념 '쌤페스타' 시작 최대 85 할인,2025-09-08,news
https://n.news.naver.com/mnews/article/014/0005403030?sid=101,"한샘 , 창립 55주년 쌤페스타 시작...최대 85 할인 혜택",2025-09-08,news
https://n.news.naver.com/mnews/article/119/0003000144?sid=101,"한샘 , 창립 55주년 기념 쌤페스타 시작",2025-09-08,news
https://n.news.naver.com/mnews/article/031/0000968137?sid=101,"[단독] 신세계까사, 프리미엄 키친 시장 진출",2025-09-25,news
https://n.news.naver.com/mnews/article/024/0000099993?sid=101,가구 1위 되찾은 한샘 B2C 반격 리바트 [맞수맞짱],2025-09-17,news
https://n.news.naver.com/mnews/article/003/0013453773?sid=101," 놓치지 마세요  창립 55주년 한샘 , 22일간 '쌤페스타'",2025-09-01,news
https://n.news.naver.com/mnews/article/421/0008454796?sid=101,"한샘 , 미니멀 디자인 호텔침대 '모노' 출시",2025-08-29,news
https://n.news.naver.com/mnews/article/031/0000961429?sid=101,"한샘 , '쌤페스타' 사전알림 신청 이벤트 진행",2025-09-01,news
https://n.news.naver.com/mnews/article/008/0005242848?sid=101," 신혼부부가 꿈꾸는 공간  한샘 , 미니멀 디자인 호텔침대 '모노' 출시",2025-08-29,news
https://n.news.naver.com/mnews/article/277/0005648351?sid=101," 최대 85 할인  한샘 , 창립 55주년 기념 '쌤페스타'",2025-09-08,news
https://n.news.naver.com/mnews/article/003/0013451579?sid=101," 내가 바랐던 신혼침실  한샘 , 미니멀 디자인 '모노' 출시",2025-08-31,news
https://n.news.naver.com/mnews/article/014/0005406392?sid=101, 인테리어 성수기 왔다  가을 공략 나선 건자재,2025-09-14,news
https://n.news.naver.com/mnews/article/014/0005406483?sid=101," 가을, 인테리어 성수기 왔다  업계 소비자 마케팅 확대",2025-09-14,news
https://n.news.naver.com/mnews/article/022/0004068482?sid=101,임직원 누적 2000만보 도전하는 이 기업 성공하면 전국 소방서에 주방...,2025-09-16,news
https://n.news.naver.com/mnews/article/029/0002980891?sid=101,이번에도 부동산 대책 불똥이 주택수요 억제에 가구업계 반등 기...,2025-09-08,news
https://n.news.naver.com/mnews/article/001/0015628111?sid=101,"한샘 , 소방관 복지 향상을 위한 임직원 '걷기 챌린지'",2025-09-16,news
https://n.news.naver.com/mnews/article/421/0008482046?sid=101,"한샘 , 시화공업단지 인근에 1500평 크기 도시숲 조성",2025-09-12,news
https://n.news.naver.com/mnews/article/030/0003349851?sid=101,"한샘 , 평화의숲과 손잡고 시흥에 ' 한샘 숲 2호' 조성",2025-09-12,news
https://n.news.naver.com/mnews/article/021/0002736479?sid=101,"한샘 , 시흥에 도시 숲 2호 조성 추진",2025-09-15,news
https://n.news.naver.com/mnews/article/022/0004067721?sid=101,"한샘 , 고급화 전략으로 불황 돌파한다",2025-09-12,news
https://n.news.naver.com/mnews/article/117/0003988314?sid=103,"한샘 , 시흥에 축구장 크기 한샘 숲 2호 세운다",2025-09-15,news
https://n.news.naver.com/mnews/article/277/0005652457?sid=101," 걸음이 기부로  한샘 , '임직원 걷기 챌린지' 진행",2025-09-16,news
https://n.news.naver.com/mnews/article/025/0003469782?sid=102,"한샘 글로벌, 한국 1위 세계 49위 언어서비스 기업 등극",2025-09-17,news
https://n.news.naver.com/mnews/article/277/0005650930?sid=101,"한샘 , 평화의숲과 ' 한샘 숲 2호' 조성 위한 업무협약",2025-09-12,news
https://n.news.naver.com/mnews/article/009/0005492897?sid=101,"한샘 , 노후 소방센터 리모델링 소방공무원 가족과 식사이벤트도",2025-05-15,news
https://n.news.naver.com/mnews/article/014/0005350256?sid=101,"사무실부터 샤워실까지 한샘 , 여수소방서 리모델링",2025-05-15,news
https://n.news.naver.com/mnews/article/030/0003310063?sid=101,"한샘 , 리모델링 시장 공략 박차 프리미엄 전략으로 올해도 1위 수성...",2025-05-07,news
https://n.news.naver.com/mnews/article/018/0006077308?sid=101,"한샘 , 코리아빌드 박람회 참가 프리미엄 부엌 욕실 수납 신제품 전...",2025-07-30,news
https://n.news.naver.com/mnews/article/014/0005400421?sid=101, 올해 우수 상생 기업은 누구  소상공인 협력기사 챙기는 가구업계,2025-09-02,news
https://n.news.naver.com/mnews/article/003/0013393734?sid=101,"한샘 , 코리아빌드 박람회 참가  부엌 욕실 신상품 소개 ",2025-07-30,news
https://n.news.naver.com/mnews/article/009/0005533449?sid=101,"한샘 , 2025 코리아빌드위크 참가",2025-07-30,news
https://n.news.naver.com/mnews/article/082/0001337866?sid=101,"한샘 , '코리아빌드' 참가 부엌 욕실 수납 신제품 공개",2025-07-30,news
https://n.news.naver.com/mnews/article/421/0008400927?sid=101,"한샘 , '코리아빌드' 건축박람회 참가 유로키친 신제품 공개",2025-07-30,news
https://n.news.naver.com/mnews/article/014/0005384557?sid=101," 인테리어 신상 공개  한샘 , '코리아빌드위크' 참가",2025-07-30,news
https://n.news.naver.com/mnews/article/022/0004035758?sid=101,"한샘 , 소방서 안전센터 환경 개선 함께한끼 행사 개최",2025-05-15,news
https://n.news.naver.com/mnews/article/421/0008251655?sid=101,"한샘 , 여수 지역 119안전센터 노후환경 개선 38번째",2025-05-15,news
https://n.news.naver.com/mnews/article/666/0000067188?sid=101,"새봄 맞이, 신혼부부 위한 특별한 추천 한샘 , 쌤페스타 진행",2025-03-17,news
https://n.news.naver.com/mnews/article/366/0001014952?sid=101,"한샘 , 리모델링 밸류 체인 완성",2024-08-30,news
https://n.news.naver.com/mnews/article/366/0001021218?sid=101,"한샘 , 리모델링 밸류체인 구축 설계 공사 AS 한방에",2024-09-30,news
https://n.news.naver.com/mnews/article/277/0005560140?sid=101," 월 수입 100만원  한샘 서비스, 시공 공임 15 인상",2025-03-13,news
https://n.news.naver.com/mnews/article/648/0000028541?sid=101,"한샘 , 54년 경험 ' 리모델링 '에 담았다",2024-08-28,news
https://n.news.naver.com/mnews/article/421/0007754745?sid=101," 고객 불편 해결이 곧 혁신  한샘 , 리모델링 시장 '주도'",2024-08-28,news
https://n.news.naver.com/mnews/article/421/0008435741?sid=101,"한샘 , 시흥 지역아동센터 부엌 새단장  상생활동 확대 ",2025-08-19,news
https://n.news.naver.com/mnews/article/144/0001061372?sid=101,"한샘 , 시흥 늘사랑 지역아동센터 주방 새 단장",2025-08-19,news
https://n.news.naver.com/mnews/article/003/0013429055?sid=101," 아이들 위해  한샘 , 시흥 아동센터 주방 리모델링 봉사",2025-08-19,news
https://n.news.naver.com/mnews/article/021/0002733164?sid=101,"호텔처럼 세련된 침실로 한샘 , 미니멀 디자인 침대 모노 출시",2025-09-01,news
https://n.news.naver.com/mnews/article/016/0002523716?sid=101,"lt 신제품 신기술 gt 한샘 , 가을성수기 앞두고 호텔침대 소파 출시",2025-09-03,news
https://n.news.naver.com/mnews/article/021/0002709814?sid=101,제주 성산 제2공항 예정지에 10년 전세형 민간 임대 아파트 더 헤리티...,2025-05-15,news
https://n.news.naver.com/mnews/article/011/0004484678?sid=101,전세형 민간임대 아파트 제주 더 헤리티지성산 한샘 인사이드 분양,2025-05-13,news
https://n.news.naver.com/mnews/article/215/0001211617?sid=101,월세 비중 최고 제주 전세형 민간임대 '더 헤리티지성산 한샘 인사이드...,2025-06-05,news
https://n.news.naver.com/mnews/article/586/0000104701?sid=101,"한샘 , 공정위 '담합 단골손님' 오명 쓴 까닭은",2025-06-04,news
https://n.news.naver.com/mnews/article/052/0002200985?sid=102,"검찰, '가구 입찰 담합 의혹' 한샘 압수수색",2025-06-02,news
https://n.news.naver.com/mnews/article/366/0001077453?sid=102,2조원대 빌트인 가구 담합 혐의 최양하 前 한샘 회장 2심도 무죄,2025-05-15,news
https://n.news.naver.com/mnews/article/020/0003634554?sid=101,제주 고성리 더 헤리티지성산 한샘 인사이드 공급 전세형 민간임대...,2025-05-13,news
https://n.news.naver.com/mnews/article/028/0002732455?sid=101,아파트 분양가 이래서 비쌌나 한샘 리바트 등 빌트인 가구 담합,2025-02-23,news
https://n.news.naver.com/mnews/article/023/0003904916?sid=101,10년 거주 장점...제주 성산 더 헤리티지성산 한샘 인사이드 분...,2025-05-13,news
https://n.news.naver.com/mnews/article/421/0008416784?sid=101,대출 규제 이후 서울 집값 진정 중개업 폐업 늘고 소비 위축,2025-08-07,news
https://n.news.naver.com/mnews/article/366/0001027591?sid=101,"공정위, 아파트 욕실공사 담합 한샘 대림바토스 등 9곳에 과징금 6...",2024-10-28,news
https://n.news.naver.com/mnews/article/382/0001153598?sid=004,"㈜ 한샘 , LH 아파트 에 KS 미인증 자재 납품",2024-09-29,news
https://n.news.naver.com/mnews/article/030/0003241794?sid=101,"한샘 , 최대 규모 아파트 '올림픽파크 포레온' 입주 박람회 개최",2024-09-24,news
https://n.news.naver.com/mnews/article/243/0000066996?sid=101,"공정위, 한샘 등 아파트 욕실 공사 입찰 담합 9개 업체에 과징금 67...",2024-10-28,news
https://n.news.naver.com/mnews/article/029/0002878238?sid=101,아파트 빌트인 담합 유죄 받은 한샘 소비자 줄소송 어쩌나,2024-06-05,news
https://n.news.naver.com/mnews/article/374/0000407972?sid=101,견적서 공유하고 짬짜미 한샘 대림바토스 등 67억 과징금,2024-10-28,news
https://n.news.naver.com/mnews/article/014/0005244826?sid=101,"한샘 , 올림픽파크포레온 입주박람회 1만2032세대 사로잡기 총력전",2024-09-24,news
https://n.news.naver.com/mnews/article/014/0005244453?sid=101,"'단일 사상 최대' 한샘 , 올림픽파크포레온 입주박람회 열어",2024-09-24,news
https://n.news.naver.com/mnews/article/021/0002661665?sid=101,"한샘 , 올림픽파크 포레온 입주민 대상 입주박람회 개최",2024-09-25,news
https://n.news.naver.com/mnews/article/003/0012801044?sid=101, 한샘 으로 정하세요  '올림픽파크 포레온' 입주박람회,2024-09-24,news
https://n.news.naver.com/mnews/article/011/0004513947?sid=102,아파트 시스템가구 입찰담합 4개사 재판行 한샘 은 자진신고로 처분 유...,2025-07-27,news
https://n.news.naver.com/mnews/article/009/0005245173?sid=101,제주 제2공항 예정 성산지역 첫 민간임대 아파트 더 헤리티지성산 한샘 ...,2024-01-16,news
https://n.news.naver.com/mnews/article/020/0003542725?sid=101,제주 성산지역 최초 민간임대 아파트 더 헤리티지성산 한샘 인사이드 ...,2024-01-15,news
https://n.news.naver.com/mnews/article/015/0005011372?sid=101,"롯데하이마트, 한샘 매장에 입점...가전 가구 통합 시너지 노린다",2024-07-18,news
https://n.news.naver.com/mnews/article/032/0003300389?sid=102,2조원대 담합 가구회사 임직원 유죄 최양하 전 한샘 회장...,2024-06-04,news
https://n.news.naver.com/mnews/article/014/0005072524?sid=102,"한샘 , 부산서도 신규 아파트 입주자 대상 전문설계 상담",2023-09-14,news
https://n.news.naver.com/mnews/article/009/0005525221?sid=102,[단독]검찰 가구 입찰 담합 혐의 기업 3곳 기소 리니언시 한샘 ...,2025-07-15,news
https://n.news.naver.com/mnews/article/076/0004300136?sid=103,프리미엄 인테리어 시장 '토핑 경제' 트렌드 두드러져,2025-07-15,news
https://n.news.naver.com/mnews/article/008/0005220003?sid=101,"오톤도, 인테리어 1차 상담용 5.5만원 3D 설계 서비스 출시",2025-07-10,news
https://n.news.naver.com/mnews/article/087/0001128678?sid=101,[지역과 성장하는 강원기업] 세련된 홈 인테리어로 단순한 주거 공간을...,2025-07-10,news
https://n.news.naver.com/mnews/article/018/0006055638?sid=101,[단독]서울 서북권 최초 '하이엔드 단지' 연희1구역 '드파인' 적용,2025-07-03,news
https://n.news.naver.com/mnews/article/009/0005514907?sid=101,"75년 인생중 지금이 최악 건설경기 침체 나비효과, 철물 가전 가...",2025-06-25,news
https://n.news.naver.com/mnews/article/018/0006047858?sid=101,빌트인 가구 입찰 '짬짜미' 과징금 4억 이의신청 기각,2025-06-24,news
https://n.news.naver.com/mnews/article/003/0013320194?sid=102,[오늘의 주요일정]경기남부(6월24일 화요일),2025-06-24,news
https://n.news.naver.com/mnews/article/016/0002526171?sid=101,"한샘 , 높은 수납력 마감품질 유로 키친 2종 리뉴얼 출시",2025-09-09,news
https://n.news.naver.com/mnews/article/015/0005172601?sid=101,"한샘 , '유로 키친 2종' 리뉴얼 미니멀 라이프 추구 소비자 공략",2025-08-19,news
https://n.news.naver.com/mnews/article/022/0004043150?sid=101,한샘 프리미엄 주방 키친바흐 선보여,2025-06-12,news
https://n.news.naver.com/mnews/article/030/0003321214?sid=101,[포토] 한샘 키친바흐의 5m 주방,2025-06-12,news
https://n.news.naver.com/mnews/article/421/0008307932?sid=101,"품격 있는 주방 , 한샘 '키친바흐' 신제품 공개",2025-06-12,news
https://n.news.naver.com/mnews/article/421/0008307894?sid=101,"나를 위한 프리미엄 주방 , 한샘 키친바흐",2025-06-12,news
https://n.news.naver.com/mnews/article/009/0005448732?sid=101,"LG화학, 한샘 과 친환경 ASA 주방 가구 개발 맞손",2025-02-24,news
https://n.news.naver.com/mnews/article/015/0005172610?sid=101,"맞춤형 프리미엄 생활 최적화, 삶의 질 높이는 공간 솔루션이 뜬다",2025-08-19,news
https://n.news.naver.com/mnews/article/092/0002386495?sid=105,"오늘의집, 연중 최대 쇼핑 축제 집요한세일 실시",2025-08-18,news
https://n.news.naver.com/mnews/article/421/0006407141?sid=101,[르포]'깜깜이 인테리어' 해답될까 한샘 新직종 'PM' 동행해보니,2022-10-21,news
https://n.news.naver.com/mnews/article/003/0013122610?sid=101,홈인테리어 회사의 '동행' 상처 받은 아이들 웃게 하다[같이의가치],2025-03-17,news
https://n.news.naver.com/mnews/article/014/0005291109?sid=101,"한샘 의 주거환경 개선사업, 공간의 가치와 삶을 바꾸다",2025-01-05,news
https://n.news.naver.com/mnews/article/011/0004434978?sid=101,"2025년 1000호 돌파 예정 한샘 , 주거환경 개선 프로젝트 결실",2025-01-02,news
https://n.news.naver.com/mnews/article/021/0002681457?sid=101,"한샘 , 주거환경 개선 프로젝트 박차 올해 1000호 돌파 전망",2025-01-02,news
https://n.news.naver.com/mnews/article/018/0005916343?sid=101,"한샘 , 주거환경 개선 프로젝트 25년 1000호 돌파 초읽기",2024-12-31,news
https://n.news.naver.com/mnews/article/081/0002866315?sid=102,한샘 성폭행 피해 여직원 회식 후 모텔로.. 화장실 몰카까지,2017-11-04,news
https://n.news.naver.com/mnews/article/421/0006717165?sid=101,[르포]  가구점이야 카페야  '핫플' 변신한 한샘 디자인파크 송파점,2023-03-30,news
https://n.news.naver.com/mnews/article/005/0001601327?sid=102,나무위키서 사내 성폭력 지워버린 한샘 분노한다,2023-04-14,news
https://n.news.naver.com/mnews/article/009/0003249784?sid=101,2000만원으로 집을 짓다,2014-07-10,news
https://n.news.naver.com/mnews/article/018/0005222924?sid=101,"[르포]  우리집 리모델링, 자재 직접 보고 완성 모습도 확인 ",2022-05-23,news
https://n.news.naver.com/mnews/article/018/0005302199?sid=101,"셀프인테리어견적 플랫폼 두번째새집, 한샘 LX하우시스 이벤트 진행",2022-08-26,news
https://n.news.naver.com/mnews/article/009/0005407262?sid=103,나만의 힐링 공간 욕실의 대변신,2024-12-03,news
https://n.news.naver.com/mnews/article/008/0005087145?sid=101, 욕실 벽은 타일 공식 깨졌다  ...3시간에 공사 끝 '판넬' 시공 늘어,2024-09-07,news
https://n.news.naver.com/mnews/article/015/0004963059?sid=103,"티 안 내도, 태 나는 홈 조용한 럭셔리 뜬다",2024-03-21,news
https://n.news.naver.com/mnews/article/009/0003464062?sid=101,타운하우스 열풍 속 김포 웰스티지 홍보관 방문객 장사진,2015-04-17,news
https://n.news.naver.com/mnews/article/215/0000290498?sid=101,천혜 환경 갖춘 도심형 타운하우스 김포 웰스티지 인기몰이,2015-04-13,news
https://n.news.naver.com/mnews/article/016/0000693272?sid=101,"자연에서 누리는 생활 속 에코힐링, 김포 웰스티지 타운하우스",2015-04-12,news
https://n.news.naver.com/mnews/article/011/0002666823?sid=101,"김포 웰스티지 타운하우스, 당신의 행복지수는 몇 점 입니까?",2015-04-11,news
https://n.news.naver.com/mnews/article/018/0003225804?sid=101,"김포 웰스티지 타운하우스, 가족간 대화 꿈꾸는 세대의 로망",2015-04-08,news
https://n.news.naver.com/mnews/article/009/0003352760?sid=101,"[MK HOUSE]소형 목조 주택, MK 모빌홈 모델",2014-11-17,news
https://n.news.naver.com/mnews/article/009/0003307968?sid=103,친환경 소재 이동식 목조주택 출시,2014-09-21,news
https://n.news.naver.com/mnews/article/009/0003243759?sid=101,집 짓지말고 고르세요 MK-모빌홈,2014-07-03,news
https://n.news.naver.com/mnews/article/009/0003241549?sid=101,집 짓지말고 고르세요 MK-203 모델,2014-07-01,news
https://n.news.naver.com/mnews/article/009/0003234445?sid=101,집 짓지말고 고르세요 - 이동식 목조 주택 MK-203 모델,2014-06-23,news
https://n.news.naver.com/mnews/article/009/0003226709?sid=101,주택 같은 편안함을 가지고 있는 MK-203,2014-06-13,news
https://n.news.naver.com/mnews/article/009/0003218807?sid=101,주말 주택용 조합형 MK-204 모델,2014-06-03,news
https://n.news.naver.com/mnews/article/009/0003201308?sid=101,조합형 MK-204 모델 출시,2014-05-12,news
https://n.news.naver.com/mnews/article/241/0003158950?sid=101,'우습게 봤는데' 오늘의집 맹추격에 한샘 도 깜짝,2021-10-05,news
https://n.news.naver.com/mnews/article/055/0000922900?sid=102,'안전하다' 믿고 맡겼는데 한샘 대리점 92 '무면허',2021-09-23,news
https://n.news.naver.com/mnews/article/052/0001078906?sid=102,"한샘 성추문 사건, 진실은?",2017-11-06,news
https://n.news.naver.com/mnews/article/028/0002385679?sid=102,한샘 연쇄 성폭력 사건 총정리 여성들은 왜 분노했나 [더(The)친절한 기...,2017-11-06,news
https://n.news.naver.com/mnews/article/081/0002866452?sid=102,"한샘 성폭행 사건 몰카 촬영범, 동종 전과로 유죄 전력",2017-11-05,news
https://n.news.naver.com/mnews/article/052/0001078367?sid=102,한샘 여직원  당시 너무 순진했다...재고소 검토 ,2017-11-05,news
https://n.news.naver.com/mnews/article/016/0001638948?sid=103,"EBS 강사진 강의부터 논술까지 한 번에, 한샘 여학생기숙학원 2021 재수...",2020-02-22,news
https://n.news.naver.com/mnews/article/311/0001115240?sid=101,"재수의 시작은 자신의 상황 파악, 한샘 여학생 기숙학원 3월 정규반...",2020-02-21,news
https://n.news.naver.com/mnews/article/031/0000523453?sid=101,한샘 중재 노력도 뿌리친 소비자 한소원 조사도 거부,2020-01-29,news
https://n.news.naver.com/mnews/article/008/0004328344?sid=101,"한샘 , 7조원 규모 '홈케어' 사업 본격화",2019-12-20,news
https://n.news.naver.com/mnews/article/028/0002626978?sid=102,"공시생 발길 뜸해진 노량진, 부동산 불패 말하는 사람들",2023-02-10,news
https://n.news.naver.com/mnews/article/025/0003254885?sid=101, 영화 보고 카페 들렀다 오니 우리 욕실 부엌 달라졌다  무슨 일,2023-01-21,news
https://n.news.naver.com/mnews/article/009/0005058418?sid=101,[주거용 건축부문 우수상 아이엠올리 '안트레힐'] 전가구 통창 한라...,2022-12-11,news
https://n.news.naver.com/mnews/article/469/0000709472?sid=101,살면서 빨리 부분만 고쳐요... 인테리어 업계 '위기탈출 3계명',2022-11-25,news
https://n.news.naver.com/mnews/article/009/0005021087?sid=101,"[분양 하이라이트] 제주 안트레힐, 바다뷰 한라산뷰 모두 갖춘 고급주...",2022-09-23,news
https://n.news.naver.com/mnews/article/009/0005010721?sid=101,"[분양 하이라이트] 제주 안트레힐, 함덕해변 5분 최고급 모던하우스",2022-08-30,news
https://n.news.naver.com/mnews/article/020/0003440774?sid=101,스페인 대리석-英 3중유리 제주 안트레 힐 분양,2022-07-19,news
https://n.news.naver.com/mnews/article/421/0006141861?sid=101, 高물가 버틸 수가 없다  인테리어 생필품에 렌털료까지 올랐다,2022-06-07,news
https://n.news.naver.com/mnews/article/421/0006137259?sid=101,먹거리 생필품값 올라 살기 힘는데 하반기 더 큰 파도 온다,2022-06-03,news
https://n.news.naver.com/mnews/article/032/0003142969?sid=101,"집 인테리어 공사 증가, 하자 보수 피해도 증가",2022-04-26,news
https://n.news.naver.com/mnews/article/009/0004955127?sid=101,'집콕' 홈 인테리어 수요 늘자 하자보수 분쟁도 따라 늘어,2022-04-26,news
https://n.news.naver.com/mnews/article/417/0000804687?sid=101,[르포] 서울 역사 문화 관광 최고의 명소 꿈꾼다 '세운블록' 미래는...,2022-04-18,news
https://n.news.naver.com/mnews/article/082/0001137972?sid=101,"[생활경제뉴스] 던킨, '켈로그 쇼퍼백' 굿즈 한정 출시 外",2022-01-21,news
https://n.news.naver.com/mnews/article/030/0002994926?sid=101,"위메프, '나홀로산다' 기획전 1인 가구 맞춤상품 추천",2022-01-21,news
https://n.news.naver.com/mnews/article/018/0005131216?sid=101,"위메프, 나홀로족 위한 인테리어 아이템 기획전 진행",2022-01-21,news
https://n.news.naver.com/mnews/article/014/0004776053?sid=101,"위메프, '나홀로산다'..싱글라이프 맞춤상품 추천",2022-01-21,news
https://n.news.naver.com/mnews/article/421/0005858264?sid=101,"위메프, 싱글라이프 맞춤상품 추천 '나홀로산다' 기획전 진행",2022-01-21,news
https://n.news.naver.com/mnews/article/293/0000037083?sid=105,[일잘러의 협업툴] 메신저형 vs. 올인원형 백중지세 경쟁,2021-11-25,news
https://n.news.naver.com/mnews/article/023/0003645457?sid=101,"한반도, 유리 그릇보다 취약 美 中 日 러 현장서 배우는 글로벌...",2021-10-11,news
https://n.news.naver.com/mnews/article/092/0002234901?sid=105,"위메프, 트렌드 아이템 특가 판매",2021-09-30,news
https://n.news.naver.com/mnews/article/421/0005612252?sid=102, 코로나19에 더 힘든 명절 독거어르신들 힘내세요 ,2021-09-18,news
https://n.news.naver.com/mnews/article/025/0003110149?sid=101,연봉 1억 줘도 못 구한다 코로나가 키운 인테리어 기사 몸값,2021-06-15,news
https://n.news.naver.com/mnews/article/241/0003119877?sid=101,[서지영의 랜드is] 리모델링 붐 '리모델린이'를 위한 꿀팁,2021-05-24,news
https://n.news.naver.com/mnews/article/020/0003354692?sid=103,내 집에 호텔 욕실 이 들어오다,2021-04-30,news
https://n.news.naver.com/mnews/article/001/0012351472?sid=103,[뉴스피처] 이제 사재기도 안하는데 휴짓값 왜 또 오르나 봤더니,2021-04-25,news
https://n.news.naver.com/mnews/article/468/0000754494?sid=101, 뭐든지 셀프  인테리어 DIY 시장 확대,2021-03-24,news
https://n.news.naver.com/mnews/article/018/0006103399?sid=101," 감각적인 신혼 침실  한샘 , 호텔 침대 '모노' 출시",2025-08-31,news
https://n.news.naver.com/mnews/article/014/0005359194?sid=101," 침대 하나로 호텔 같은 방  한샘 , 룬소프트 공개",2025-06-04,news
https://n.news.naver.com/mnews/article/119/0002957975?sid=101,"한샘 , 오피스 인테리어 가구 시장 진출... 하반기 본격 출시",2025-05-19,news
https://n.news.naver.com/mnews/article/421/0008259111?sid=101,"한샘 , 오피스 인테리어 가구 시장 진출  신성장 동력 확보 ",2025-05-19,news
https://n.news.naver.com/mnews/article/030/0003313504?sid=101,"한샘 , B2B 오피스 인테리어 가구 시장 진출 신성장 동력 확보",2025-05-19,news
https://n.news.naver.com/mnews/article/629/0000383786?sid=101,"한샘 , 상반기 B2C 전략 흥행 신학기 할인행사 통했다",2025-04-21,news
https://n.news.naver.com/mnews/article/009/0005410469?sid=101,"엄마 한가인이 말하는 아이방은요 한샘 , 학생방 캠페인 진행",2024-12-09,news
https://n.news.naver.com/mnews/article/003/0012950012?sid=101,"한샘 , 한가인과 아이방 캠페인 '조이S 모션데스크' 소개",2024-12-09,news
https://n.news.naver.com/mnews/article/003/0013175339?sid=101," 역대급 할인에 하루 27억 주문  한샘 , '쌤페스타' 흥행",2025-04-10,news
https://n.news.naver.com/mnews/article/003/0012908921?sid=101,"한샘 , 학생방 책상 신제품 출시 '사전예약 할인' 이벤트",2024-11-18,news
https://n.news.naver.com/mnews/article/079/0004051801?sid=102,", 청와대 복귀준비 尹, 속옷만 입고 체포거부[노컷한컷]",2025-08-01,news
https://n.news.naver.com/mnews/article/009/0005529502?sid=101,여기 쇼룸은 꼭 가봐야지 여행가방 끌고온 외국인까지 북적,2025-07-22,news
https://n.news.naver.com/mnews/article/009/0005529308?sid=103,라이프스타일 '투톱' 오프라인서 붙는다,2025-07-22,news
https://n.news.naver.com/mnews/article/003/0013325417?sid=101, 특급호텔 라운지 같네  한샘 첫 플래그십 매장 가보니,2025-06-26,news
https://n.news.naver.com/mnews/article/421/0008311928?sid=101, 호텔 온 거 같네  한샘 '플래그십 논현' 가보니[르포],2025-06-15,news
https://n.news.naver.com/mnews/article/215/0001212528?sid=101,55년 한샘 철학을 담다 논현 플래그십 재탄생 [뉴스 현장],2025-06-12,news
https://n.news.naver.com/mnews/article/018/0006037444?sid=101,가구 매장에 라운지가? 한샘 최초 최다 플래그십 논현 가보니[르...,2025-06-12,news
https://n.news.naver.com/mnews/article/082/0001330356?sid=101,"한샘 , '플래그십 논현' 리뉴얼 오픈  원스톱 홈스타일링 지원 ",2025-06-12,news
https://n.news.naver.com/mnews/article/030/0003321130?sid=101,"한샘 , '플래그십 논현' 리뉴얼 오픈 55년 브랜드 철학 담았다",2025-06-12,news
https://n.news.naver.com/mnews/article/421/0008308074?sid=101,"한샘 논현점, 25년 만에 '플래그십 스토어'로 재탄생",2025-06-12,news
https://n.news.naver.com/mnews/article/144/0001001551?sid=101,"홈 인테리어 전문 한샘 , 학생방 책상 신제품 선보여",2024-11-18,news
https://n.news.naver.com/mnews/article/421/0007913145?sid=101,"한샘 , 학생방 책상 신제품 출시 다음 달 8일까지 프로모션",2024-11-18,news
https://n.news.naver.com/mnews/article/382/0001167930?sid=101,"아이는 책상에서 자란다 한샘 , 한가인과 학생방 캠페인",2024-12-10,news
https://n.news.naver.com/mnews/article/421/0007827810?sid=101," 안전성 높인 아이방 가구  한샘 , '샘키즈' 침대 옷장 출시",2024-10-07,news
https://n.news.naver.com/mnews/article/421/0008098465?sid=101,"한샘 , 최대 세일 행사 '쌤페스타' 앞두고 사전 알림 이벤트",2025-02-26,news
https://n.news.naver.com/mnews/article/469/0000856270?sid=103,"새 학기 자녀방 가구, 3S 체크하고 고르세요",2025-03-28,news
https://n.news.naver.com/mnews/article/022/0004002239?sid=101,"한샘 , 키자니아서 신학기 맞이 조이S 2 모션데스크 팝업 행사",2025-01-13,news
https://n.news.naver.com/mnews/article/031/0000900788?sid=101,"한샘 , 키자니아서 '모션데스크' 체험 팝업 진행",2025-01-13,news
https://n.news.naver.com/mnews/article/003/0013011397?sid=101," 키자니아서 '모션데스크' 체험하세요  한샘 , 팝업 진행",2025-01-13,news
https://n.news.naver.com/mnews/article/030/0003271844?sid=101,"한샘 , 수익성 ESG 두 마리 토끼 모두 잡았다",2024-12-29,news
https://n.news.naver.com/mnews/article/014/0005269225?sid=101," 아이들도 편한 모션데스크  한샘 , 책상 신제품 '조이S'",2024-11-18,news
https://n.news.naver.com/mnews/article/277/0005509838?sid=101,"가구업계, 특화매장 키운다  소비자 체험 고도화 ",2024-12-03,news
https://n.news.naver.com/mnews/article/003/0012468124?sid=101, 아이방 가구 특화매장  롯데백화점에 ' 한샘 키즈' 오픈,2024-04-03,news
https://n.news.naver.com/mnews/article/421/0007454908?sid=101," 단계별 인테리어 제안  한샘 , 자녀방 특화 ' 한샘 키즈' 개점",2024-04-03,news
https://n.news.naver.com/mnews/article/011/0004400219?sid=101,"국민 육아템이 뜬다 한샘 , 샘키즈 신상품 선봬",2024-10-08,news
https://n.news.naver.com/mnews/article/009/0005507462?sid=101,"논현동 가구거리에 활력 돌까 한샘 , 1호 플래그십 스토어 오픈",2025-06-12,news
https://n.news.naver.com/mnews/article/001/0015445280?sid=103,"한샘 , 논현 가구거리에 첫 플래그십 매장  원스톱 홈스타일링 ",2025-06-12,news
https://n.news.naver.com/mnews/article/003/0013299157?sid=101," 55년 브랜드 철학 담아  한샘 , '플래그십 논현' 리뉴얼",2025-06-12,news
https://n.news.naver.com/mnews/article/009/0005503623?sid=103,내 방에서 누리는 호텔식 침대,2025-06-04,news
https://n.news.naver.com/mnews/article/629/0000390962?sid=101,"한샘 , 오피스 인테리어 가구 시장 진출한다",2025-05-19,news
https://n.news.naver.com/mnews/article/421/0008384918?sid=101," 집콕족 겨냥  한샘 , 인기 거실 장 최대 24 할인",2025-07-22,news
https://n.news.naver.com/mnews/article/022/0004056555?sid=101,"세비앙, 2025 코리아빌드위크 서 프리미엄 안전 인테리어 솔루션 선...",2025-08-01,news
https://n.news.naver.com/mnews/article/003/0013377048?sid=101," 집콕족에게 희소식  한샘 , 인기 거실 장 최대 24 할인",2025-07-22,news
https://n.news.naver.com/mnews/article/018/0005166189?sid=101,"침실부터 거실 까지 한샘 , 올 상반기 신제품 가구 10종 출시",2022-03-14,news
https://n.news.naver.com/mnews/article/003/0011060317?sid=101,"한샘 , 침실 거실 가구 10종 편의 기능 디자인 고급화",2022-03-14,news
https://n.news.naver.com/mnews/article/009/0005528975?sid=101,"한샘 , 쌤위크서 인기 거실 장 최대 24 할인",2025-07-22,news
https://n.news.naver.com/mnews/article/031/0000949426?sid=101,"한샘 , 장마철 쾌적한 집 위한 '수납 인테리어' 노하우 공개",2025-07-17,news
https://n.news.naver.com/mnews/article/015/0004510389?sid=101,"한샘 , 거실 은 아늑하게 침실은 호텔처럼  집콕 시대, 집의 가치 높이세...",2021-03-09,news
https://n.news.naver.com/mnews/article/018/0006067060?sid=101,"한샘 , 장마철 쾌적한 실내 위한 수납 인테리어 공개",2025-07-16,news
https://n.news.naver.com/mnews/article/016/0002501856?sid=101,"lt 신제품 신기술 gt 한샘 , 에코크레아 패브릭 적용 스위브 스윙 소...",2025-07-18,news
https://n.news.naver.com/mnews/article/119/0002979964?sid=101,"한샘 , 에코크레아 패브릭 적용한 신형 스위브 스윙 소파 출시",2025-07-16,news
https://n.news.naver.com/mnews/article/421/0008372773?sid=101,"한샘 , 기능성 패브릭 적용한 '스위브 스윙' 소파 출시",2025-07-16,news
https://n.news.naver.com/mnews/article/293/0000069114?sid=101,"한샘 , 장마철 실내 쾌적함 높이는 '수납 인테리어' 노하우 공개",2025-06-26,news
https://n.news.naver.com/mnews/article/629/0000401154?sid=101,"한샘 , 여름철 수납 인테리어 제안 쾌적한 실내환경 만든다",2025-06-24,news
https://n.news.naver.com/mnews/article/024/0000098036?sid=101,한샘 1호 플래그십 논현 리뉴얼 오픈,2025-06-24,news
https://blog.naver.com/mygalaxy_yoon/223911181845,한샘 가구 매장 논현 쇼룸 후기,2025-06-25,blog
https://blog.naver.com/answeryh/224023762153,영통가구 인테리어는 한샘 수원광교점에서 최대혜택 받기,2025-09-27,blog
https://blog.naver.com/redmilkb/223904294862,논현 가구거리 프리미엄 한샘 플래그십 논현점 그랜드 오픈,2025-06-19,blog
https://blog.naver.com/chdl89/224011885072,신혼가구 브랜드 한샘 쌤페스타 55주년 최대 세일 이벤트 한샘 플래그십 논현 방문후기,2025-09-17,blog
https://blog.naver.com/ppoppaie2004/224021564656,관악 드림타운 42평 전체 인테리어 (한샘 가구 및 엘지 창호),2025-09-25,blog
https://blog.naver.com/otonofoto/223990266631,부산 가구 매장 한샘인테리어 부산좌천점 방문 후기 신혼가구 추천,2025-08-31,blog
https://blog.naver.com/pinkmom0112/224016296619,수원한샘 가구 가전 인테리어 한번에 쇼핑하기 좋은 광교 한샘 쇼룸,2025-09-21,blog
https://blog.naver.com/kd8905/223842473223,부산 한샘가구매장 롯데광복점 식탁세트 소파 가구할인 득템!,2025-04-22,blog
https://blog.naver.com/wi6212/224012833093,쎔페스타 최대 세일 이벤트 한샘 55주년 신혼가구 한샘 아이파크몰 용산점,2025-09-18,blog
https://blog.naver.com/stingcream/223996567514,용산 아이파크몰 가구 한샘 쇼룸 매장 후기 볼거리,2025-09-05,blog
https://blog.naver.com/gia1220/224020484611,수원 영통 가구 광교 인테리어 승아 무열 매트리스 한샘 수원광교점,2025-09-24,blog
https://blog.naver.com/9997716/224011966433,한샘 55주년 쌤페스타 한샘홈퍼니싱 스타필드 수원점 신혼가구 최대 세일 이벤트!,2025-09-17,blog
https://blog.naver.com/nr_factory/223933531720,한샘 플래그십 논현 가구거리에 새로운 한샘의 시작 오픈 인테리어 하면 방문필수,2025-07-14,blog
https://blog.naver.com/lmh0977/223992659851,부산 한샘 좌천동 가구거리 중심에 위치한 대규모 쇼룸,2025-09-02,blog
https://blog.naver.com/hanssemjjang/224026108027,[공지]인천시청역 한신더휴 입주가구 할인 혜택 한샘 구월 84B 가상 모델하우스,2025-09-29,blog
https://blog.naver.com/dshanssem1/223927683068,대구 달서구 우방드림시티 한샘 PIKC 아파트 최대 할인 매장 달서점에서 가구 준비,2025-07-09,blog
https://blog.naver.com/jung_0330/223845540619,"부산 가구할인 찾는다면, 한샘 롯데 동래점 가구매장",2025-04-25,blog
https://blog.naver.com/tkfkddk20/223964143272,가구보상 프로모션중인 수원영통가구 한샘 수원광교점,2025-08-10,blog
https://blog.naver.com/axus2000/224000923678,"진주 한샘 가구 인테리어 쌤페스타, 집 바꾸기 좋은 기회라 다녀왔습니다ㅎ",2025-09-09,blog
https://blog.naver.com/love8391a/223929021302,대구한샘 가구구경했어요 한샘인테리어 대구달서점,2025-07-10,blog
https://blog.naver.com/062hanssem/224024245743,"광주 한샘 가구, 예산 걱정 끝! 가성비 인테리어 리모델링 꿀팁 5가지",2025-09-28,blog
https://blog.naver.com/createpark/223992667410,부산 가구매장 한샘 좌천점 추천 가구부터 인테리어 가전까지,2025-09-02,blog
https://blog.naver.com/pleuje/223964105362,수원 한샘 광교가구매장 거리 특별 프로모션 소식 총정리,2025-08-08,blog
https://blog.naver.com/11hunlove/224010541240,신혼가구 한샘 스타필드 하남점에서 쎔페스타로 최대 세일 득템 소식,2025-09-16,blog
https://blog.naver.com/charming_wd/223969745663,한샘PICK광교 수원영통인테리어 추천 한샘가구보상 프로모션 진행,2025-08-13,blog
https://blog.naver.com/cruise9999/223794386656,창원 힐스테이트 마크로엔 25C평 한샘가구배치추천,2025-03-13,blog
https://blog.naver.com/whiteyumi11/223970826133,가구인테리어 프로모션 혜택 가득한 수원 광교 한샘,2025-08-14,blog
https://blog.naver.com/hanssemjjang/223993985393,[공지]신천역 에피트 입주가구 협력업체 한샘구월점 84A 가상 모델하우스,2025-09-03,blog
https://blog.naver.com/dshanssem1/223795617708,대구 달성군 화원이진캐스빌 아파트 84타입 한샘가구 배치 추천,2025-03-14,blog
https://blog.naver.com/jmk7543/223909819566,"턴키, 셀프 인테리어 - 한샘 가구(부엌 싱크대 붙박이 신발장)",2025-06-25,blog
https://blog.naver.com/homeandbath/223927133597,한샘 인테리어 견적 및 업체 총정리!,2025-07-09,blog
https://blog.naver.com/starpdzzang/223921615530,한샘인테리어 견적 비용 후기 아파트리모델링 해보니 진짜 달랐어요,2025-07-04,blog
https://blog.naver.com/aoiyuzz/224000444791,부산한샘인테리어 부산아파트리모델링,2025-09-08,blog
https://blog.naver.com/loveluvvv/224020481679,한샘인테리어 견적 지금이 기회다,2025-09-24,blog
https://blog.naver.com/fckow/224013268053,한샘인테리어 비용 및 가격 할인 팁!,2025-09-18,blog
https://blog.naver.com/lisatoday/224020222848,부산한샘인테리어 한샘디자인파크 롯데메종동부산점,2025-09-26,blog
https://blog.naver.com/no1special/223932204116,대구가구점 주방부터 침실까지 한샘인테리어 달서점,2025-07-14,blog
https://blog.naver.com/cocobloglife/223996230817,한샘인테리어 주방 욕실 리모델링 견적비용 후기,2025-09-05,blog
https://blog.naver.com/chaeun8/223987740077,부산한샘인테리어 부산아파트리모델링 추천 한샘 부산센텀점,2025-08-29,blog
https://blog.naver.com/dorothy5995/223994121123,부산한샘인테리어 센텀점 리뉴얼 오픈! 쇼룸 방문후기,2025-09-03,blog
https://blog.naver.com/re-routine/224024680951,결혼 준비하기- 혼수 준비는 부산한샘인테리어에서,2025-09-28,blog
https://blog.naver.com/congusto0316/224022482332,"한샘 인테리어 후기 자재 선택 & 꿀팁 | 욕실 타일, 바닥재 내돈내산 솔직후기",2025-09-26,blog
https://blog.naver.com/yjmalmal/224017620251,부산한샘인테리어 한샘디자인파크 롯데메종동부산점 | 욕실 주방 모델하우스 체험 후기,2025-09-22,blog
https://blog.naver.com/062hanssem/223987994353,전남 나주 빛가람동 전원주택 한샘 인테리어 로망을 현실로 만들어드려요,2025-08-29,blog
https://blog.naver.com/alduddl83/223878099595,"한샘 인테리어로, 리모델링 고민 타파!",2025-05-26,blog
https://blog.naver.com/muesdreken/224012821670,[한샘인테리어] 한샘붙박이장시공 아이 작은방 붙박이장 시공 설치 후기.(한샘붙박이장),2025-09-18,blog
https://blog.naver.com/jinizi76/223989704285,한샘 부산센텀점 부산한샘인테리어 시작부터 마무리까지,2025-08-31,blog
https://blog.naver.com/alicec__/223927542509,의왕가구거리 입주가구 신혼가구 준비는 의왕 한샘인테리어,2025-07-09,blog
https://blog.naver.com/sulhyang92/223967420525,한샘 인테리어 비용 분석 - 후기 및 견적의 모든 것,2025-08-12,blog
https://blog.naver.com/otonofoto/223959937933,부산인테리어업체 부산한샘디자인파크 메종동부산점 부산한샘인테리어,2025-08-05,blog
https://blog.naver.com/loveyourownlife/223953723458,부산한샘인테리어 센텀점 리모델링 방문 상담 후기,2025-07-31,blog
https://blog.naver.com/wkdaldud123/224026049932,부산한샘인테리어 한샘디자인파크 롯데메종동부산점 55주년기념 혜택,2025-09-29,blog
https://blog.naver.com/daily_hana/223996729051,우리집에 딱 맞는 주방 부산한샘인테리어 한샘디자인파크 롯데메종동부산점,2025-09-05,blog
https://blog.naver.com/gamja9877/223984602139,부산한샘인테리어 리모델링 추천 한샘디자인파크 롯데메종동부산점,2025-08-27,blog
https://blog.naver.com/jmkm99/223946837925,포항 한샘 인테리어 교수 아파트 시공 사례,2025-07-25,blog
https://blog.naver.com/jej3480/223305114968,한샘인테리어 후기 인테리어쇼룸 한샘 디자인파크 목동점,2023-12-28,blog
https://blog.naver.com/gudrkq89/223928950446,주방 인테리어 바꿨더니 최대 500만원 혜택까지!한샘 리뉴얼 혜택 top5 필독! <한샘 인테리어>,2025-07-10,blog
https://blog.naver.com/click1784/223988314055,"부산한샘인테리어 ""한샘디자인파크 롯데롱래점"" 리모델링 업체",2025-08-29,blog
