,goods_id,big_cat,small_cat,goods_name,price,Image URL
0,1042803,room_0,fur_0000,밸런스S 필로우탑 매트리스 SS,890000,https://image.hanssem.com/hsimg/gds/1050/1042/1042803_A1.jpg?v=20250820162330
1,1064061,room_0,fur_0000,밸런스 볼륨탑 매트리스 SS,399000,https://image.hanssem.com/hsimg/gds/1050/1064/1064061_A1.jpg?v=20250820162401
2,1115352,room_0,fur_0000,"포시즌 5 하드,미디움 매트리스 Q/K/KK",1960000,https://image.hanssem.com/hsimg/gds/1050/1115/1115352_A1.jpg?v=20250919105238
3,1115353,room_0,fur_0000,"포시즌 5 하드,미디움 매트리스 SS",1130000,https://image.hanssem.com/hsimg/gds/1050/1115/1115353_A1.jpg?v=20250919105435
4,948684,room_0,fur_0000,노뜨 메모리폼탑 매트리스 Q DIY,335000,https://image.hanssem.com/hsimg/gds/1050/948/948684_A1.jpg?v=20250820163622
5,1115350,room_0,fur_0000,"포시즌 6 하드,미디움,소프트 매트리스 Q/K/KK",2680000,https://image.hanssem.com/hsimg/gds/1050/1115/1115350_A1.jpg?v=20250919104627
6,1064060,room_0,fur_0000,[특가~9/29]밸런스 파인탑 매트리스Q/K,396640,https://image.hanssem.com/hsimg/gds/1050/1064/1064060_A1.jpg?v=20250820162557
7,1107323,room_0,fur_0000,에브리 논슬립 메모리폼 토퍼 전용 커버 SS/Q,45900,https://image.hanssem.com/hsimg/gds/1050/1107/1107323_A1.jpg?v=20250724113728
8,819104,room_0,fur_0000,노뜨 컴포트 매트리스 패밀리형,335920,https://image.hanssem.com/hsimg/gds/1050/819/819104_A1.jpg?v=20250820163047
9,723673,room_0,fur_0000,컴포트 하단 매트리스 K (매트별도),395000,https://image.hanssem.com/hsimg/gds/1050/723/723673_A1.jpg?v=20250812133013
10,1115349,room_0,fur_0000,"포시즌 7 하드,미디움 매트리스 SS",3190000,https://image.hanssem.com/hsimg/gds/1050/1115/1115349_A1.jpg?v=20250919105113
11,1092300,room_0,fur_0000,스테이 리버서블 메모리폼 토퍼 SS/Q,129000,https://image.hanssem.com/hsimg/gds/1050/1092/1092300_A1.jpg?v=20250520133802
12,390420,room_0,fur_0000,디퍼 베이직 토퍼 매트리스 SS,118000,https://image.hanssem.com/hsimg/gds/1050/390/390420_A1.jpg?v=20250106143114
13,1051368,room_0,fur_0000,휴 365 접이식 토퍼 커버 (SS/Q),35900,https://image.hanssem.com/hsimg/gds/1050/1051/1051368_A1.jpg?v=20250724111540
14,613993,room_0,fur_0000,휴 365 접이식 메모리폼 토퍼 매트리스 SS/Q,99000,https://image.hanssem.com/hsimg/gds/1050/613/613993_A1.jpg?v=20250812082935
15,1121751,room_0,fur_0000,(아울렛) 밸런스 볼륨탑 매트리스 SS,233000,https://image.hanssem.com/hsimg/gds/550/1121/1121751_A1.jpg?v=20250922201813
16,1018219,room_0,fur_0000,노뜨 일체형침대 포켓스프링 라텍스폼탑 SS,339000,https://image.hanssem.com/hsimg/gds/1050/1018/1018219_A1.jpg?v=20250820163822
17,1115348,room_0,fur_0000,"포시즌 7 하드,미디움 매트리스 Q/K/KK",4190000,https://image.hanssem.com/hsimg/gds/1050/1115/1115348_A1.jpg?v=20250919104955
18,948679,room_0,fur_0000,노뜨 메모리폼탑 매트리스 Q 시공,355000,https://image.hanssem.com/hsimg/gds/1050/948/948679_A1.jpg?v=20250820163415
19,1064059,room_0,fur_0000,[특가~9/29]밸런스 파인탑 매트리스 SS,289000,https://image.hanssem.com/hsimg/gds/1050/1064/1064059_A1.jpg?v=20250820162519
20,948687,room_0,fur_0000,노뜨 메모리폼탑 매트리스 K DIY,365000,https://image.hanssem.com/hsimg/gds/1050/948/948687_A1.jpg?v=20250820163542
21,466259,room_0,fur_0000,디퍼 베이직 토퍼 매트리스 Q,168000,https://image.hanssem.com/hsimg/gds/1050/466/466259_A1.jpg?v=20250106143114
22,1062734,room_0,fur_0000,(아울렛) 노뜨 라텍스탑 매트리스 SS,160000,https://image.hanssem.com/hsimg/gds/1050/1062/1062734_A1.jpg?v=20250922201833
23,641215,room_0,fur_0000,노뜨 컴포트 매트리스SS,169000,https://image.hanssem.com/hsimg/gds/1050/641/641215_A1.jpg?v=20250829154456
24,992714,room_0,fur_0000,포시즌 하단 베이스  Q,456000,https://image.hanssem.com/hsimg/gds/1050/992/992714_A1.jpg?v=20250806143136
25,1038180,room_0,fur_0000,밸런스S 유로탑 매트리스 SS,590000,https://image.hanssem.com/hsimg/gds/1050/1038/1038180_A1.jpg?v=20250820162640
26,955496,room_0,fur_0000,노뜨 메모리폼탑 매트리스 패밀리형,535040,https://image.hanssem.com/hsimg/gds/1050/955/955496_A1.jpg?v=20250820163746
27,723674,room_0,fur_0000,컴포트 하단 매트리스 Q (매트별도),275000,https://image.hanssem.com/hsimg/gds/1050/723/723674_A1.jpg?v=20250812132943
28,1051573,room_0,fur_0000,밸런스S 슬림탑 매트리스 Q,663000,https://image.hanssem.com/hsimg/gds/1050/1051/1051573_A1.jpg?v=20250820162838
29,992564,room_0,fur_0000,밀란102 키즈 매트리스 SS,327000,https://image.hanssem.com/hsimg/gds/1050/992/992564_A1.jpg?v=20250903140939
30,948682,room_0,fur_0000,노뜨 메모리폼탑 매트리스 SS DIY,249000,https://image.hanssem.com/hsimg/gds/1050/948/948682_A1.jpg?v=20250820163702
31,1115351,room_0,fur_0000,"포시즌 6 하드,미디움,소프트 매트리스 SS",1850000,https://image.hanssem.com/hsimg/gds/1050/1115/1115351_A1.jpg?v=20250919104826
32,891120,room_0,fur_0000,노뜨 라텍스탑 매트리스 패밀리형,417000,https://image.hanssem.com/hsimg/gds/1050/891/891120_A1.jpg?v=20250820163323
33,1093314,room_0,fur_0000,스테이 리버서블 메모리폼 토퍼 전용 교체용 커버,39900,https://image.hanssem.com/hsimg/gds/1050/1093/1093314_A1.jpg?v=20250416084625
34,641216,room_0,fur_0000,노뜨 컴포트 매트리스Q,255000,https://image.hanssem.com/hsimg/gds/1050/641/641216_A1.jpg?v=20250820163009
35,1059044,room_0,fur_0000,(아울렛) 노뜨 컴포트 매트리스 SS,137000,https://image.hanssem.com/hsimg/gds/550/1059/1059044_A1.jpg?v=20250922201834
36,246226,room_0,fur_0000,노뜨 일체형침대 포켓스프링 SS 화이트,299000,https://image.hanssem.com/hsimg/gds/1050/246/246226_A1.jpg?v=20250820163921
37,1051572,room_0,fur_0000,밸런스S 슬림탑 매트리스 SS,461000,https://image.hanssem.com/hsimg/gds/1050/1051/1051572_A1.jpg?v=20250820162757
38,1042804,room_0,fur_0000,밸런스S 필로우탑 매트리스 Q/K/KK,1290000,https://image.hanssem.com/hsimg/gds/1050/1042/1042804_A1.jpg?v=20250820162256
39,723675,room_0,fur_0000,컴포트 하단 매트리스 SS (매트별도),235000,https://image.hanssem.com/hsimg/gds/1050/723/723675_A1.jpg?v=20240604103754
40,837512,room_0,fur_0000,노뜨 라텍스탑 매트리스 Q,295000,https://image.hanssem.com/hsimg/gds/1050/837/837512_A1.jpg?v=20250820163232
41,229714,room_0,fur_0000,노뜨 일체형침대 포켓스프링 S 그레이,289000,https://image.hanssem.com/hsimg/gds/1050/229/229714_A1.jpg?v=20250820164103
42,992715,room_0,fur_0000,포시즌 하단 베이스  K,622000,https://image.hanssem.com/hsimg/gds/1050/992/992715_A1.jpg?v=20250806143253
43,1107322,room_0,fur_0000,에브리 논슬립 메모리폼 토퍼 SS/Q,149000,https://image.hanssem.com/hsimg/gds/1050/1107/1107322_A1.jpg?v=20250724113728
44,837511,room_0,fur_0000,노뜨 라텍스탑 매트리스  K,315000,https://image.hanssem.com/hsimg/gds/1050/837/837511_A1.jpg?v=20250623100241
45,229713,room_0,fur_0000,노뜨 일체형침대 포켓스프링 S 화이트,279000,https://image.hanssem.com/hsimg/gds/1050/229/229713_A1.jpg?v=20250820163950
46,1038160,room_0,fur_0000,밸런스S 유로탑 매트리스 Q/K/KK,890000,https://image.hanssem.com/hsimg/gds/1050/1038/1038160_A1.jpg?v=20250820162726
47,948677,room_0,fur_0000,노뜨 메모리폼탑 매트리스 SS 시공,259000,https://image.hanssem.com/hsimg/gds/1050/948/948677_A1.jpg?v=20250820163454
48,1064062,room_0,fur_0000,밸런스 볼륨탑 매트리스 Q/K/KK,520960,https://image.hanssem.com/hsimg/gds/1050/1064/1064062_A1.jpg?v=20250820162437
49,246227,room_0,fur_0000,노뜨 일체형침대 포켓스프링 SS 그레이,319000,https://image.hanssem.com/hsimg/gds/1050/246/246227_A1.jpg?v=20250820164025
50,992713,room_0,fur_0000,포시즌 하단 베이스  SS,404000,https://image.hanssem.com/hsimg/gds/1050/992/992713_A1.jpg?v=20250806143033
51,1103160,room_0,fur_0000,포터블 메모리폼 토퍼 패드/소파패드,79000,https://image.hanssem.com/hsimg/gds/1050/1103/1103160_A1.jpg?v=20250514142003
52,1018212,room_0,fur_0000,노뜨 일체형침대 포켓스프링 라텍스폼탑 S,319000,https://image.hanssem.com/hsimg/gds/1050/1018/1018212_A1.jpg?v=20250820163850
53,1107457,room_0,fur_0000,(아울렛) 슬리핑코드 SS 매트리스 알러지케어 패드,88000,https://image.hanssem.com/hsimg/gds/550/1107/1107457_A1.jpg?v=20250811173141
54,837513,room_0,fur_0000,노뜨 라텍스탑 매트리스 SS,209000,https://image.hanssem.com/hsimg/gds/1050/837/837513_A1.jpg?v=20250820163136
55,948680,room_0,fur_0000,노뜨 메모리폼탑 매트리스 K  시공,385000,https://image.hanssem.com/hsimg/gds/1050/948/948680_A1.jpg?v=20250820150632
56,1020949,room_0,fur_0001,[시즌오프]보니타 패브릭 침대 Q/K (매트별도),1422600,https://image.hanssem.com/hsimg/gds/1050/1020/1020949_A1.jpg?v=20250717153500
57,993423,room_0,fur_0001,유로 604 프렌치침대 K (매트별도),1546000,https://image.hanssem.com/hsimg/gds/1050/993/993423_A1.jpg?v=20240626160912
58,890977,room_0,fur_0001,"스테디 하이 패밀리침대 K 가드형 (데이베드 옵션, 매트별도)",1221300,https://image.hanssem.com/hsimg/gds/1050/890/890977_A1.jpg?v=20250312101347
59,1048631,room_0,fur_0001,호텔침대 캔버스 수납형 SS + 노뜨 매트리스,713700,https://image.hanssem.com/hsimg/gds/1050/1048/1048631_A1.jpg?v=20241127110600
60,1081736,room_0,fur_0001,"스테디 컴피 패밀리침대 Q 와이드헤드형 (협탁 옵션, 매트별도)",694120,https://image.hanssem.com/hsimg/gds/1050/1081/1081736_A1.jpg?v=20250415160122
61,973904,room_0,fur_0001,티오 그로우 슬라이딩 딥 수납침대 SS+가드+샘키즈 매트 (컬러 택1),857000,https://image.hanssem.com/hsimg/gds/1050/973/973904_A1.jpg?v=20250903135800
62,992454,room_0,fur_0001,우든 침대 SS 수납형 (매트별도),654000,https://image.hanssem.com/hsimg/gds/1050/992/992454_A1.jpg?v=20250814143830
63,319571,room_0,fur_0001,[55딜]스테디2 패밀리침대 SS+SS 한쪽가드형 (매트별도),550000,https://image.hanssem.com/hsimg/gds/1050/319/319571_A1.jpg?v=20250310141700
64,170796,room_0,fur_0001,"샘베딩 플레인 침대 Q,K 메이플 서랍형 (매트별도)",439900,https://image.hanssem.com/hsimg/gds/1050/170/170796_A1.jpg?v=20250310164215
65,973901,room_0,fur_0001,"티오 그로우 슬라이딩 딥 수납침대 SS (매트별도, 컬러 택1)",557280,https://image.hanssem.com/hsimg/gds/1050/973/973901_A1.jpg?v=20250221165415
66,1037633,room_0,fur_0001,아임빅 수납침대SS 화장대형 (매트별도),709000,https://image.hanssem.com/hsimg/gds/1050/1037/1037633_A1.jpg?v=20240813164309
67,890974,room_0,fur_0001,스테디 하이 패밀리침대 Q 퀸 일반형 (매트별도),761400,https://image.hanssem.com/hsimg/gds/1050/890/890974_A1.jpg?v=20241111171924
68,1081457,room_0,fur_0001,"모먼트 패브릭 침대 K (색상 2종, 매트별도)",1194000,https://image.hanssem.com/hsimg/gds/1050/1081/1081457_A1.jpg?v=20250410174405
69,1115957,room_0,fur_0001,호텔침대 어반글로우 침대 KK (하부서랍 선택) + 밸런스 볼륨탑 매트리스,1373400,https://image.hanssem.com/hsimg/gds/1050/1115/1115957_A1.jpg?v=20250912175148
70,1081459,room_0,fur_0001,"페블 패브릭 침대 Q (색상 2종, 매트별도)",1216000,https://image.hanssem.com/hsimg/gds/1050/1081/1081459_A1.jpg?v=20250410173227
71,795505,room_0,fur_0001,아임빅 수납침대 SS 패브릭헤드형 (매트별도),489000,https://image.hanssem.com/hsimg/gds/1050/795/795505_A1.jpg?v=20240807080242
72,1115953,room_0,fur_0001,"호텔침대 포에트 루바형 침대 KK (하부서랍 선택,매트별도)",815100,https://image.hanssem.com/hsimg/gds/1050/1115/1115953_A1.jpg?v=20250826143333
73,1106083,room_0,fur_0001,"호텔침대 아트월월넛 침대 Q/K,KK 리모컨형 (매트 별도)",1127000,https://image.hanssem.com/hsimg/gds/1050/1106/1106083_A1.jpg?v=20250728152634
74,890980,room_0,fur_0001,"스테디 하이 패밀리침대 K+SS (가드옵션, 데이베드 옵션, 매트별도)",1816200,https://image.hanssem.com/hsimg/gds/1050/890/890980_A1.jpg?v=20250312101200
75,993083,room_0,fur_0001,유로 602 필로우침대 KK (매트별도),1970000,https://image.hanssem.com/hsimg/gds/1050/993/993083_A1.jpg?v=20240620101959
76,644539,room_0,fur_0001,아임빅 수납침대 SS 무헤드형+노뜨 매트리스,529620,https://image.hanssem.com/hsimg/gds/1050/644/644539_A1.jpg?v=20250630105703
77,890985,room_0,fur_0001,스테디 하이 패밀리침대 구름 수납선반,71100,https://image.hanssem.com/hsimg/gds/1050/890/890985_A1.jpg?v=20240814160550
78,993805,room_0,fur_0001,호텔침대 부티크 침대 K 패브릭 ( 매트 별도 ),1316000,https://image.hanssem.com/hsimg/gds/1050/993/993805_A1.jpg?v=20241127141208
79,993731,room_0,fur_0001,호텔침대 부티크 침대 K PU가죽 (매트 별도),1235000,https://image.hanssem.com/hsimg/gds/550/993/993731_A1.jpg?v=20241127141336
80,993733,room_0,fur_0001,호텔침대 부티크 침대 SS PU가죽 (매트 별도),860000,https://image.hanssem.com/hsimg/gds/550/993/993733_A1.jpg?v=20250312100452
81,1118521,room_0,fur_0001,(소진완료) 아임빅 수납침대 SS 일반헤드형 매트별도(헤드 화이트/하부 화이트),491000,https://image.hanssem.com/hsimg/gds/1050/1118/1118521_A1.jpg?v=20250909090431
82,1115954,room_0,fur_0001,"호텔침대 모노침대 Q/K (색상2종, 하부서랍 선택) + 밸런스 매트리스(2종)",921990,https://image.hanssem.com/hsimg/gds/1050/1115/1115954_A1.jpg?v=20250915163146
83,795503,room_0,fur_0001,아임빅 수납침대 SS 조명헤드형 (매트별도),469000,https://image.hanssem.com/hsimg/gds/1050/795/795503_A1.jpg?v=20250623100241
84,1081747,room_0,fur_0001,"스테디 컴피 패밀리침대 K+SS (가드옵션, 데이베드 옵션, 매트별도)",1295580,https://image.hanssem.com/hsimg/gds/1050/1081/1081747_A1.jpg?v=20250407171745
85,1064596,room_0,fur_0001,아임빅 수납침대 SS 패브릭헤드형 + 밸런스 매트리스(2종),788420,https://image.hanssem.com/hsimg/gds/1050/1064/1064596_A1.jpg?v=20250610100403
86,287987,room_0,fur_0001,"샘베딩 플레인 침대 Q,K 화이트 서랍형 (매트별도)",439900,https://image.hanssem.com/hsimg/gds/1050/287/287987_A1.jpg?v=20250310164629
87,993085,room_0,fur_0001,유로 602 필로우침대 SS (매트별도),1161000,https://image.hanssem.com/hsimg/gds/1050/993/993085_A1.jpg?v=20250616141026
88,973871,room_0,fur_0001,티오 벙커침대 SS ㄱ자책상형+토퍼,1389610,https://image.hanssem.com/hsimg/gds/1050/973/973871_A1.jpg?v=20250221165414
89,1007022,room_0,fur_0001,캔버스 침대 하단 매트리스 SS + 노뜨 매트리스,523920,https://image.hanssem.com/hsimg/gds/1050/1007/1007022_A1.jpg?v=20250623100241
90,1081745,room_0,fur_0001,"스테디 컴피 패밀리침대 SS+SS (가드옵션, 데이베드 옵션, 매트별도)",1147380,https://image.hanssem.com/hsimg/gds/1050/1081/1081745_A1.jpg?v=20250407171619
91,644567,room_0,fur_0001,샘베딩 플레인 전면수납 침대 SS+노뜨 매트리스,506920,https://image.hanssem.com/hsimg/gds/1050/644/644567_A1.jpg?v=20241127133023
92,1081481,room_0,fur_0001,플래드 엣지 패브릭침대 화이트 SS + 밸런스 매트리스 (2종),776100,https://image.hanssem.com/hsimg/gds/1050/1081/1081481_A1.jpg?v=20250912175517
93,1037636,room_0,fur_0001,아임빅 수납침대SS 화장대형+노뜨 매트리스,877500,https://image.hanssem.com/hsimg/gds/1050/1037/1037636_A1.jpg?v=20241216100337
94,644563,room_0,fur_0001,샘베딩 베이직 침대 SS+노뜨 매트리스,372840,https://image.hanssem.com/hsimg/gds/1050/644/644563_A1.jpg?v=20250205163527
95,724130,room_0,fur_0001,"호텔침대 포엠 침대 Q/K (하부서랍 포함, 색상2종, 매트별도)",549000,https://image.hanssem.com/hsimg/gds/1050/724/724130_A1.jpg?v=20241127141522
96,644568,room_0,fur_0001,샘베딩 플레인 전면수납 침대 SS 서랍형+노뜨 매트리스,599820,https://image.hanssem.com/hsimg/gds/1050/644/644568_A1.jpg?v=20241127132618
97,1007017,room_0,fur_0001,호텔침대 캔버스 침대 SS 하단매트형 (매트별도),559000,https://image.hanssem.com/hsimg/gds/1050/1007/1007017_A1.jpg?v=20241127110427
98,724135,room_0,fur_0001,"호텔침대 포엠 침대 SS 패널형 (하부서랍 포함, 색상2종, 매트별도)",578000,https://image.hanssem.com/hsimg/gds/1050/724/724135_A1.jpg?v=20240724181122
99,1064594,room_0,fur_0001,아임빅 수납침대 SS 조명헤드형 + 밸런스 매트리스(2종),764610,https://image.hanssem.com/hsimg/gds/1050/1064/1064594_A1.jpg?v=20250609154035
100,1119133,room_0,fur_0001,호텔침대 아트월월넛 침대 Q/K 리모컨형 + 포시즌6 매트리스 K,3556200,https://image.hanssem.com/hsimg/gds/1050/1119/1119133_A1.jpg?v=20250904154210
101,1064593,room_0,fur_0001,아임빅 수납침대 SS 슬림수납헤드형 + 밸런스 매트리스(2종),717440,https://image.hanssem.com/hsimg/gds/1050/1064/1064593_A1.jpg?v=20250609154035
102,1081755,room_0,fur_0001,스테디 컴피 패밀리침대 무드조명,59000,https://image.hanssem.com/hsimg/gds/1050/1081/1081755_A1.jpg?v=20250407172223
103,890984,room_0,fur_0001,스테디 하이 패밀리침대 1100 풋보드,218700,https://image.hanssem.com/hsimg/gds/1050/890/890984_A1.jpg?v=20241111171041
104,773278,room_0,fur_0001,클로즈 침대 SS + 노뜨 매트리스,573300,https://image.hanssem.com/hsimg/gds/1050/773/773278_A1.jpg?v=20250512100131
105,287986,room_0,fur_0001,"샘베딩 플레인 침대 Q,K 화이트 일반형 (매트별도)",339900,https://image.hanssem.com/hsimg/gds/1050/287/287986_A1.jpg?v=20250407100226
106,958148,room_0,fur_0001,샘베딩 베이직 침대 SS (매트별도),210740,https://image.hanssem.com/hsimg/gds/1050/958/958148_A1.jpg?v=20241127133308
107,333136,room_0,fur_0001,아임빅 수납침대 SS 무헤드형 (매트별도),365000,https://image.hanssem.com/hsimg/gds/1050/333/333136_A1.jpg?v=20250623100241
108,1106087,room_0,fur_0001,호텔침대 뉴트럴화이트 침대 Q/K 민자형 리모컨형 (매트 별도),1154000,https://image.hanssem.com/hsimg/gds/1050/1106/1106087_A1.jpg?v=20250915162318
109,1065860,room_0,fur_0001,"호텔침대 어반글로우 침대 SS (하부서랍 선택, 매트별도)",653000,https://image.hanssem.com/hsimg/gds/1050/1065/1065860_A1.jpg?v=20250915165657
110,1065862,room_0,fur_0001,호텔침대 어반글로우 침대 SS (하부서랍 선택) + 노뜨 매트리스 (3종),681720,https://image.hanssem.com/hsimg/gds/1050/1065/1065862_A1.jpg?v=20250915165836
111,1118891,room_0,fur_0001,[550만원딜 특가]뉴트럴화이트 호텔침대/포시즌6 매트리스K+프라임 리츠 RC 4인 소파,5500000,https://image.hanssem.com/hsimg/gds/1050/1118/1118891_A1.jpg?v=20250908091512
112,890986,room_0,fur_0001,스테디 하이 패밀리침대 무드조명,63900,https://image.hanssem.com/hsimg/gds/1050/890/890986_A1.jpg?v=20240814160550
113,1064630,room_0,fur_0001,"호텔침대 포에트 침대 Q/K (헤드2종,하부서랍 선택) + 밸런스 매트리스(2종)",987910,https://image.hanssem.com/hsimg/gds/1050/1064/1064630_A1.jpg?v=20250710164328
114,1081474,room_0,fur_0001,플래드 심플 패브릭침대 화이트 Q (매트별도),589000,https://image.hanssem.com/hsimg/gds/1050/1081/1081474_A1.jpg?v=20250403150625
115,1064734,room_0,fur_0001,호텔침대 어반글로우 침대 SS (하부서랍 선택) + 밸런스 매트리스 (2종),780750,https://image.hanssem.com/hsimg/gds/1050/1064/1064734_A1.jpg?v=20250915165914
116,959675,room_0,fur_0001,"호텔침대 포엠 침대 SS + 노뜨 매트리스 3종 (색상 2종, 하부서랍선택)",649880,https://image.hanssem.com/hsimg/gds/1050/959/959675_A1.jpg?v=20241002162013
117,1065861,room_0,fur_0001,"호텔침대 어반글로우 침대 Q/K (하부서랍 선택,매트별도)",870000,https://image.hanssem.com/hsimg/gds/1050/1065/1065861_A1.jpg?v=20250915165738
118,1119132,room_0,fur_0001,호텔침대 포에트 루바형 침대 Q/K 서랍형 + 포시즌6 매트리스 K,3430200,https://image.hanssem.com/hsimg/gds/1050/1119/1119132_A1.jpg?v=20250904154155
119,979718,room_0,fur_0001,"호텔침대 포에트우디 침대 SS (하부서랍 선택, 매트별도)",404040,https://image.hanssem.com/hsimg/gds/1050/979/979718_A1.jpg?v=20241202100105
120,959676,room_0,fur_0001,"호텔침대 포에트 침대 SS + 노뜨 매트리스 3종 (헤드2종, 하부서랍 선택)",589820,https://image.hanssem.com/hsimg/gds/1050/959/959676_A1.jpg?v=20250407100226
121,992455,room_0,fur_0001,우든 침대 SS 낮은헤드 수납형 (매트별도),495000,https://image.hanssem.com/hsimg/gds/1050/992/992455_A1.jpg?v=20250814144006
122,685989,room_0,fur_0001,그루 원목 범퍼침대 SS (매트별도),399000,https://image.hanssem.com/hsimg/gds/1050/685/685989_A1.jpg?v=20250612150225
123,1081455,room_0,fur_0001,"모먼트 패브릭 침대 Q (색상 2종, 매트별도)",1129000,https://image.hanssem.com/hsimg/gds/1050/1081/1081455_A1.jpg?v=20250410174727
124,1071028,room_0,fur_0001,조이S 2 일반 침대 SS,379000,https://image.hanssem.com/hsimg/gds/1050/1071/1071028_A1.jpg?v=20250623134630
125,993806,room_0,fur_0001,호텔침대 부티크 침대 Q 패브릭 ( 매트 별도 ),1152000,https://image.hanssem.com/hsimg/gds/1050/993/993806_A1.jpg?v=20241127141125
126,993084,room_0,fur_0001,유로 602 필로우침대 QK (매트별도),1721000,https://image.hanssem.com/hsimg/gds/1050/993/993084_A1.jpg?v=20250903103228
127,1007024,room_0,fur_0001,호텔침대 캔버스 헤드쿠션 (2개입),49560,https://image.hanssem.com/hsimg/gds/1050/1007/1007024_A1.jpg?v=20250512104046
128,993794,room_0,fur_0001,유로 606 시에나침대 KK (매트별도),2073000,https://image.hanssem.com/hsimg/gds/1050/993/993794_A1.jpg?v=20250822174801
129,993795,room_0,fur_0001,유로 606 시에나침대 K (매트별도),1866000,https://image.hanssem.com/hsimg/gds/1050/993/993795_A1.jpg?v=20250822175844
130,333145,room_0,fur_0001,아임빅 수납침대 SS 일반헤드형 (매트별도),379000,https://image.hanssem.com/hsimg/gds/1050/333/333145_A1.jpg?v=20250623100241
131,993807,room_0,fur_0001,호텔침대 부티크 침대 SS 패브릭 ( 매트 별도 ),922000,https://image.hanssem.com/hsimg/gds/1050/993/993807_A1.jpg?v=20241127104902
132,1106088,room_0,fur_0001,호텔침대 뉴트럴화이트 침대 SS 루바형 리모컨형 (매트 별도),993000,https://image.hanssem.com/hsimg/gds/1050/1106/1106088_A1.jpg?v=20250915162520
133,1007015,room_0,fur_0001,"캔버스 침대 SS 하단매트형 (무헤드, 매트별도)",389000,https://image.hanssem.com/hsimg/gds/1050/1007/1007015_A1.jpg?v=20241127110356
134,1081752,room_0,fur_0001,스테디 컴피 패밀리침대 1100 풋보드,200000,https://image.hanssem.com/hsimg/gds/1050/1081/1081752_A1.jpg?v=20250407172057
135,932378,room_0,fur_0001,"[특가~9/29]호텔침대 포에트 침대 SS (헤드 2종, 하부서랍 선택,매트별도)",408750,https://image.hanssem.com/hsimg/gds/1050/932/932378_A1.jpg?v=20250912104401
136,893988,room_0,fur_0001,스테디 하이 패밀리침대 연결철물SET,32400,https://image.hanssem.com/hsimg/gds/1050/893/893988_A1.jpg?v=20240808133123
137,795512,room_0,fur_0001,아임빅 수납침대 SS 조명헤드형+노뜨 매트리스,636020,https://image.hanssem.com/hsimg/gds/1050/795/795512_A1.jpg?v=20250630105703
138,1118431,room_0,fur_0001,"(소진완료) 호텔침대 아트월월넛 침대 Q/K,KK 리모컨형 매트 별도(사이즈 Q/K)",1127000,https://image.hanssem.com/hsimg/gds/1050/1118/1118431_A1.jpg?v=20250916092439
139,1091700,room_0,fur_0001,클로즈 침대Q/K (색상/하부서랍 선택) + 밸런스 매트리스Q/K (2종),908200,https://image.hanssem.com/hsimg/gds/1050/1091/1091700_A1.jpg?v=20250710165431
140,1115955,room_0,fur_0001,"호텔침대 모노침대 KK (색상2종, 하부서랍 선택) + 밸런스 볼륨탑 매트리스",1230960,https://image.hanssem.com/hsimg/gds/1050/1115/1115955_A1.jpg?v=20250915163325
141,1118892,room_0,fur_0001,[550만원딜 특가]그로브오크  호텔침대/포시즌6 매트리스K+인칸토 식탁세트,5500000,https://image.hanssem.com/hsimg/gds/1050/1118/1118892_A1.jpg?v=20250908091441
142,1037631,room_0,fur_0001,아임빅 수납침대SS 플랫헤드형 (매트별도),539000,https://image.hanssem.com/hsimg/gds/1050/1037/1037631_A1.jpg?v=20241021100026
143,890979,room_0,fur_0001,"스테디 하이 패밀리침대 Q+SS (가드옵션, 데이베드 옵션, 매트별도)",1768500,https://image.hanssem.com/hsimg/gds/1050/890/890979_A1.jpg?v=20241111171441
144,1093827,room_0,fur_0001,샘베딩 베이직 침대SS (색상/하부서랍 선택) + 밸런스 매트리스SS (2종),535350,https://image.hanssem.com/hsimg/gds/1050/1093/1093827_A1.jpg?v=20250609145658
145,1081473,room_0,fur_0001,플래드 심플 패브릭침대 화이트 SS (매트별도),499000,https://image.hanssem.com/hsimg/gds/1050/1081/1081473_A1.jpg?v=20250403150511
146,993602,room_0,fur_0001,밀란 303 스튜디오 Q/K 수납형 (매트별도),1099000,https://image.hanssem.com/hsimg/gds/1050/993/993602_A1.jpg?v=20240227152636
147,890975,room_0,fur_0001,"스테디 하이 패밀리침대 Q 가드형 (데이베드 옵션, 매트별도)",1172700,https://image.hanssem.com/hsimg/gds/1050/890/890975_A1.jpg?v=20241111171837
148,411763,room_0,fur_0001,샘베딩 플레인 침대 SS 슈퍼싱글 서랍형 (매트별도),335900,https://image.hanssem.com/hsimg/gds/1050/411/411763_A1.jpg?v=20250310162958
149,890973,room_0,fur_0001,"스테디 하이 패밀리침대 SS 가드형 (데이베드 옵션, 매트별도)",1012500,https://image.hanssem.com/hsimg/gds/1050/890/890973_A1.jpg?v=20241111172020
150,993804,room_0,fur_0001,호텔침대 부티크 침대 KK 패브릭 ( 매트 별도 ),1441000,https://image.hanssem.com/hsimg/gds/1050/993/993804_A1.jpg?v=20250625101758
151,958147,room_0,fur_0001,샘베딩 베이직 침대 Q/K (매트별도),273880,https://image.hanssem.com/hsimg/gds/1050/958/958147_A1.jpg?v=20241216100337
152,333153,room_0,fur_0001,아임빅 수납침대 SS 슬림수납헤드형 (매트별도),399000,https://image.hanssem.com/hsimg/gds/1050/333/333153_A1.jpg?v=20250623100241
153,1064592,room_0,fur_0001,아임빅 수납침대SS 일반헤드형 + 밸런스 매트리스(2종),676830,https://image.hanssem.com/hsimg/gds/1050/1064/1064592_A1.jpg?v=20250609154035
154,1115956,room_0,fur_0001,"호텔침대 모노침대 SS (색상2종, 하부서랍 선택) + 밸런스 매트리스(2종)",684740,https://image.hanssem.com/hsimg/gds/1050/1115/1115956_A1.jpg?v=20250915163439
155,319569,room_0,fur_0001,스테디2 패밀리침대 Q (매트별도),429000,https://image.hanssem.com/hsimg/gds/1050/319/319569_A1.jpg?v=20250310141700
156,1081737,room_0,fur_0001,"스테디 컴피 패밀리침대 Q 가드형 (데이베드 옵션, 매트별도)",826020,https://image.hanssem.com/hsimg/gds/1050/1081/1081737_A1.jpg?v=20250407171317
157,724129,room_0,fur_0001,"호텔침대 포엠 침대 Q/K 패널형 (색상2종, 매트별도)",598000,https://image.hanssem.com/hsimg/gds/1050/724/724129_A1.jpg?v=20250408090243
158,87081,room_0,fur_0001,샘베딩 플레인 침대 Q/K 메이플 일반형 (매트별도),339900,https://image.hanssem.com/hsimg/gds/1050/87/87081_A1.jpg?v=20250512100131
159,932380,room_0,fur_0001,"[특가~9/29]호텔침대 포에트 침대 Q/K (헤드 2종, 하부서랍 선택,매트별도)",552780,https://image.hanssem.com/hsimg/gds/1050/932/932380_A1.jpg?v=20250912104458
160,993730,room_0,fur_0001,호텔침대 부티크 침대 KK PU가죽 (매트 별도),1358000,https://image.hanssem.com/hsimg/gds/550/993/993730_A1.jpg?v=20250312100729
161,319568,room_0,fur_0001,스테디2 패밀리침대 SS (매트별도),379000,https://image.hanssem.com/hsimg/gds/1050/319/319568_A1.jpg?v=20250310141700
162,1041149,room_0,fur_0001,클로즈 침대 SS (매트별도),390640,https://image.hanssem.com/hsimg/gds/1050/1041/1041149_A1.jpg?v=20250928123214
163,644541,room_0,fur_0001,아임빅 수납침대 SS 슬림수납헤드형+노뜨 매트리스,582750,https://image.hanssem.com/hsimg/gds/1050/644/644541_A1.jpg?v=20250829154456
164,1103272,room_0,fur_0001,호텔침대 룬소프트 침대 SS 리모컨형 (매트별도),1178000,https://image.hanssem.com/hsimg/gds/1050/1103/1103272_A1.jpg?v=20250828142819
165,644555,room_0,fur_0001,그루 원목 범퍼침대 SS+노뜨 매트리스,563920,https://image.hanssem.com/hsimg/gds/1050/644/644555_A1.jpg?v=20250612150225
166,1041147,room_0,fur_0001,클로즈 침대 Q/K (매트별도),514020,https://image.hanssem.com/hsimg/gds/1050/1041/1041147_A1.jpg?v=20250407100226
167,992453,room_0,fur_0001,우든 침대 SS (매트별도),437000,https://image.hanssem.com/hsimg/gds/1050/992/992453_A1.jpg?v=20250814143342
168,1081483,room_0,fur_0001,플래드 패브릭침대 무헤드형 화이트 SS + 밸런스 매트리스 (2종),533610,https://image.hanssem.com/hsimg/gds/1050/1081/1081483_A1.jpg?v=20250912175420
169,1071029,room_0,fur_0001,조이S 2 조명 침대 SS,479000,https://image.hanssem.com/hsimg/gds/1050/1071/1071029_A1.jpg?v=20250623134601
170,1007018,room_0,fur_0001,호텔침대 캔버스 침대 Q 하단매트형 (매트별도),689000,https://image.hanssem.com/hsimg/gds/1050/1007/1007018_A1.jpg?v=20241127140950
171,1081749,room_0,fur_0001,스테디 컴피 패밀리침대 1500 사이드 가드프레임,250000,https://image.hanssem.com/hsimg/gds/1050/1081/1081749_A1.jpg?v=20250910090236
172,1081734,room_0,fur_0001,"스테디 컴피 패밀리침대 SS 가드형 (데이베드 옵션, 매트별도)",704340,https://image.hanssem.com/hsimg/gds/1050/1081/1081734_A1.jpg?v=20250407171057
173,1081732,room_0,fur_0001,스테디 컴피 패밀리침대 SS 일반형 (매트별도),459000,https://image.hanssem.com/hsimg/gds/1050/1081/1081732_A1.jpg?v=20250407170853
174,993732,room_0,fur_0001,호텔침대 부티크 침대 Q PU가죽 (매트 별도),1109000,https://image.hanssem.com/hsimg/gds/550/993/993732_A1.jpg?v=20241127141314
175,1103271,room_0,fur_0001,"호텔침대 룬소프트 침대 Q/K,KK 리모컨형 (매트별도)",1389000,https://image.hanssem.com/hsimg/gds/1050/1103/1103271_A1.jpg?v=20250828142745
176,1037635,room_0,fur_0001,아임빅 수납침대SS 와이드책상형+노뜨 매트리스,847770,https://image.hanssem.com/hsimg/gds/1050/1037/1037635_A1.jpg?v=20241216100337
177,1115939,room_0,fur_0001,"호텔침대 모노침대 Q/K (색상2종, 하부서랍 선택, 매트별도)",545250,https://image.hanssem.com/hsimg/gds/1050/1115/1115939_A1.jpg?v=20250915162742
178,1081738,room_0,fur_0001,스테디 컴피 패밀리침대 K 킹 일반형 (매트별도),599000,https://image.hanssem.com/hsimg/gds/1050/1081/1081738_A1.jpg?v=20250407171401
179,1007021,room_0,fur_0001,호텔침대 캔버스 침대 Q 수납형 (매트별도),739000,https://image.hanssem.com/hsimg/gds/1050/1007/1007021_A1.jpg?v=20250512100131
180,644566,room_0,fur_0001,샘베딩 플레인 침대 SS 서랍형+노뜨 매트리스,494520,https://image.hanssem.com/hsimg/gds/1050/644/644566_A1.jpg?v=20250512100131
181,1106100,room_0,fur_0001,호텔침대 그로브오크 침대 SS 리모컨형 (매트 별도),1020000,https://image.hanssem.com/hsimg/gds/1050/1106/1106100_A1.jpg?v=20250904152450
182,724134,room_0,fur_0001,"호텔침대 포엠 침대 SS (하부서랍 포함, 색상2종, 매트별도)",429000,https://image.hanssem.com/hsimg/gds/1050/724/724134_A1.jpg?v=20241127104830
183,1064597,room_0,fur_0001,아임빅 수납침대 SS 무헤드형 + 밸런스 매트리스(2종),659880,https://image.hanssem.com/hsimg/gds/1050/1064/1064597_A1.jpg?v=20250820164417
184,505286,room_0,fur_0001,샘베딩 플레인 전면수납 침대 SS 서랍형 (매트별도),435900,https://image.hanssem.com/hsimg/gds/1050/505/505286_A1.jpg?v=20241127132835
185,1081482,room_0,fur_0001,플래드 엣지 패브릭침대 화이트 Q + 밸런스 매트리스 (2종),988260,https://image.hanssem.com/hsimg/gds/1050/1081/1081482_A1.jpg?v=20250912175456
186,724133,room_0,fur_0001,"호텔침대 포엠 침대 SS 패널형 (색상2종, 매트별도)",488000,https://image.hanssem.com/hsimg/gds/1050/724/724133_A1.jpg?v=20241028100206
187,319572,room_0,fur_0001,스테디2 패밀리침대 Q+SS 한쪽가드형 (매트별도),636660,https://image.hanssem.com/hsimg/gds/1050/319/319572_A1.jpg?v=20250310141700
188,890976,room_0,fur_0001,스테디 하이 패밀리침대 K 킹 일반형 (매트별도),809100,https://image.hanssem.com/hsimg/gds/1050/890/890976_A1.jpg?v=20250312101616
189,1081479,room_0,fur_0001,플래드 심플 패브릭침대 화이트 SS + 밸런스 매트리스 (2종),790140,https://image.hanssem.com/hsimg/gds/1050/1081/1081479_A1.jpg?v=20250912175616
190,795515,room_0,fur_0001,아임빅 수납침대 SS 패브릭헤드형+노뜨 매트리스,648180,https://image.hanssem.com/hsimg/gds/1050/795/795515_A1.jpg?v=20250414144604
191,1007019,room_0,fur_0001,호텔침대 캔버스 침대 K 하단매트형 (매트별도),879000,https://image.hanssem.com/hsimg/gds/1050/1007/1007019_A1.jpg?v=20241127140651
192,1106097,room_0,fur_0001,호텔침대 세레네차콜 침대 SS 목대형 리모컨형 (매트 별도),1052000,https://image.hanssem.com/hsimg/gds/1050/1106/1106097_A1.jpg?v=20250703113334
193,890983,room_0,fur_0001,스테디 하이 패밀리침대 2100 사이드 가드프레임,387000,https://image.hanssem.com/hsimg/gds/1050/890/890983_A1.jpg?v=20241111171132
194,1048630,room_0,fur_0001,호텔침대 캔버스 하단매트형 SS + 노뜨 매트리스,724570,https://image.hanssem.com/hsimg/gds/1050/1048/1048630_A1.jpg?v=20241127132132
195,993603,room_0,fur_0001,밀란 303 스튜디오 SS 일반형 (매트별도),694000,https://image.hanssem.com/hsimg/gds/1050/993/993603_A1.jpg?v=20250814142601
196,1115952,room_0,fur_0001,"호텔침대 어반글로우 침대 KK (하부서랍 선택, 매트별도)",993000,https://image.hanssem.com/hsimg/gds/1050/1115/1115952_A1.jpg?v=20250826143333
197,1037634,room_0,fur_0001,아임빅 수납침대SS 플랫헤드형+노뜨 매트리스,698100,https://image.hanssem.com/hsimg/gds/1050/1037/1037634_A1.jpg?v=20241216100337
198,1081748,room_0,fur_0001,"스테디 컴피 패밀리침대 Q+Q (가드옵션, 데이베드 옵션, 매트별도)",1384500,https://image.hanssem.com/hsimg/gds/1050/1081/1081748_A1.jpg?v=20250407171829
199,993796,room_0,fur_0001,유로 606 시에나침대 Q (매트별도),1814000,https://image.hanssem.com/hsimg/gds/1050/993/993796_A1.jpg?v=20250822180116
200,644564,room_0,fur_0001,샘베딩 베이직 침대 SS 서랍형+노뜨 매트리스,466100,https://image.hanssem.com/hsimg/gds/1050/644/644564_A1.jpg?v=20250205163841
201,1037632,room_0,fur_0001,아임빅 수납침대SS 와이드책상형 (매트별도),679000,https://image.hanssem.com/hsimg/gds/1050/1037/1037632_A1.jpg?v=20240819100053
202,1091699,room_0,fur_0001,클로즈 침대SS (색상/하부서랍 선택) + 밸런스 매트리스SS (2종),694540,https://image.hanssem.com/hsimg/gds/1050/1091/1091699_A1.jpg?v=20250609145739
203,1106089,room_0,fur_0001,호텔침대 뉴트럴화이트 침대 SS 민자형 리모컨형 (매트 별도),948000,https://image.hanssem.com/hsimg/gds/1050/1106/1106089_A1.jpg?v=20250915162643
204,890972,room_0,fur_0001,스테디 하이 패밀리침대 SS 일반형 (매트별도),609300,https://image.hanssem.com/hsimg/gds/1050/890/890972_A1.jpg?v=20241111172111
205,724131,room_0,fur_0001,"호텔침대 포엠 침대 Q/K 패널형 (하부서랍 포함, 색상2종, 매트별도)",678000,https://image.hanssem.com/hsimg/gds/1050/724/724131_A1.jpg?v=20241202100105
206,1064629,room_0,fur_0001,"호텔침대 포에트 침대 SS (헤드2종,하부서랍 선택) + 밸런스 매트리스(2종)",718410,https://image.hanssem.com/hsimg/gds/1050/1064/1064629_A1.jpg?v=20250609151626
207,1081477,room_0,fur_0001,플래드 패브릭침대 무헤드형 화이트 SS (매트별도),239000,https://image.hanssem.com/hsimg/gds/1050/1081/1081477_A1.jpg?v=20250403151938
208,724132,room_0,fur_0001,"호텔침대 포엠 침대 SS (색상2종, 매트별도)",339000,https://image.hanssem.com/hsimg/gds/1050/724/724132_A1.jpg?v=20241216100337
209,1081458,room_0,fur_0001,"모먼트 패브릭 침대 KK (코타베이지, 매트별도)",1378000,https://image.hanssem.com/hsimg/gds/1050/1081/1081458_A1.jpg?v=20250403145813
210,1020950,room_0,fur_0001,[시즌오프]보니타 가죽 침대 Q/K (매트별도),1233800,https://image.hanssem.com/hsimg/gds/1050/1020/1020950_A1.jpg?v=20250717153357
211,505285,room_0,fur_0001,샘베딩 플레인 전면수납 침대 SS (매트별도),345900,https://image.hanssem.com/hsimg/gds/1050/505/505285_A1.jpg?v=20241127132923
212,1115958,room_0,fur_0001,호텔침대 포에트 루바형 침대 KK (하부서랍 선택) + 밸런스 볼륨탑 매트리스,1450080,https://image.hanssem.com/hsimg/gds/1050/1115/1115958_A1.jpg?v=20250912175125
213,170798,room_0,fur_0001,침대 부착형 LED 간접조명,55000,https://image.hanssem.com/hsimg/gds/1050/170/170798_A1.jpg?v=20231208152744
214,1081750,room_0,fur_0001,스테디 컴피 패밀리침대 2100 사이드 가드프레임,290000,https://image.hanssem.com/hsimg/gds/1050/1081/1081750_A1.jpg?v=20250407172008
215,411762,room_0,fur_0001,샘베딩 플레인 침대 SS 슈퍼싱글 일반형 (매트별도),245900,https://image.hanssem.com/hsimg/gds/1050/411/411762_A1.jpg?v=20250512100131
216,1115941,room_0,fur_0001,"호텔침대 모노침대 SS (색상2종, 하부서랍 선택, 매트별도)",412500,https://image.hanssem.com/hsimg/gds/1050/1115/1115941_A1.jpg?v=20250915163045
217,1115940,room_0,fur_0001,"호텔침대 모노침대 KK (색상2종, 하부서랍 선택, 매트별도)",611250,https://image.hanssem.com/hsimg/gds/1050/1115/1115940_A1.jpg?v=20250915162951
218,256256,room_0,fur_0001,침대 안전가드 (아임빅침대 전용),45430,https://image.hanssem.com/hsimg/gds/1050/256/256256_A1.jpg?v=20250211145333
219,724128,room_0,fur_0001,"호텔침대 포엠 침대 Q/K (색상2종, 매트별도)",449000,https://image.hanssem.com/hsimg/gds/1050/724/724128_A1.jpg?v=20241216100337
220,973865,room_0,fur_0001,티오 벙커침대 SS + 토퍼,1216000,https://image.hanssem.com/hsimg/gds/1050/973/973865_A1.jpg?v=20250714102514
221,1081735,room_0,fur_0001,[55딜]스테디 컴피 패밀리침대 Q 퀸 일반형 (매트별도),550000,https://image.hanssem.com/hsimg/gds/1050/1081/1081735_A1.jpg?v=20250407171148
222,1118429,room_0,fur_0001,(소진완료) 호텔침대 포에트 침대 Q/K 매트별도(헤드 민자형/하부 일반형),747000,https://image.hanssem.com/hsimg/gds/1050/1118/1118429_A1.jpg?v=20250909090431
223,979719,room_0,fur_0001,"호텔침대 포에트우디 침대 Q/K (하부서랍 선택, 매트별도)",574080,https://image.hanssem.com/hsimg/gds/1050/979/979719_A1.jpg?v=20250512100131
224,1061836,room_0,fur_0001,스테디 하이 패밀리침대 1500 사이드 가드프레임,361000,https://image.hanssem.com/hsimg/gds/1050/1061/1061836_A1.jpg?v=20241111170846
225,1081476,room_0,fur_0001,플래드 엣지 패브릭침대 화이트 Q (매트별도),569000,https://image.hanssem.com/hsimg/gds/1050/1081/1081476_A1.jpg?v=20250403151827
226,1081484,room_0,fur_0001,플래드 패브릭침대 무헤드형 화이트 Q + 밸런스 매트리스 (2종),710710,https://image.hanssem.com/hsimg/gds/1050/1081/1081484_A1.jpg?v=20250912175400
227,1064735,room_0,fur_0001,호텔침대 어반글로우 침대 Q/K (하부서랍 선택) + 밸런스 매트리스 (2종),1096680,https://image.hanssem.com/hsimg/gds/1050/1064/1064735_A1.jpg?v=20250915170010
228,1106099,room_0,fur_0001,"호텔침대 그로브오크 침대 Q/K,KK 리모컨형 (매트 별도)",1236000,https://image.hanssem.com/hsimg/gds/1050/1106/1106099_A1.jpg?v=20250904152015
229,993601,room_0,fur_0001,밀란 303 스튜디오 Q/K 일반형 (매트별도),943000,https://image.hanssem.com/hsimg/gds/1050/993/993601_A1.jpg?v=20250814142354
230,1081480,room_0,fur_0001,플래드 심플 패브릭침대 화이트 Q + 밸런스 매트리스 (2종),1003860,https://image.hanssem.com/hsimg/gds/1050/1081/1081480_A1.jpg?v=20250912175556
231,1081461,room_0,fur_0001,"페블 패브릭 침대 KK (색상 2종, 매트별도)",1442000,https://image.hanssem.com/hsimg/gds/1050/1081/1081461_A1.jpg?v=20250410173048
232,1106095,room_0,fur_0001,"호텔침대 세레네차콜 침대 Q/K,KK 쿠션형 리모컨형 (매트 별도)",1742000,https://image.hanssem.com/hsimg/gds/1050/1106/1106095_A1.jpg?v=20250703113334
233,1081739,room_0,fur_0001,"스테디 컴피 패밀리침대 K 와이드헤드형 (협탁 옵션, 매트별도)",725940,https://image.hanssem.com/hsimg/gds/1050/1081/1081739_A1.jpg?v=20250415160122
234,1081460,room_0,fur_0001,"페블 패브릭 침대 K (색상 2종, 매트별도)",1258000,https://image.hanssem.com/hsimg/gds/1050/1081/1081460_A1.jpg?v=20250410172929
235,319574,room_0,fur_0001,스테디2 패밀리침대 측프레임 단독_2개입 (색상2종),159000,https://image.hanssem.com/hsimg/gds/1050/319/319574_A1.jpg?v=20250304084827
236,1118432,room_0,fur_0001,(소진완료) 스테디2 패밀리침대 Q+SS 한쪽가드형 매트별도(소프트 베이지/한쪽가드형),786000,https://image.hanssem.com/hsimg/gds/1050/1118/1118432_A1.jpg?v=20250923081756
237,1106098,room_0,fur_0001,호텔침대 세레네차콜 침대 SS 쿠션형 리모컨형 (매트 별도),1392000,https://image.hanssem.com/hsimg/gds/1050/1106/1106098_A1.jpg?v=20250703113334
238,1106094,room_0,fur_0001,"호텔침대 세레네차콜 침대 Q/K,KK 목대형 리모컨형 (매트 별도)",1306000,https://image.hanssem.com/hsimg/gds/1050/1106/1106094_A1.jpg?v=20250703113334
239,993604,room_0,fur_0001,밀란 303 스튜디오 SS 수납형 (매트별도),849000,https://image.hanssem.com/hsimg/gds/1050/993/993604_A1.jpg?v=20240828102459
240,992452,room_0,fur_0001,우든 침대SS 낮은헤드 (매트별도),284000,https://image.hanssem.com/hsimg/gds/1050/992/992452_A1.jpg?v=20250806142455
241,1007016,room_0,fur_0001,"캔버스 침대 Q 하단매트형 (무헤드, 매트별도)",489000,https://image.hanssem.com/hsimg/gds/1050/1007/1007016_A1.jpg?v=20241127141027
242,1093829,room_0,fur_0001,샘베딩 플레인 침대SS (색상/하부서랍 선택) + 밸런스 매트리스SS (2종),544310,https://image.hanssem.com/hsimg/gds/1050/1093/1093829_A1.jpg?v=20250609145629
243,1106085,room_0,fur_0001,호텔침대 아트월월넛 침대 SS 리모컨형 (매트 별도),931000,https://image.hanssem.com/hsimg/gds/550/1106/1106085_A1.jpg?v=20250703113334
244,319573,room_0,fur_0001,스테디2 패밀리침대 Q+Q 한쪽가드형 (매트별도),680400,https://image.hanssem.com/hsimg/gds/1050/319/319573_A1.jpg?v=20250310141700
245,1071030,room_0,fur_0001,조이S 2 멀티침대 SS,599000,https://image.hanssem.com/hsimg/gds/1050/1071/1071030_A1.jpg?v=20250623134524
246,1081746,room_0,fur_0001,"스테디 컴피 패밀리침대 Q+SS (가드옵션, 데이베드 옵션, 매트별도)",1269060,https://image.hanssem.com/hsimg/gds/1050/1081/1081746_A1.jpg?v=20250407171701
247,1081475,room_0,fur_0001,플래드 엣지 패브릭침대 화이트 SS (매트별도),479000,https://image.hanssem.com/hsimg/gds/1050/1081/1081475_A1.jpg?v=20250403151630
248,1081733,room_0,fur_0001,"스테디 컴피 패밀리침대 SS 와이드헤드형 (협탁 옵션, 매트별도)",609020,https://image.hanssem.com/hsimg/gds/1050/1081/1081733_A1.jpg?v=20250415160122
249,1007020,room_0,fur_0001,호텔침대 캔버스 침대 SS 수납형 (매트별도),549000,https://image.hanssem.com/hsimg/gds/1050/1007/1007020_A1.jpg?v=20241127110500
250,1081741,room_0,fur_0001,"스테디 컴피 패밀리침대 K 가드형 (데이베드 옵션, 매트별도)",853320,https://image.hanssem.com/hsimg/gds/1050/1081/1081741_A1.jpg?v=20250407171526
251,644540,room_0,fur_0001,[특가~9/29]아임빅 수납침대SS 일반헤드형+노뜨 매트리스,512640,https://image.hanssem.com/hsimg/gds/1050/644/644540_A1.jpg?v=20250928122841
252,890978,room_0,fur_0001,"스테디 하이 패밀리침대 SS+SS (가드옵션, 데이베드 옵션, 매트별도)",1610100,https://image.hanssem.com/hsimg/gds/1050/890/890978_A1.jpg?v=20241111171545
253,1106086,room_0,fur_0001,"호텔침대 뉴트럴화이트 침대 Q/K,KK 루바형 리모컨형 (매트 별도)",1203000,https://image.hanssem.com/hsimg/gds/1050/1106/1106086_A1.jpg?v=20250915162045
254,1081478,room_0,fur_0001,플래드 패브릭침대 무헤드형 화이트 Q (매트별도),299000,https://image.hanssem.com/hsimg/gds/1050/1081/1081478_A1.jpg?v=20250403152055
255,890981,room_0,fur_0001,"스테디 하이 패밀리침대 Q+Q (가드옵션, 데이베드 옵션, 매트별도)",1920600,https://image.hanssem.com/hsimg/gds/1050/890/890981_A1.jpg?v=20241111171228
256,644565,room_0,fur_0001,샘베딩 플레인 침대 SS 일반형+노뜨 매트리스,407160,https://image.hanssem.com/hsimg/gds/1050/644/644565_A1.jpg?v=20250407100226
257,993387,room_0,fur_0002,호텔침대 부티크 패널 PU가죽,402000,https://image.hanssem.com/hsimg/gds/550/993/993387_A1.jpg?v=20250814141658
258,979729,room_0,fur_0002,호텔침대 포에트우디 서랍장 손잡이 6개입,25000,https://image.hanssem.com/hsimg/gds/1050/979/979729_A1.jpg?v=20241002162013
259,979722,room_0,fur_0002,호텔침대 포에트우디 협탁,48000,https://image.hanssem.com/hsimg/gds/1050/979/979722_A1.jpg?v=20241002162013
260,993391,room_0,fur_0003,호텔침대 부티크 서랍장 3단 1000,576000,https://image.hanssem.com/hsimg/gds/1050/993/993391_A1.jpg?v=20250806150644
261,1046392,room_0,fur_0003,호텔침대 세레네차콜 데스크 화장대 1100,573000,https://image.hanssem.com/hsimg/gds/1050/1046/1046392_A1.jpg?v=20250716165326
262,992827,room_0,fur_0003,유로 504 데코 화장대 의자,99000,https://image.hanssem.com/hsimg/gds/1050/992/992827_A1.jpg?v=20240628101722
263,993031,room_0,fur_0003,호텔침대 뉴트럴화이트 거울,123000,https://image.hanssem.com/hsimg/gds/1050/993/993031_A1.jpg?v=20240725152809
264,932387,room_0,fur_0003,호텔침대 포에트 서랍장 3단 와이드1400,549000,https://image.hanssem.com/hsimg/gds/1050/932/932387_A1.jpg?v=20250912110930
265,992634,room_0,fur_0003,호텔침대 유로 502 화장대 의자(2종/택1),139000,https://image.hanssem.com/hsimg/gds/1050/992/992634_A1.jpg?v=20250806143625
266,724150,room_0,fur_0003,호텔침대 포엠 공용패널 1개 (색상2종),159000,https://image.hanssem.com/hsimg/gds/1050/724/724150_A1.jpg?v=20241002162013
267,1106107,room_0,fur_0003,호텔침대 그로브오크 패널  코너형,504000,https://image.hanssem.com/hsimg/gds/1050/1106/1106107_A1.jpg?v=20250904152929
268,1091705,room_0,fur_0003,플래지어 모블 협탁 (색상 2종),310000,https://image.hanssem.com/hsimg/gds/1050/1091/1091705_A1.jpg?v=20250522085504
269,1115944,room_0,fur_0003,호텔침대 모노 3단 서랍장 1000 (색상2종),369000,https://image.hanssem.com/hsimg/gds/1050/1115/1115944_A1.jpg?v=20250904203031
270,1115942,room_0,fur_0003,호텔침대 모노 패널 350 (색상2종),249000,https://image.hanssem.com/hsimg/gds/1050/1115/1115942_A1.jpg?v=20250904202941
271,993086,room_0,fur_0003,유로 602 필로우 3단 서랍장 1000,576000,https://image.hanssem.com/hsimg/gds/1050/993/993086_A1.jpg?v=20250806144631
272,1103278,room_0,fur_0003,호텔침대 룬소프트 데스크화장대,348000,https://image.hanssem.com/hsimg/gds/1050/1103/1103278_A1.jpg?v=20250828144417
273,1106072,room_0,fur_0003,호텔침대 뉴트럴화이트 사이드선반,405000,https://image.hanssem.com/hsimg/gds/1050/1106/1106072_A1.jpg?v=20250818133429
274,993087,room_0,fur_0003,유로 602 필로우 협탁,275000,https://image.hanssem.com/hsimg/gds/1050/993/993087_A1.jpg?v=20250806150440
275,932385,room_0,fur_0003,호텔침대 포에트 서랍장 3단 1000,359000,https://image.hanssem.com/hsimg/gds/1050/932/932385_A1.jpg?v=20250912110834
276,992801,room_0,fur_0003,유로 604 3단 와이드서랍장 1200,932000,https://image.hanssem.com/hsimg/gds/1050/992/992801_A1.jpg?v=20250814142158
277,1049169,room_0,fur_0003,호텔침대 그로브오크 패널 일반형 엔드판넬,74400,https://image.hanssem.com/hsimg/gds/1050/1049/1049169_A1.jpg?v=20240925110649
278,1106071,room_0,fur_0003,호텔침대 아트월월넛 화장대 패브릭스툴 사각,215000,https://image.hanssem.com/hsimg/gds/1050/1106/1106071_A1.jpg?v=20250703113041
279,932390,room_0,fur_0003,호텔침대포에트 거울 원형,76000,https://image.hanssem.com/hsimg/gds/1050/932/932390_A1.jpg?v=20250912105333
280,1094255,room_0,fur_0003,(아울렛)호텔침대 유로 502 화장대 의자,91000,https://image.hanssem.com/hsimg/gds/550/1094/1094255_A1.jpg?v=20250910094206
281,1037640,room_0,fur_0003,아임빅 스틸 선반 2종,47200,https://image.hanssem.com/hsimg/gds/1050/1037/1037640_A1.jpg?v=20241002162013
282,979723,room_0,fur_0003,"호텔침대 포에트우디 협탁 스틸 (컬러 3종, 택1)",95000,https://image.hanssem.com/hsimg/gds/1050/979/979723_A1.jpg?v=20241002162013
283,993798,room_0,fur_0003,유로 606 시에나협탁,335000,https://image.hanssem.com/hsimg/gds/1050/993/993798_A1.jpg?v=20240508132102
284,1106073,room_0,fur_0003,호텔침대 뉴트럴화이트 ACC수납함,114000,https://image.hanssem.com/hsimg/gds/1050/1106/1106073_A1.jpg?v=20250703113041
285,1080063,room_0,fur_0003,[특가~9/29]PP 디자인 스툴 1+1 (3종/택1),39900,https://image.hanssem.com/hsimg/gds/550/1080/1080063_A1.jpg?v=20250915132052
286,1103275,room_0,fur_0003,호텔침대 룬소프트 코너협탁,394000,https://image.hanssem.com/hsimg/gds/1050/1103/1103275_A1.jpg?v=20250827164927
287,1046388,room_0,fur_0003,호텔침대 세레네차콜 서랍장 2단 800,327000,https://image.hanssem.com/hsimg/gds/1050/1046/1046388_A1.jpg?v=20240725131801
288,1065877,room_0,fur_0003,호텔침대 어반글로우 3단 와이드 서랍장 1400,724000,https://image.hanssem.com/hsimg/gds/1050/1065/1065877_A1.jpg?v=20250912111816
289,993608,room_0,fur_0003,밀란303스튜디오 플랩화장대,409000,https://image.hanssem.com/hsimg/gds/1050/993/993608_A1.jpg?v=20250806145816
290,1020953,room_0,fur_0003,보니타 사이드 테이블,327000,https://image.hanssem.com/hsimg/gds/1050/1020/1020953_A1.jpg?v=20240126154330
291,932391,room_0,fur_0003,호텔침대 포에트 콘솔화장대 SET,355000,https://image.hanssem.com/hsimg/gds/1050/932/932391_A1.jpg?v=20250912105411
292,979724,room_0,fur_0003,호텔침대 포에트우디 화장대 콘솔형,263000,https://image.hanssem.com/hsimg/gds/1050/979/979724_A1.jpg?v=20241002162013
293,484623,room_0,fur_0003,리즈 화장대형 서랍장,299000,https://image.hanssem.com/hsimg/gds/1050/484/484623_A1.jpg?v=20241002162012
294,992690,room_0,fur_0003,호텔침대 아트월월넛 서랍장 3단 1000,466000,https://image.hanssem.com/hsimg/gds/1050/992/992690_A1.jpg?v=20241021172146
295,1046395,room_0,fur_0003,호텔침대 세레네차콜 조명 거울,274000,https://image.hanssem.com/hsimg/gds/1050/1046/1046395_A1.jpg?v=20240725131909
296,932389,room_0,fur_0003,호텔침대 포에트 화장대 콘솔형,279000,https://image.hanssem.com/hsimg/gds/1050/932/932389_A1.jpg?v=20250912105244
297,837472,room_0,fur_0003,멜로우 미니 사이드테이블,55000,https://image.hanssem.com/hsimg/gds/1050/837/837472_A1.jpg?v=20241002162012
298,993028,room_0,fur_0003,호텔침대 뉴트럴화이트 서랍장 3단 1000,466000,https://image.hanssem.com/hsimg/gds/1050/993/993028_A1.jpg?v=20241021170349
299,993373,room_0,fur_0003,유로 602 필로우 데스크 화장대,476000,https://image.hanssem.com/hsimg/gds/550/993/993373_A1.jpg?v=20240923110003
300,993090,room_0,fur_0003,유로 602 필로우 3 와이드서랍장 1400,821000,https://image.hanssem.com/hsimg/gds/1050/993/993090_A1.jpg?v=20240620104128
301,979726,room_0,fur_0003,호텔침대 포에트우디 서랍장 3단,359000,https://image.hanssem.com/hsimg/gds/1050/979/979726_A1.jpg?v=20241002162013
302,266871,room_0,fur_0003,샘베딩 클로즈 거울 800,72900,https://image.hanssem.com/hsimg/gds/1050/266/266871_A1.jpg?v=20240416185011
303,1046391,room_0,fur_0003,호텔침대 세레네차콜 서랍장 3단 와이드 1400,790000,https://image.hanssem.com/hsimg/gds/1050/1046/1046391_A1.jpg?v=20250716165509
304,993030,room_0,fur_0003,호텔침대 뉴트럴화이트 서랍장 3단 와이드 1400,698000,https://image.hanssem.com/hsimg/gds/1050/993/993030_A1.jpg?v=20240725141233
305,993610,room_0,fur_0003,밀란303스튜디오 슬림수납장,501000,https://image.hanssem.com/hsimg/gds/1050/993/993610_A1.jpg?v=20250806153722
306,992260,room_0,fur_0003,루나 화장대 의자,153000,https://image.hanssem.com/hsimg/gds/1050/992/992260_A1.jpg?v=20240910110817
307,1106101,room_0,fur_0003,호텔침대 아트월월넛  패널,329000,https://image.hanssem.com/hsimg/gds/1050/1106/1106101_A1.jpg?v=20250828111826
308,1037642,room_0,fur_0003,아임빅 행잉조명,41600,https://image.hanssem.com/hsimg/gds/1050/1037/1037642_A1.jpg?v=20241002162013
309,1046393,room_0,fur_0003,호텔침대 세레네차콜 화장대 패브릭 스툴,174000,https://image.hanssem.com/hsimg/gds/1050/1046/1046393_A1.jpg?v=20240812143847
310,1106106,room_0,fur_0003,호텔침대 그로브오크 패널  일반형,391000,https://image.hanssem.com/hsimg/gds/1050/1106/1106106_A1.jpg?v=20250904152710
311,1049172,room_0,fur_0003,호텔침대 세레네차콜 패널 일반형 엔드판넬,88400,https://image.hanssem.com/hsimg/gds/1050/1049/1049172_A1.jpg?v=20240925110616
312,1046386,room_0,fur_0003,호텔침대 그로브오크 화장대 거울,102000,https://image.hanssem.com/hsimg/gds/1050/1046/1046386_A1.jpg?v=20250220161603
313,1007023,room_0,fur_0003,호텔침대 캔버스 패널,205000,https://image.hanssem.com/hsimg/gds/1050/1007/1007023_A1.jpg?v=20240724171257
314,979725,room_0,fur_0003,호텔침대 포에트 우디 콘솔화장대 SET,339000,https://image.hanssem.com/hsimg/gds/1050/979/979725_A1.jpg?v=20241002162013
315,1115943,room_0,fur_0003,호텔침대 모노 패널 600 (색상2종),269000,https://image.hanssem.com/hsimg/gds/1050/1115/1115943_A1.jpg?v=20250904202941
316,724137,room_0,fur_0003,호텔침대 포엠 화장대 슬라이딩형,329000,https://image.hanssem.com/hsimg/gds/1050/724/724137_A1.jpg?v=20250407100226
317,979721,room_0,fur_0003,호텔침대 포에트우디 패널 선반형 350,235000,https://image.hanssem.com/hsimg/gds/1050/979/979721_A1.jpg?v=20241002162013
318,993369,room_0,fur_0003,유로 605 슬로우 데스크 화장대,476000,https://image.hanssem.com/hsimg/gds/1050/993/993369_A1.jpg?v=20240809150717
319,487358,room_0,fur_0003,리즈 미니 화장대,159000,https://image.hanssem.com/hsimg/gds/1050/487/487358_A1.jpg?v=20241002162012
320,993625,room_0,fur_0003,밀란 303 스튜디오 북엔드 ACC,22000,https://image.hanssem.com/hsimg/gds/1050/993/993625_A1.jpg?v=20250806153223
321,585524,room_0,fur_0003,담 전신거울 (블랙),85000,https://image.hanssem.com/hsimg/gds/550/585/585524_A1.jpg?v=20240920163537
322,724141,room_0,fur_0003,호텔침대 포엠 수납형 패브릭 스툴,99000,https://image.hanssem.com/hsimg/gds/1050/724/724141_A1.jpg?v=20241002162012
323,993825,room_0,fur_0003,호텔침대 부티크 패널 패브릭,412000,https://image.hanssem.com/hsimg/gds/1050/993/993825_A1.jpg?v=20250806152633
324,993799,room_0,fur_0003,유로 606 시에나 3단 서랍장1000,681000,https://image.hanssem.com/hsimg/gds/1050/993/993799_A1.jpg?v=20250211151203
325,1037643,room_0,fur_0003,아임빅 행잉거울,64800,https://image.hanssem.com/hsimg/gds/1050/1037/1037643_A1.jpg?v=20241002162013
326,1115947,room_0,fur_0003,호텔침대 모노 화장대 거울 (색상2종),69000,https://image.hanssem.com/hsimg/gds/1050/1115/1115947_A1.jpg?v=20250904203031
327,993025,room_0,fur_0003,호텔침대 뉴트럴화이트 협탁,155000,https://image.hanssem.com/hsimg/gds/1050/993/993025_A1.jpg?v=20241021165543
328,1115948,room_0,fur_0003,호텔침대 모노 화장대 SET (색상2종),358000,https://image.hanssem.com/hsimg/gds/1050/1115/1115948_A1.jpg?v=20250904203031
329,992800,room_0,fur_0003,유로 604 3단 서랍장 1000,698000,https://image.hanssem.com/hsimg/gds/1050/992/992800_A1.jpg?v=20250814142013
330,993797,room_0,fur_0003,유로 606 시에나 사이드테이블,287000,https://image.hanssem.com/hsimg/gds/1050/993/993797_A1.jpg?v=20240227154331
331,837474,room_0,fur_0003,멜로우 북케이스,115000,https://image.hanssem.com/hsimg/gds/1050/837/837474_A1.jpg?v=20241002162012
332,724136,room_0,fur_0003,호텔침대 포엠 거울 화장대,229000,https://image.hanssem.com/hsimg/gds/1050/724/724136_A1.jpg?v=20241202100105
333,993390,room_0,fur_0003,호텔침대 부티크 협탁,233000,https://image.hanssem.com/hsimg/gds/1050/993/993390_A1.jpg?v=20240820093100
334,1065876,room_0,fur_0003,호텔침대 어반글로우 3단 서랍장,481000,https://image.hanssem.com/hsimg/gds/1050/1065/1065876_A1.jpg?v=20250912111724
335,1106105,room_0,fur_0003,호텔침대 세레네차콜 패널  코너형,530000,https://image.hanssem.com/hsimg/gds/1050/1106/1106105_A1.jpg?v=20250828112305
336,993606,room_0,fur_0003,밀란303스튜디오 3단서랍장,432000,https://image.hanssem.com/hsimg/gds/1050/993/993606_A1.jpg?v=20250806151129
337,1115946,room_0,fur_0003,호텔침대 모노 화장대 800 (색상2종),289000,https://image.hanssem.com/hsimg/gds/1050/1115/1115946_A1.jpg?v=20250904203031
338,1037644,room_0,fur_0003,아임빅 미니서랍장 400,255200,https://image.hanssem.com/hsimg/gds/1050/1037/1037644_A1.jpg?v=20241002162013
339,1115945,room_0,fur_0003,호텔침대 모노 3단 와이드 서랍장 1400 (색상2종),595000,https://image.hanssem.com/hsimg/gds/1050/1115/1115945_A1.jpg?v=20250912133835
340,1106074,room_0,fur_0003,호텔침대 뉴트럴화이트 화장대거울 원형,100000,https://image.hanssem.com/hsimg/gds/1050/1106/1106074_A1.jpg?v=20250818133550
341,487360,room_0,fur_0003,리즈 수납형 화장대,289000,https://image.hanssem.com/hsimg/gds/1050/487/487360_A1.jpg?v=20241002162012
342,1106068,room_0,fur_0003,호텔침대 아트월월넛 사이드선반,405000,https://image.hanssem.com/hsimg/gds/1050/1106/1106068_A1.jpg?v=20250818132705
343,993392,room_0,fur_0003,호텔침대 부티크 화장대,465000,https://image.hanssem.com/hsimg/gds/550/993/993392_A1.jpg?v=20250806150131
344,1106103,room_0,fur_0003,호텔침대 뉴트럴화이트  패널,369000,https://image.hanssem.com/hsimg/gds/1050/1106/1106103_A1.jpg?v=20250828112028
345,993800,room_0,fur_0003,유로 606 시에나 3단 와이드서랍장1400,942000,https://image.hanssem.com/hsimg/gds/1050/993/993800_A1.jpg?v=20250211150514
346,1065875,room_0,fur_0003,호텔침대 어반글로우 사이드 테이블,160000,https://image.hanssem.com/hsimg/gds/1050/1065/1065875_A1.jpg?v=20250912111644
347,993605,room_0,fur_0003,밀란303스튜디오 협탁,165000,https://image.hanssem.com/hsimg/gds/1050/993/993605_A1.jpg?v=20250806151351
348,1106070,room_0,fur_0003,호텔침대 아트월월넛 화장대거울 원형,100000,https://image.hanssem.com/hsimg/gds/1050/1106/1106070_A1.jpg?v=20250818133248
349,993026,room_0,fur_0003,호텔침대 뉴트럴화이트 서랍장 2단 800,299000,https://image.hanssem.com/hsimg/gds/1050/993/993026_A1.jpg?v=20241021165911
350,1115949,room_0,fur_0003,호텔침대 모노 연결철물,15000,https://image.hanssem.com/hsimg/gds/1050/1115/1115949_A1.jpg?v=20250826143333
351,1046385,room_0,fur_0003,호텔침대 그로브오크 콘솔형 화장대 800,374000,https://image.hanssem.com/hsimg/gds/1050/1046/1046385_A1.jpg?v=20240725134048
352,1046387,room_0,fur_0003,호텔침대 세레네차콜 협탁,184000,https://image.hanssem.com/hsimg/gds/1050/1046/1046387_A1.jpg?v=20240725131604
353,1020236,room_0,fur_0003,호텔침대 캔버스 핀조명,55000,https://image.hanssem.com/hsimg/gds/1050/1020/1020236_A1.jpg?v=20240925110951
354,1065874,room_0,fur_0003,호텔침대 어반글로우 화장대패널 550,643000,https://image.hanssem.com/hsimg/gds/1050/1065/1065874_A1.jpg?v=20250912111603
355,932388,room_0,fur_0003,호텔침대 포에트 서랍장 5단 800,459000,https://image.hanssem.com/hsimg/gds/1050/932/932388_A1.jpg?v=20250912111027
356,932418,room_0,fur_0003,호텔침대 포에트/어반글로우 연결철물 SET,16000,https://image.hanssem.com/hsimg/gds/1050/932/932418_A1.jpg?v=20240925110532
357,1020951,room_0,fur_0003,보니타 협탁,350000,https://image.hanssem.com/hsimg/gds/1050/1020/1020951_A1.jpg?v=20250716171308
358,1037641,room_0,fur_0003,아임빅 다용도 악세서리 걸이,30400,https://image.hanssem.com/hsimg/gds/1050/1037/1037641_A1.jpg?v=20241002162013
359,993624,room_0,fur_0003,밀란 303 스튜디오 스탠드,18000,https://image.hanssem.com/hsimg/gds/1050/993/993624_A1.jpg?v=20250806153415
360,1103273,room_0,fur_0003,호텔침대 룬소프트 패널,494000,https://image.hanssem.com/hsimg/gds/1050/1103/1103273_A1.jpg?v=20250828090946
361,993034,room_0,fur_0003,호텔침대 뉴트럴화이트 화장대 수납형,523000,https://image.hanssem.com/hsimg/gds/1050/993/993034_A1.jpg?v=20240725152328
362,993810,room_0,fur_0003,호텔침대 부티크 테이블 스틸엣지,223000,https://image.hanssem.com/hsimg/gds/1050/993/993810_A1.jpg?v=20250806152938
363,1081753,room_0,fur_0003,스테디 컴피 침대 협탁,145140,https://image.hanssem.com/hsimg/gds/1050/1081/1081753_A1.jpg?v=20250407172138
364,1106104,room_0,fur_0003,호텔침대 세레네차콜 패널  일반형,408000,https://image.hanssem.com/hsimg/gds/1050/1106/1106104_A1.jpg?v=20250828111928
365,992850,room_0,fur_0003,로건 화장대 거울,150000,https://image.hanssem.com/hsimg/gds/1050/992/992850_A1.jpg?v=20240227152741
366,992785,room_0,fur_0003,호텔침대 아트월월넛 협탁,155000,https://image.hanssem.com/hsimg/gds/1050/992/992785_A1.jpg?v=20250806142807
367,992688,room_0,fur_0003,호텔침대 아트월월넛 서랍장 2단 800,299000,https://image.hanssem.com/hsimg/gds/1050/992/992688_A1.jpg?v=20241021170623
368,992805,room_0,fur_0003,유로 604 협탁,366000,https://image.hanssem.com/hsimg/gds/1050/992/992805_A1.jpg?v=20250806152056
369,816305,room_0,fur_0003,아임빅 라운드협탁,64000,https://image.hanssem.com/hsimg/gds/1050/816/816305_A1.jpg?v=20241216100337
370,1105014,room_0,fur_0003,(아울렛) 호텔침대 포엠 원형스툴 가죽 (베이지 컬러),72000,https://image.hanssem.com/hsimg/gds/550/1105/1105014_A1.jpg?v=20250811173141
371,1020952,room_0,fur_0003,보니타 3단 서랍장 1000,748000,https://image.hanssem.com/hsimg/gds/1050/1020/1020952_A1.jpg?v=20250717150320
372,1065883,room_0,fur_0003,호텔침대 어반글로우 코너 사이드선반,172000,https://image.hanssem.com/hsimg/gds/1050/1065/1065883_A1.jpg?v=20250912111954
373,992691,room_0,fur_0003,호텔침대 아트월월넛 서랍장 3단 와이드 1400,698000,https://image.hanssem.com/hsimg/gds/1050/992/992691_A1.jpg?v=20240725100326
374,932394,room_0,fur_0003,호텔침대 포에트 수납장 800 (높이 2종),199080,https://image.hanssem.com/hsimg/gds/1050/932/932394_A1.jpg?v=20250912105949
375,979728,room_0,fur_0003,호텔침대 포에트우디 서랍장 손잡이 2개입,10000,https://image.hanssem.com/hsimg/gds/1050/979/979728_A1.jpg?v=20241002162013
376,724140,room_0,fur_0003,호텔침대 포엠 스툴 원형 가죽,89000,https://image.hanssem.com/hsimg/gds/1050/724/724140_A1.jpg?v=20241002162012
377,932381,room_0,fur_0003,호텔침대 포에트 패널 350 1개입,259000,https://image.hanssem.com/hsimg/gds/1050/932/932381_A1.jpg?v=20250912110239
378,993607,room_0,fur_0003,밀란303스튜디오 5단서랍장,608000,https://image.hanssem.com/hsimg/gds/1050/993/993607_A1.jpg?v=20250806153552
379,993027,room_0,fur_0003,호텔침대 뉴트럴화이트 서랍장 2단 1000,354000,https://image.hanssem.com/hsimg/gds/1050/993/993027_A1.jpg?v=20241021165947
380,992682,room_0,fur_0003,호텔침대 아트월월넛 사이드벤치 (좌방석미포함),209000,https://image.hanssem.com/hsimg/gds/1050/992/992682_A1.jpg?v=20240925111150
381,932384,room_0,fur_0003,호텔침대 포에트 협탁 원형,119900,https://image.hanssem.com/hsimg/gds/1050/932/932384_A1.jpg?v=20250912110656
382,932393,room_0,fur_0003,호텔침대 포에트 수납장 400 (높이 2종),123200,https://image.hanssem.com/hsimg/gds/1050/932/932393_A1.jpg?v=20250912111126
383,1065878,room_0,fur_0003,호텔침대 어반글로우 콘솔형 화장대 800 (2종),383000,https://image.hanssem.com/hsimg/gds/1050/1065/1065878_A1.jpg?v=20250912102411
384,1103274,room_0,fur_0003,호텔침대 룬소프트 2단 협탁,245000,https://image.hanssem.com/hsimg/gds/1050/1103/1103274_A1.jpg?v=20250828111331
385,1046371,room_0,fur_0003,호텔침대 그로브오크 협탁,179000,https://image.hanssem.com/hsimg/gds/1050/1046/1046371_A1.jpg?v=20240725134151
386,932383,room_0,fur_0003,호텔침대 포에트 수납 협탁,99000,https://image.hanssem.com/hsimg/gds/1050/932/932383_A1.jpg?v=20250912110513
387,1046373,room_0,fur_0003,호텔침대 그로브오크 서랍장 3단 1000,499000,https://image.hanssem.com/hsimg/gds/1050/1046/1046373_A1.jpg?v=20240725133558
388,1068560,room_0,fur_0003,[특가~9/29]PP 디자인 스툴(3종/택1),19900,https://image.hanssem.com/hsimg/gds/1050/1068/1068560_A1.jpg?v=20250915132054
389,992689,room_0,fur_0003,호텔침대 아트월월넛 서랍장 2단 1000,354000,https://image.hanssem.com/hsimg/gds/1050/992/992689_A1.jpg?v=20241021170734
390,1037647,room_0,fur_0003,아임빅 와이드 수납책상 1200,337600,https://image.hanssem.com/hsimg/gds/1050/1037/1037647_A1.jpg?v=20250519150628
391,1046372,room_0,fur_0003,호텔침대 그로브오크 서랍장 2단 800,331000,https://image.hanssem.com/hsimg/gds/1050/1046/1046372_A1.jpg?v=20240725134311
392,932382,room_0,fur_0003,호텔침대 포에트 패널 450 1개입,249000,https://image.hanssem.com/hsimg/gds/1050/932/932382_A1.jpg?v=20241002162013
393,1046390,room_0,fur_0003,호텔침대 세레네차콜 서랍장 3단 1000,489000,https://image.hanssem.com/hsimg/gds/1050/1046/1046390_A1.jpg?v=20250716170227
394,1103277,room_0,fur_0003,호텔침대 룬소프트 블랑 사이드테이블,130000,https://image.hanssem.com/hsimg/gds/1050/1103/1103277_A1.jpg?v=20250828140636
395,1061428,room_0,fur_0003,(아울렛) 부티크 스툴 패브릭 (오트베이지 컬러),111000,https://image.hanssem.com/hsimg/gds/1050/1061/1061428_A1.jpg?v=20250910094249
396,1065869,room_0,fur_0003,호텔침대 어반글로우 멀티패널 350 1개입,419000,https://image.hanssem.com/hsimg/gds/1050/1065/1065869_A1.jpg?v=20250912111324
397,1103279,room_0,fur_0003,호텔침대 룬소프트 화장대 패브릭스툴,174000,https://image.hanssem.com/hsimg/gds/1050/1103/1103279_A1.jpg?v=20250904110829
398,979720,room_0,fur_0003,호텔침대 포에트우디 패널 협탁형 350,220000,https://image.hanssem.com/hsimg/gds/1050/979/979720_A1.jpg?v=20241002162013
399,1037645,room_0,fur_0003,아임빅 3단 서랍장 800,321600,https://image.hanssem.com/hsimg/gds/1050/1037/1037645_A1.jpg?v=20241002162013
400,993768,room_0,fur_0003,유로 605 슬로우 스틸협탁브라운,242000,https://image.hanssem.com/hsimg/gds/1050/993/993768_A1.jpg?v=20240809174209
401,993033,room_0,fur_0003,호텔침대 뉴트럴화이트 화장대콘솔형,354000,https://image.hanssem.com/hsimg/gds/1050/993/993033_A1.jpg?v=20240725152644
402,724139,room_0,fur_0003,호텔침대 포엠 서랍장 5단,299000,https://image.hanssem.com/hsimg/gds/1050/724/724139_A1.jpg?v=20241002162012
403,993808,room_0,fur_0003,호텔침대 부티크 스툴 패브릭,182000,https://image.hanssem.com/hsimg/gds/1050/993/993808_A1.jpg?v=20250806150837
404,993623,room_0,fur_0003,밀란303스튜디오 핀조명 SET,55000,https://image.hanssem.com/hsimg/gds/1050/993/993623_A1.jpg?v=20240227154448
405,993029,room_0,fur_0003,호텔침대 뉴트럴화이트 서랍장 3단 1000 전도방지,539000,https://image.hanssem.com/hsimg/gds/1050/993/993029_A1.jpg?v=20241021170306
406,724138,room_0,fur_0003,호텔침대 포엠 서랍장 3단,219000,https://image.hanssem.com/hsimg/gds/1050/724/724138_A1.jpg?v=20241002162012
407,1037646,room_0,fur_0003,아임빅 파티션 화장대,338400,https://image.hanssem.com/hsimg/gds/1050/1037/1037646_A1.jpg?v=20241216100337
408,487359,room_0,fur_0003,리즈 3단 미니 서랍장,85000,https://image.hanssem.com/hsimg/gds/1050/487/487359_A1.jpg?v=20241002162012
409,993609,room_0,fur_0003,밀란 303 스튜디오 SL 화장대 세트,602000,https://image.hanssem.com/hsimg/gds/1050/993/993609_A1.jpg?v=20240819174929
410,1106069,room_0,fur_0003,호텔침대 아트월월넛 ACC수납함,114000,https://image.hanssem.com/hsimg/gds/1050/1106/1106069_A1.jpg?v=20250703113041
411,993801,room_0,fur_0003,유로 606 시에나 데스크 1000,375000,https://image.hanssem.com/hsimg/gds/1050/993/993801_A1.jpg?v=20240227154331
412,1046384,room_0,fur_0003,호텔침대 그로브오크 서랍장 3단 와이드 1400,779000,https://image.hanssem.com/hsimg/gds/1050/1046/1046384_A1.jpg?v=20240725133449
413,993809,room_0,fur_0003,호텔침대 부티크 협탁 스틸 화이트,233000,https://image.hanssem.com/hsimg/gds/1050/993/993809_A1.jpg?v=20250806152810
414,1065882,room_0,fur_0003,호텔침대 어반글로우 악세서리 수납함,139000,https://image.hanssem.com/hsimg/gds/1050/1065/1065882_A1.jpg?v=20250912111901
415,1018877,room_0,fur_0003,폴딩 백레스트 수납스툴 등받이 화장대 의자,52900,https://image.hanssem.com/hsimg/gds/1050/1018/1018877_A1.jpg?v=20250630170427
416,837470,room_0,fur_0003,멜로우 콘솔 화장대,349000,https://image.hanssem.com/hsimg/gds/1050/837/837470_A1.jpg?v=20241002162012
417,979727,room_0,fur_0003,호텔침대 포에트우디 서랍장 3단 와이드,499000,https://image.hanssem.com/hsimg/gds/1050/979/979727_A1.jpg?v=20241002162013
418,1065870,room_0,fur_0003,호텔침대 어반글로우 멀티패널 450 (서랍선택) 1개입,391000,https://image.hanssem.com/hsimg/gds/1050/1065/1065870_A1.jpg?v=20250912111430
419,992550,room_1,fur_0000,버니 수납벤치1000,239000,https://image.hanssem.com/hsimg/gds/1050/992/992550_A1.jpg?v=20250814145055
420,1003384,room_1,fur_0000,샘키즈 책장 교구장 600,85900,https://image.hanssem.com/hsimg/gds/1050/1003/1003384_A1.jpg?v=20250908095159
421,1011193,room_1,fur_0000,버니2 거울,65000,https://image.hanssem.com/hsimg/gds/1050/1011/1011193_A1.jpg?v=20240704161055
422,1029539,room_1,fur_0000,샘키즈 디자인책장 1305 좁은형,229900,https://image.hanssem.com/hsimg/gds/1050/1029/1029539_A1.jpg?v=20250908094923
423,1048786,room_1,fur_0000,샘키즈 미니박스 수납장 435 파스텔,95900,https://image.hanssem.com/hsimg/gds/1050/1048/1048786_A1.jpg?v=20250923192332
424,992549,room_1,fur_0000,버니 교구장1000,220000,https://image.hanssem.com/hsimg/gds/1050/992/992549_A1.jpg?v=20250814144844
425,825276,room_1,fur_0000,샘키즈 수납장 1305+전면책장 낮은 세트,249800,https://image.hanssem.com/hsimg/gds/1050/825/825276_A1.jpg?v=20250908094923
426,570287,room_1,fur_0000,샘키즈 슬라이딩 수납장 자석보드형 박스 2000,489000,https://image.hanssem.com/hsimg/gds/1050/570/570287_A1.jpg?v=20250908095159
427,829886,room_1,fur_0000,샘키즈 전면책장 600,165900,https://image.hanssem.com/hsimg/gds/1050/829/829886_A1.jpg?v=20250908095159
428,1115159,room_1,fur_0000,샘키즈 1단 미니박스 수납책장 870 컬러믹스,135900,https://image.hanssem.com/hsimg/gds/1050/1115/1115159_A1.jpg?v=20250923150331
429,829882,room_1,fur_0000,샘키즈 낮은 장난감정리대 600,115900,https://image.hanssem.com/hsimg/gds/1050/829/829882_A1.jpg?v=20250908095159
430,992547,room_1,fur_0000,버니 SL수납장 1000 전면책장,294000,https://image.hanssem.com/hsimg/gds/1050/992/992547_A1.jpg?v=20250814144533
431,1115155,room_1,fur_0000,샘키즈 미니박스 수납장 1305 컬러믹스,175900,https://image.hanssem.com/hsimg/gds/1050/1115/1115155_A1.jpg?v=20250923150331
432,1062781,room_1,fur_0000,샘키즈 수납장 1305 라인프렌즈 에디션,165900,https://image.hanssem.com/hsimg/gds/1050/1062/1062781_A1.jpg?v=20250908094922
433,908725,room_1,fur_0000,*단독구매불가* 샘키즈 뚜껑 1P,2500,https://image.hanssem.com/hsimg/gds/550/908/908725_A1.jpg?v=20250908094922
434,570281,room_1,fur_0000,[특가~9/29]샘키즈 슬라이딩 수납장 전면책장형 박스 1600,339000,https://image.hanssem.com/hsimg/gds/1050/570/570281_A1.jpg?v=20250908095159
435,1048770,room_1,fur_0000,샘키즈 수납장 435 뉴트럴베이지,89900,https://image.hanssem.com/hsimg/gds/1050/1048/1048770_A1.jpg?v=20250923093919
436,1115154,room_1,fur_0000,샘키즈 낮은 수납장 870 컬러믹스,99900,https://image.hanssem.com/hsimg/gds/1050/1115/1115154_A1.jpg?v=20250923150331
437,1048781,room_1,fur_0000,샘키즈 1단 미니박스 수납책장 870 모던,139900,https://image.hanssem.com/hsimg/gds/1050/1048/1048781_A1.jpg?v=20250908094922
438,1011188,room_1,fur_0000,버니2 3단 서랍장 800,410000,https://image.hanssem.com/hsimg/gds/1050/1011/1011188_A1.jpg?v=20240704160331
439,1003394,room_1,fur_0000,샘키즈 낮은 멀티 교구장 600,169900,https://image.hanssem.com/hsimg/gds/1050/1003/1003394_A1.jpg?v=20250908095159
440,1029564,room_1,fur_0000,샘키즈 수납장 1305 브라운,159900,https://image.hanssem.com/hsimg/gds/1050/1029/1029564_A1.jpg?v=20250908094921
441,968307,room_1,fur_0000,샘키즈 2단 수납장 870,95900,https://image.hanssem.com/hsimg/gds/1050/968/968307_A1.jpg?v=20250922202617
442,1115040,room_1,fur_0000,샘키즈 수납행거장(대) 435,74900,https://image.hanssem.com/hsimg/gds/1050/1115/1115040_A1.jpg?v=20250923194048
443,1040544,room_1,fur_0000,샘키즈 수납장 870 파스텔,125900,https://image.hanssem.com/hsimg/gds/1050/1040/1040544_A1.jpg?v=20250922200055
444,1029553,room_1,fur_0000,샘키즈 미니박스 수납장 870 크림옐로우,139900,https://image.hanssem.com/hsimg/gds/1050/1029/1029553_A1.jpg?v=20250908094922
445,1115078,room_1,fur_0000,샘키즈 낮은 수납장 870 크림오트밀,99900,https://image.hanssem.com/hsimg/gds/1050/1115/1115078_A1.jpg?v=20250923150331
446,1003393,room_1,fur_0000,샘키즈 낮은 선반 교구장 600,89900,https://image.hanssem.com/hsimg/gds/1050/1003/1003393_A1.jpg?v=20250908095159
447,394143,room_1,fur_0000,샘키즈 낮은 장난감정리함 870,109900,https://image.hanssem.com/hsimg/gds/1050/394/394143_A1.jpg?v=20250922204527
448,895782,room_1,fur_0000,샘키즈 슬라이딩 수납장 자석보드형 옷장 1600,399000,https://image.hanssem.com/hsimg/gds/1050/895/895782_A1.jpg?v=20250908095159
449,1003397,room_1,fur_0000,샘키즈 플레이하우스 아치형 거울,55000,https://image.hanssem.com/hsimg/gds/1050/1003/1003397_A1.jpg?v=20250908095200
450,1011184,room_1,fur_0000,버니2 3단 책장 600,130000,https://image.hanssem.com/hsimg/gds/1050/1011/1011184_A1.jpg?v=20240704155925
451,825242,room_1,fur_0000,샘키즈 높은장 세트,501700,https://image.hanssem.com/hsimg/gds/1050/825/825242_A1.jpg?v=20250908095159
452,1029555,room_1,fur_0000,샘키즈 낮은 수납장 870 크림옐로우,105900,https://image.hanssem.com/hsimg/gds/1050/1029/1029555_A1.jpg?v=20250908094922
453,1011192,room_1,fur_0000,버니2 북홀더,62000,https://image.hanssem.com/hsimg/gds/1050/1011/1011192_A1.jpg?v=20240704160933
454,394145,room_1,fur_0000,샘키즈 낮은 장난감정리함 & 전면책장 870,229800,https://image.hanssem.com/hsimg/gds/1050/394/394145_A1.jpg?v=20250922204431
455,992548,room_1,fur_0000,버니 SL수납장 1000 전면화이트보드장,332000,https://image.hanssem.com/hsimg/gds/1050/992/992548_A1.jpg?v=20250814145313
456,1040548,room_1,fur_0000,샘키즈 1단 수납책장 870 파스텔,129900,https://image.hanssem.com/hsimg/gds/1050/1040/1040548_A1.jpg?v=20250922195527
457,1029550,room_1,fur_0000,샘키즈 수납장 1305 크림옐로우,155900,https://image.hanssem.com/hsimg/gds/1050/1029/1029550_A1.jpg?v=20250922093801
458,1029584,room_1,fur_0000,샘키즈 수납장 1305 +디자인책장 1305 크림옐로우,355800,https://image.hanssem.com/hsimg/gds/1050/1029/1029584_A1.jpg?v=20250908205823
459,394135,room_1,fur_0000,샘키즈 수납장 870 모던,129900,https://image.hanssem.com/hsimg/gds/1050/394/394135_A1.jpg?v=20250908094922
460,1011186,room_1,fur_0000,버니2 3단 선반장 400,131000,https://image.hanssem.com/hsimg/gds/1050/1011/1011186_A1.jpg?v=20240704160112
461,1059744,room_1,fur_0000,마카롱 철제 3단 서랍장,57600,https://image.hanssem.com/hsimg/gds/1050/1059/1059744_A1.jpg?v=20241211104846
462,864793,room_1,fur_0000,샘키즈 낮은 수납장 1305 뉴트럴컬러,139900,https://image.hanssem.com/hsimg/gds/1050/864/864793_A1.jpg?v=20250922204006
463,1029551,room_1,fur_0000,샘키즈 미니박스 수납장 1305 크림옐로우,175900,https://image.hanssem.com/hsimg/gds/1050/1029/1029551_A1.jpg?v=20250923100948
464,1115157,room_1,fur_0000,샘키즈 미니박스 수납장 435 컬러믹스,95900,https://image.hanssem.com/hsimg/gds/1050/1115/1115157_A1.jpg?v=20250923150331
465,1029543,room_1,fur_0000,샘키즈 오픈 상부책장 870,89900,https://image.hanssem.com/hsimg/gds/1050/1029/1029543_A1.jpg?v=20250908095159
466,1048787,room_1,fur_0000,샘키즈 1단 미니박스 수납책장 1305 파스텔,179900,https://image.hanssem.com/hsimg/gds/1050/1048/1048787_A1.jpg?v=20250922190905
467,1048784,room_1,fur_0000,샘키즈 미니박스 수납장 1305 파스텔,179900,https://image.hanssem.com/hsimg/gds/1050/1048/1048784_A1.jpg?v=20250922195356
468,1003385,room_1,fur_0000,샘키즈 선반 교구장 600,105900,https://image.hanssem.com/hsimg/gds/1050/1003/1003385_A1.jpg?v=20250908095159
469,829881,room_1,fur_0000,[특가~9/29]샘키즈 낮은 책장 870,89900,https://image.hanssem.com/hsimg/gds/1050/829/829881_A1.jpg?v=20250908094923
470,1048777,room_1,fur_0000,샘키즈 미니박스 수납장 1305 모던,179900,https://image.hanssem.com/hsimg/gds/1050/1048/1048777_A1.jpg?v=20250908094922
471,1029565,room_1,fur_0000,샘키즈 미니박스 수납장 1305 브라운,179900,https://image.hanssem.com/hsimg/gds/1050/1029/1029565_A1.jpg?v=20250908094922
472,1118461,room_1,fur_0000,(소진완료) 샘키즈 수납장 1305 뉴트럴베이지 (몸통)라이트메이플(박스)하프베이지,227000,https://image.hanssem.com/hsimg/gds/1050/1118/1118461_A1.jpg?v=20250909090431
473,479136,room_1,fur_0000,(단독구매불가) 샘키즈 뚜껑 3P,12000,https://image.hanssem.com/hsimg/gds/1050/479/479136_A1.jpg?v=20240705103311
474,1115158,room_1,fur_0000,샘키즈 1단 미니박스 수납책장 1305 컬러믹스,175900,https://image.hanssem.com/hsimg/gds/1050/1115/1115158_A1.jpg?v=20250923150331
475,1040543,room_1,fur_0000,샘키즈 수납장 1305 파스텔,155900,https://image.hanssem.com/hsimg/gds/1050/1040/1040543_A1.jpg?v=20250922200203
476,1048788,room_1,fur_0000,샘키즈 1단 미니박스 수납책장 870 파스텔,139900,https://image.hanssem.com/hsimg/gds/1050/1048/1048788_A1.jpg?v=20250922190905
477,1029586,room_1,fur_0000,샘키즈 디자인책장 1305+상부책장 (오픈/하우스),307800,https://image.hanssem.com/hsimg/gds/1050/1029/1029586_A1.jpg?v=20250519105112
478,1029546,room_1,fur_0000,샘키즈 전면책장 870,159900,https://image.hanssem.com/hsimg/gds/1050/1029/1029546_A1.jpg?v=20250908095159
479,1029562,room_1,fur_0000,샘키즈 낮은 수납책장 1305 크림옐로우,135900,https://image.hanssem.com/hsimg/gds/1050/1029/1029562_A1.jpg?v=20250908094922
480,1029557,room_1,fur_0000,샘키즈 미니박스 수납장 435 크림옐로우,95900,https://image.hanssem.com/hsimg/gds/1050/1029/1029557_A1.jpg?v=20250922160347
481,896053,room_1,fur_0000,샘키즈 슬라이딩 수납장 전면책장형 옷장 1600,349000,https://image.hanssem.com/hsimg/gds/1050/896/896053_A1.jpg?v=20250908095159
482,968308,room_1,fur_0000,샘키즈 2단 책장 1305,119900,https://image.hanssem.com/hsimg/gds/1050/968/968308_A1.jpg?v=20250908094923
483,1003386,room_1,fur_0000,샘키즈 멀티 교구장 600,185900,https://image.hanssem.com/hsimg/gds/1050/1003/1003386_A1.jpg?v=20250908095159
484,394139,room_1,fur_0000,샘키즈 1단 수납책장 870 모던,129900,https://image.hanssem.com/hsimg/gds/1050/394/394139_A1.jpg?v=20250908094922
485,895796,room_1,fur_0000,"샘키즈 슬라이딩 수납장 전면책장형 책장,박스 2000",439000,https://image.hanssem.com/hsimg/gds/550/895/895796_A1.jpg?v=20250908095159
486,1029537,room_1,fur_0000,[특가~9/29]샘키즈 디자인책장 1305,199900,https://image.hanssem.com/hsimg/gds/1050/1029/1029537_A1.jpg?v=20250908094923
487,1029554,room_1,fur_0000,샘키즈 낮은 수납장 1305 크림옐로우,135900,https://image.hanssem.com/hsimg/gds/1050/1029/1029554_A1.jpg?v=20250915113656
488,894725,room_1,fur_0000,"샘키즈 슬라이딩 수납장 옷장,박스 870",180000,https://image.hanssem.com/hsimg/gds/1050/894/894725_A1.jpg?v=20250908095159
489,1048775,room_1,fur_0000,샘키즈 1단 미니박스 수납책장 870 뉴트럴베이지,139900,https://image.hanssem.com/hsimg/gds/1050/1048/1048775_A1.jpg?v=20250908094922
490,992557,room_1,fur_0000,버니 놀이 매트,100000,https://image.hanssem.com/hsimg/gds/1050/992/992557_A1.jpg?v=20250304112411
491,1048778,room_1,fur_0000,샘키즈 미니박스 수납장 870 모던,139900,https://image.hanssem.com/hsimg/gds/1050/1048/1048778_A1.jpg?v=20250908094922
492,829862,room_1,fur_0000,[특가~9/29]샘키즈 1단 수납책장 1305 뉴트럴베이지,155900,https://image.hanssem.com/hsimg/gds/1050/829/829862_A1.jpg?v=20250908094922
493,829871,room_1,fur_0000,[특가~9/29]샘키즈 책장 870,105900,https://image.hanssem.com/hsimg/gds/1050/829/829871_A1.jpg?v=20250908094923
494,1029570,room_1,fur_0000,샘키즈 박스 수납장 435 브라운,89900,https://image.hanssem.com/hsimg/gds/1050/1029/1029570_A1.jpg?v=20250922161027
495,1115163,room_1,fur_0000,샘키즈 1단 수납책장 870 컬러믹스,125900,https://image.hanssem.com/hsimg/gds/1050/1115/1115163_A1.jpg?v=20250923150331
496,1115067,room_1,fur_0000,샘키즈 낮은 수납장 1305 크림오트밀,135900,https://image.hanssem.com/hsimg/gds/1050/1115/1115067_A1.jpg?v=20250923150331
497,1029583,room_1,fur_0000,샘키즈 수납장 1305 +디자인책장 435 크림옐로우,251800,https://image.hanssem.com/hsimg/gds/1050/1029/1029583_A1.jpg?v=20250908205823
498,1029548,room_1,fur_0000,샘키즈 낮은 코너장,129900,https://image.hanssem.com/hsimg/gds/1050/1029/1029548_A1.jpg?v=20250908094922
499,1048780,room_1,fur_0000,샘키즈 1단 미니박스 수납책장 1305 모던,179900,https://image.hanssem.com/hsimg/gds/1050/1048/1048780_A1.jpg?v=20250908094922
500,1029559,room_1,fur_0000,샘키즈 1단 미니박스 수납책장 1305 크림옐로우,175900,https://image.hanssem.com/hsimg/gds/1050/1029/1029559_A1.jpg?v=20250908094922
501,1003418,room_1,fur_0000,샘키즈 높은 교구장세트 자석보드형 1200,520850,https://image.hanssem.com/hsimg/gds/1050/1003/1003418_A1.jpg?v=20250908095200
502,1003407,room_1,fur_0000,샘키즈 교구장세트 낮은 도어형 1700,403200,https://image.hanssem.com/hsimg/gds/1050/1003/1003407_A1.jpg?v=20250922201744
503,570285,room_1,fur_0000,[특가~9/29]샘키즈 슬라이딩 수납장 자석보드형 1200,304000,https://image.hanssem.com/hsimg/gds/1050/570/570285_A1.jpg?v=20250908095159
504,1115118,room_1,fur_0000,샘키즈 1단 미니박스 수납책장 870 크림오트밀,135900,https://image.hanssem.com/hsimg/gds/1050/1115/1115118_A1.jpg?v=20250923150331
505,1115153,room_1,fur_0000,샘키즈 낮은 수납장 1305 컬러믹스,135900,https://image.hanssem.com/hsimg/gds/1050/1115/1115153_A1.jpg?v=20250923150331
506,1029540,room_1,fur_0000,샘키즈 낮은 디자인책장 1305,155900,https://image.hanssem.com/hsimg/gds/1050/1029/1029540_A1.jpg?v=20250908094923
507,1029585,room_1,fur_0000,샘키즈 수납장 1305 크림옐로우+상부책장 (오픈/하우스),264920,https://image.hanssem.com/hsimg/gds/1050/1029/1029585_A1.jpg?v=20241220133802
508,1029582,room_1,fur_0000,샘키즈 낮은 수납장 870 파스텔,105900,https://image.hanssem.com/hsimg/gds/1050/1029/1029582_A1.jpg?v=20250922200959
509,1003410,room_1,fur_0000,샘키즈 교구장세트 자석보드형 1800,466950,https://image.hanssem.com/hsimg/gds/1050/1003/1003410_A1.jpg?v=20250908095200
510,1048785,room_1,fur_0000,샘키즈 미니박스 수납장 870 파스텔,139900,https://image.hanssem.com/hsimg/gds/1050/1048/1048785_A1.jpg?v=20250922194058
511,855866,room_1,fur_0000,샘키즈 수납장 870 뉴트럴컬러(민트),125900,https://image.hanssem.com/hsimg/gds/1050/855/855866_A1.jpg?v=20250922204117
512,1029571,room_1,fur_0000,샘키즈 미니박스 수납장 435 브라운,95900,https://image.hanssem.com/hsimg/gds/1050/1029/1029571_A1.jpg?v=20250923165818
513,1024764,room_1,fur_0000,샘키즈 교구장세트 자석보드형 1200+샘키즈 수납장 1305,520950,https://image.hanssem.com/hsimg/gds/1050/1024/1024764_A1.jpg?v=20250922201350
514,895781,room_1,fur_0000,샘키즈 슬라이딩 수납장 자석보드형 책장 1600,399000,https://image.hanssem.com/hsimg/gds/1050/895/895781_A1.jpg?v=20250908095159
515,1029552,room_1,fur_0000,샘키즈 수납장 870 크림옐로우,125900,https://image.hanssem.com/hsimg/gds/1050/1029/1029552_A1.jpg?v=20250908094922
516,829910,room_1,fur_0000,샘키즈 수납벤치 600,75000,https://image.hanssem.com/hsimg/gds/1050/829/829910_A1.jpg?v=20250908095946
517,829879,room_1,fur_0000,샘키즈 낮은 수납장 870 뉴트럴베이지,105900,https://image.hanssem.com/hsimg/gds/1050/829/829879_A1.jpg?v=20250908094922
518,1115143,room_1,fur_0000,샘키즈 수납장 870 컬러믹스,125900,https://image.hanssem.com/hsimg/gds/1050/1115/1115143_A1.jpg?v=20250923150331
519,1003406,room_1,fur_0000,[특가~9/29]샘키즈 교구장세트 자석보드형 1200,361050,https://image.hanssem.com/hsimg/gds/1050/1003/1003406_A1.jpg?v=20250908095200
520,719636,room_1,fur_0000,[특가~9/29]샘키즈 수납장 1305 하프앤하프,155900,https://image.hanssem.com/hsimg/gds/1050/719/719636_A1.jpg?v=20250922204242
521,803701,room_1,fur_0000,[특가~9/29]샘키즈 수납장 1305 뉴트럴베이지,155900,https://image.hanssem.com/hsimg/gds/1050/803/803701_A1.jpg?v=20250908094921
522,1029579,room_1,fur_0000,샘키즈 낮은 수납장 870 모던,105900,https://image.hanssem.com/hsimg/gds/1050/1029/1029579_A1.jpg?v=20250908094922
523,1029569,room_1,fur_0000,샘키즈 낮은 수납장 870 브라운,105900,https://image.hanssem.com/hsimg/gds/1050/1029/1029569_A1.jpg?v=20250908094922
524,1115042,room_1,fur_0000,샘키즈 수납행거장(대) 870,109900,https://image.hanssem.com/hsimg/gds/1050/1115/1115042_A1.jpg?v=20250923161737
525,1029558,room_1,fur_0000,샘키즈 1단 미니박스 수납책장 870 크림옐로우,139900,https://image.hanssem.com/hsimg/gds/1050/1029/1029558_A1.jpg?v=20250908094922
526,1029566,room_1,fur_0000,샘키즈 수납장 870 브라운,129900,https://image.hanssem.com/hsimg/gds/1050/1029/1029566_A1.jpg?v=20250908094922
527,1048773,room_1,fur_0000,샘키즈 미니박스 수납장 435 뉴트럴베이지,95900,https://image.hanssem.com/hsimg/gds/1050/1048/1048773_A1.jpg?v=20250922155939
528,1029576,room_1,fur_0000,샘키즈 낮은 수납책장 1305 브라운,139900,https://image.hanssem.com/hsimg/gds/1050/1029/1029576_A1.jpg?v=20250908094922
529,855865,room_1,fur_0000,샘키즈 수납장 1305 뉴트럴컬러,155900,https://image.hanssem.com/hsimg/gds/1050/855/855865_A1.jpg?v=20250922204205
530,829899,room_1,fur_0000,[특가~9/29]샘키즈 코너장,135900,https://image.hanssem.com/hsimg/gds/1050/829/829899_A1.jpg?v=20250908094922
531,829885,room_1,fur_0000,샘키즈 낮은 전면책장 600,109900,https://image.hanssem.com/hsimg/gds/1050/829/829885_A1.jpg?v=20250908095159
532,394130,room_1,fur_0000,[특가~9/29]샘키즈 수납장 1305 모던,155900,https://image.hanssem.com/hsimg/gds/1050/394/394130_A1.jpg?v=20250908094921
533,829876,room_1,fur_0000,[특가~9/29]샘키즈 낮은 책장 1305,117900,https://image.hanssem.com/hsimg/gds/1050/829/829876_A1.jpg?v=20250908094923
534,570283,room_1,fur_0000,샘키즈 슬라이딩 수납장 전면책장형 박스 2000,439000,https://image.hanssem.com/hsimg/gds/1050/570/570283_A1.jpg?v=20250908095159
535,1003420,room_1,fur_0000,샘키즈 높은 교구장세트 낮은 도어형 1200,463100,https://image.hanssem.com/hsimg/gds/1050/1003/1003420_A1.jpg?v=20250908095200
536,895786,room_1,fur_0000,"샘키즈 슬라이딩 수납장 자석보드형 옷장,박스 2000",489000,https://image.hanssem.com/hsimg/gds/1050/895/895786_A1.jpg?v=20250908095159
537,1003415,room_1,fur_0000,샘키즈 플레이하우스세트 벤치형,459000,https://image.hanssem.com/hsimg/gds/1050/1003/1003415_A1.jpg?v=20250922201436
538,1029574,room_1,fur_0000,샘키즈 1단 수납책장 870 브라운,129900,https://image.hanssem.com/hsimg/gds/1050/1029/1029574_A1.jpg?v=20250908094922
539,1118475,room_1,fur_0000,(소진완료) 샘키즈 낮은 수납장 1305 뉴트럴베이지 (몸통)라이트메이플(박스)하프베이지,178000,https://image.hanssem.com/hsimg/gds/1050/1118/1118475_A1.jpg?v=20250916092439
540,1115049,room_1,fur_0000,샘키즈 수납장 1305 크림오트밀,155900,https://image.hanssem.com/hsimg/gds/1050/1115/1115049_A1.jpg?v=20250923154733
541,1115048,room_1,fur_0000,샘키즈 행거장 전용 옷걸이봉,8000,https://image.hanssem.com/hsimg/gds/1050/1115/1115048_A1.jpg?v=20250923150330
542,1029567,room_1,fur_0000,샘키즈 미니박스 수납장 870 브라운,139900,https://image.hanssem.com/hsimg/gds/1050/1029/1029567_A1.jpg?v=20250908094922
543,1048783,room_1,fur_0000,샘키즈 박스 수납장 435 파스텔,89900,https://image.hanssem.com/hsimg/gds/1050/1048/1048783_A1.jpg?v=20250923093321
544,1029561,room_1,fur_0000,샘키즈 1단 수납책장 870 크림옐로우,129900,https://image.hanssem.com/hsimg/gds/1050/1029/1029561_A1.jpg?v=20250908094922
545,1003392,room_1,fur_0000,샘키즈 낮은 책장 교구장 600,69900,https://image.hanssem.com/hsimg/gds/1050/1003/1003392_A1.jpg?v=20250908095159
546,819966,room_1,fur_0000,샘키즈 수납장 1305 뉴트럴베이지+뚜껑 3개,167400,https://image.hanssem.com/hsimg/gds/550/819/819966_A1.jpg?v=20250908094921
547,1115041,room_1,fur_0000,샘키즈 수납행거장(소) 435,76900,https://image.hanssem.com/hsimg/gds/1050/1115/1115041_A1.jpg?v=20250923200918
548,1118489,room_1,fur_0000,(소진완료) 샘키즈 수납장 870 뉴트럴베이지 (몸통)라이트메이플(박스)하프베이지,170000,https://image.hanssem.com/hsimg/gds/1050/1118/1118489_A1.jpg?v=20250923081756
549,1040710,room_1,fur_0000,(단독구매불가) 샘키즈 뚜껑 6P,21000,https://image.hanssem.com/hsimg/gds/1050/1040/1040710_A1.jpg?v=20240705095559
550,1115047,room_1,fur_0000,샘키즈 와이드 수납벤치 1200,149000,https://image.hanssem.com/hsimg/gds/1050/1115/1115047_A1.jpg?v=20250923205820
551,25634,room_1,fur_0000,"가구 모서리보호캡 (투명젤리타입,공용)",1490,https://image.hanssem.com/hsimg/gds/550/25/25634_A1.jpg?v=20240102113521
552,894724,room_1,fur_0000,"샘키즈 슬라이딩 수납장 옷장,책장 870",180000,https://image.hanssem.com/hsimg/gds/1050/894/894724_A1.jpg?v=20250908095159
553,829873,room_1,fur_0000,[특가~9/29]샘키즈 낮은 수납장 1305 뉴트럴베이지,135900,https://image.hanssem.com/hsimg/gds/1050/829/829873_A1.jpg?v=20250908094922
554,1029587,room_1,fur_0000,샘키즈 전면책장 870+장난감정리함 870,319800,https://image.hanssem.com/hsimg/gds/1050/1029/1029587_A1.jpg?v=20250922200610
555,1003404,room_1,fur_0000,샘키즈 교구장세트 자석보드형 1100,275050,https://image.hanssem.com/hsimg/gds/1050/1003/1003404_A1.jpg?v=20250922202209
556,1115091,room_1,fur_0000,샘키즈 1단 수납책장 1305 크림오트밀,155900,https://image.hanssem.com/hsimg/gds/1050/1115/1115091_A1.jpg?v=20250923150331
557,1003409,room_1,fur_0000,샘키즈 교구장세트 낮은 도어형 1800,409200,https://image.hanssem.com/hsimg/gds/1050/1003/1003409_A1.jpg?v=20250908095200
558,825275,room_1,fur_0000,샘키즈 수납장 1305+장난감정리대 낮은 세트,255800,https://image.hanssem.com/hsimg/gds/1050/825/825275_A1.jpg?v=20250908094923
559,829883,room_1,fur_0000,샘키즈 장난감정리대 600,175900,https://image.hanssem.com/hsimg/gds/1050/829/829883_A1.jpg?v=20250908095159
560,1048774,room_1,fur_0000,샘키즈 1단 미니박스 수납책장 1305 뉴트럴베이지,179900,https://image.hanssem.com/hsimg/gds/1050/1048/1048774_A1.jpg?v=20250908094922
561,895790,room_1,fur_0000,"샘키즈 슬라이딩 수납장 자석보드형 책장,옷장 2000",489000,https://image.hanssem.com/hsimg/gds/1050/895/895790_A1.jpg?v=20250908095159
562,184114,room_1,fur_0000,샘키즈 책장선반 (1305/870/435 전용),11000,https://image.hanssem.com/hsimg/gds/1050/184/184114_A1.jpg?v=20250617143337
563,1029563,room_1,fur_0000,샘키즈 낮은 수납책장 870 크림옐로우,105900,https://image.hanssem.com/hsimg/gds/1050/1029/1029563_A1.jpg?v=20250908094922
564,859307,room_1,fur_0000,[특가~9/29]샘키즈 낮은수납장 1305+낮은책장 1305 세트,255800,https://image.hanssem.com/hsimg/gds/1050/859/859307_A1.jpg?v=20250908094923
565,1115117,room_1,fur_0000,샘키즈 1단 미니박스 수납책장 1305 크림오트밀,175900,https://image.hanssem.com/hsimg/gds/1050/1115/1115117_A1.jpg?v=20250923150331
566,859306,room_1,fur_0000,[특가~9/29]샘키즈 수납장 1305+책장 1305 세트,285800,https://image.hanssem.com/hsimg/gds/1050/859/859306_A1.jpg?v=20250908094922
567,1048782,room_1,fur_0000,샘키즈 박스 수납장 435 뉴트럴컬러,89900,https://image.hanssem.com/hsimg/gds/1050/1048/1048782_A1.jpg?v=20250922093228
568,1115115,room_1,fur_0000,샘키즈 미니박스 수납장 870 크림오트밀,135900,https://image.hanssem.com/hsimg/gds/1050/1115/1115115_A1.jpg?v=20250923150331
569,1029580,room_1,fur_0000,샘키즈 낮은 수납장 1305 파스텔,139900,https://image.hanssem.com/hsimg/gds/1050/1029/1029580_A1.jpg?v=20250922201248
570,1115031,room_1,fur_0000,샘키즈 책장 435,69900,https://image.hanssem.com/hsimg/gds/1050/1115/1115031_A1.jpg?v=20250923150330
571,1115045,room_1,fur_0000,샘키즈 수납행거장(소) 1305,149900,https://image.hanssem.com/hsimg/gds/1050/1115/1115045_A1.jpg?v=20250923204047
572,1070323,room_1,fur_0000,샘키즈 미니 스텝스툴,69000,https://image.hanssem.com/hsimg/gds/1050/1070/1070323_A1.jpg?v=20250908095946
573,1003398,room_1,fur_0000,샘키즈 교구장 낮은 도어/자석보드 도어,31500,https://image.hanssem.com/hsimg/gds/1050/1003/1003398_A1.jpg?v=20240708162136
574,829875,room_1,fur_0000,샘키즈 낮은 수납책장 1305,139900,https://image.hanssem.com/hsimg/gds/1050/829/829875_A1.jpg?v=20250926135602
575,1029547,room_1,fur_0000,샘키즈 장난감정리함 870,159900,https://image.hanssem.com/hsimg/gds/1050/1029/1029547_A1.jpg?v=20250922201139
576,829864,room_1,fur_0000,[특가~9/29]샘키즈 책장 1305,129900,https://image.hanssem.com/hsimg/gds/1050/829/829864_A1.jpg?v=20250908094923
577,1115044,room_1,fur_0000,샘키즈 수납행거장(대) 1305,145900,https://image.hanssem.com/hsimg/gds/1050/1115/1115044_A1.jpg?v=20250923203411
578,1029560,room_1,fur_0000,샘키즈 1단 수납책장 1305 크림옐로우,155900,https://image.hanssem.com/hsimg/gds/1050/1029/1029560_A1.jpg?v=20250908094922
579,992546,room_1,fur_0000,버니 수납장860,203000,https://image.hanssem.com/hsimg/gds/1050/992/992546_A1.jpg?v=20240704163337
580,1003421,room_1,fur_0000,샘키즈 교구장 이동선반 600,14400,https://image.hanssem.com/hsimg/gds/550/1003/1003421_A1.jpg?v=20250908100201
581,895785,room_1,fur_0000,"샘키즈 슬라이딩 수납장 자석보드형 책장,박스 2000",489000,https://image.hanssem.com/hsimg/gds/1050/895/895785_A1.jpg?v=20250908095159
582,825273,room_1,fur_0000,샘키즈 수납장 1305+장난감정리대 세트,335800,https://image.hanssem.com/hsimg/gds/1050/825/825273_A1.jpg?v=20250908094923
583,1029578,room_1,fur_0000,샘키즈 낮은 수납장 1305 모던,139900,https://image.hanssem.com/hsimg/gds/1050/1029/1029578_A1.jpg?v=20250908094922
584,1029572,room_1,fur_0000,샘키즈 1단 수납책장 1305 브라운,159900,https://image.hanssem.com/hsimg/gds/1050/1029/1029572_A1.jpg?v=20250908094922
585,1029542,room_1,fur_0000,샘키즈 오픈 상부책장 1305,109900,https://image.hanssem.com/hsimg/gds/1050/1029/1029542_A1.jpg?v=20250908095159
586,1048772,room_1,fur_0000,샘키즈 미니박스 수납장 870 뉴트럴베이지,139900,https://image.hanssem.com/hsimg/gds/1050/1048/1048772_A1.jpg?v=20250908094922
587,829880,room_1,fur_0000,샘키즈 낮은 수납책장 870,105900,https://image.hanssem.com/hsimg/gds/1050/829/829880_A1.jpg?v=20250926140452
588,759412,room_1,fur_0000,샘키즈/보나/모모로 옷장 전용 수납스토리 2개입 (2종/택1),9000,https://image.hanssem.com/hsimg/gds/1050/759/759412_A1.jpg?v=20250908100201
589,825244,room_1,fur_0000,샘키즈 낮은장 세트,365700,https://image.hanssem.com/hsimg/gds/1050/825/825244_A1.jpg?v=20250908095159
590,1115116,room_1,fur_0000,샘키즈 미니박스 수납장 435 크림오트밀,95900,https://image.hanssem.com/hsimg/gds/1050/1115/1115116_A1.jpg?v=20250923150331
591,992551,room_1,fur_0000,버니 2단 도어,107000,https://image.hanssem.com/hsimg/gds/1050/992/992551_A1.jpg?v=20250814145508
592,825270,room_1,fur_0000,샘키즈 장난감정리대+전면책장,341800,https://image.hanssem.com/hsimg/gds/1050/825/825270_A1.jpg?v=20250908095159
593,395985,room_1,fur_0000,샘키즈 수납장 1005 모던,205900,https://image.hanssem.com/hsimg/gds/1050/395/395985_A1.jpg?v=20250908094922
594,1115098,room_1,fur_0000,샘키즈 1단 수납책장 870 크림오트밀,125900,https://image.hanssem.com/hsimg/gds/1050/1115/1115098_A1.jpg?v=20250923150331
595,1003387,room_1,fur_0000,샘키즈 박스 교구장 435,99900,https://image.hanssem.com/hsimg/gds/1050/1003/1003387_A1.jpg?v=20250923174830
596,1003412,room_1,fur_0000,샘키즈 낮은 교구장 세트 낮은 도어형 1200,271300,https://image.hanssem.com/hsimg/gds/1050/1003/1003412_A1.jpg?v=20250908095200
597,992545,room_1,fur_0000,버니 2단책장 1000,149000,https://image.hanssem.com/hsimg/gds/1050/992/992545_A1.jpg?v=20240704161830
598,1115160,room_1,fur_0000,샘키즈 1단 수납책장 1305 컬러믹스,155900,https://image.hanssem.com/hsimg/gds/1050/1115/1115160_A1.jpg?v=20250923150331
599,1003414,room_1,fur_0000,샘키즈 플레이하우스세트 책상형,479000,https://image.hanssem.com/hsimg/gds/1050/1003/1003414_A1.jpg?v=20250922201603
600,829865,room_1,fur_0000,샘키즈 1단 수납책장 870 뉴트럴베이지,129900,https://image.hanssem.com/hsimg/gds/1050/829/829865_A1.jpg?v=20250908094922
601,1048771,room_1,fur_0000,[특가~9/29]샘키즈 미니박스 수납장 1305 뉴트럴베이지,177900,https://image.hanssem.com/hsimg/gds/1050/1048/1048771_A1.jpg?v=20250908094922
602,1048779,room_1,fur_0000,샘키즈 미니박스 수납장 435 모던,95900,https://image.hanssem.com/hsimg/gds/1050/1048/1048779_A1.jpg?v=20250922160230
603,1115057,room_1,fur_0000,샘키즈 수납장 435 크림오트밀,89900,https://image.hanssem.com/hsimg/gds/1050/1115/1115057_A1.jpg?v=20250923150331
604,570286,room_1,fur_0000,샘키즈 슬라이딩 수납장 자석보드형 박스 1600,399000,https://image.hanssem.com/hsimg/gds/1050/570/570286_A1.jpg?v=20250908095159
605,1029541,room_1,fur_0000,샘키즈 디자인책장 435,95900,https://image.hanssem.com/hsimg/gds/1050/1029/1029541_A1.jpg?v=20250908094923
606,825274,room_1,fur_0000,샘키즈 수납장 1305+전면책장 세트,325800,https://image.hanssem.com/hsimg/gds/1050/825/825274_A1.jpg?v=20250908094923
607,895797,room_1,fur_0000,"샘키즈 슬라이딩 수납장 전면책장형 옷장,박스 2000",439000,https://image.hanssem.com/hsimg/gds/550/895/895797_A1.jpg?v=20250908095159
608,1029568,room_1,fur_0000,샘키즈 낮은 수납장 1305 브라운,139900,https://image.hanssem.com/hsimg/gds/1050/1029/1029568_A1.jpg?v=20250908094922
609,932993,room_1,fur_0000,샘키즈 2단 수납장 1305,129900,https://image.hanssem.com/hsimg/gds/1050/932/932993_A1.jpg?v=20250922203808
610,394141,room_1,fur_0000,샘키즈 낮은 전면책장 870,119900,https://image.hanssem.com/hsimg/gds/1050/394/394141_A1.jpg?v=20250922204609
611,803702,room_1,fur_0000,[특가~9/29]샘키즈 수납장 870 뉴트럴베이지,125900,https://image.hanssem.com/hsimg/gds/1050/803/803702_A1.jpg?v=20250908094922
612,1029545,room_1,fur_0000,샘키즈 하우스 상부책장 870,99900,https://image.hanssem.com/hsimg/gds/1050/1029/1029545_A1.jpg?v=20250908095159
613,1115149,room_1,fur_0000,샘키즈 수납장 435 컬러믹스,89900,https://image.hanssem.com/hsimg/gds/1050/1115/1115149_A1.jpg?v=20250923150331
614,1115043,room_1,fur_0000,샘키즈 수납행거장(소) 870,115900,https://image.hanssem.com/hsimg/gds/1050/1115/1115043_A1.jpg?v=20250923201748
615,1115032,room_1,fur_0000,샘키즈 2단 행거장 435,68900,https://image.hanssem.com/hsimg/gds/1050/1115/1115032_A1.jpg?v=20250923150330
616,1029573,room_1,fur_0000,샘키즈 1단 미니박스 수납책장 1305 브라운,179900,https://image.hanssem.com/hsimg/gds/1050/1029/1029573_A1.jpg?v=20250908094922
617,1115051,room_1,fur_0000,샘키즈 수납장 870 크림오트밀,125900,https://image.hanssem.com/hsimg/gds/1050/1115/1115051_A1.jpg?v=20250923150331
618,896052,room_1,fur_0000,샘키즈 슬라이딩 수납장 전면책장형 책장 1600,349000,https://image.hanssem.com/hsimg/gds/1050/896/896052_A1.jpg?v=20250908095159
619,1029544,room_1,fur_0000,샘키즈 하우스 상부책장 1305,129900,https://image.hanssem.com/hsimg/gds/1050/1029/1029544_A1.jpg?v=20250908095159
620,1003413,room_1,fur_0000,샘키즈 낮은 교구장 세트 낮은 도어형 1800,361200,https://image.hanssem.com/hsimg/gds/1050/1003/1003413_A1.jpg?v=20250908095200
621,394133,room_1,fur_0000,샘키즈 1단 수납책장 1305 모던,159900,https://image.hanssem.com/hsimg/gds/1050/394/394133_A1.jpg?v=20250908094922
622,1040547,room_1,fur_0000,샘키즈 1단 수납책장 1305 파스텔,159900,https://image.hanssem.com/hsimg/gds/1050/1040/1040547_A1.jpg?v=20250922195755
623,1003395,room_1,fur_0000,샘키즈 플레이하우스 트롤리,75000,https://image.hanssem.com/hsimg/gds/1050/1003/1003395_A1.jpg?v=20250922202339
624,1029577,room_1,fur_0000,샘키즈 낮은 수납책장 870 브라운,105900,https://image.hanssem.com/hsimg/gds/1050/1029/1029577_A1.jpg?v=20250908094922
625,864795,room_1,fur_0000,샘키즈 낮은 수납장 870 뉴트럴컬러,105900,https://image.hanssem.com/hsimg/gds/1050/864/864795_A1.jpg?v=20250922203912
626,1003405,room_1,fur_0000,샘키즈 교구장세트 낮은 도어형 1200,303300,https://image.hanssem.com/hsimg/gds/1050/1003/1003405_A1.jpg?v=20250908095159
627,1115138,room_1,fur_0000,샘키즈 수납장 1305 컬러믹스,155900,https://image.hanssem.com/hsimg/gds/1050/1115/1115138_A1.jpg?v=20250923150331
628,570278,room_1,fur_0000,[특가~9/29]샘키즈 슬라이딩 수납장 전면책장형 1200,249000,https://image.hanssem.com/hsimg/gds/1050/570/570278_A1.jpg?v=20250908095159
629,1115156,room_1,fur_0000,샘키즈 미니박스 수납장 870 컬러믹스,135900,https://image.hanssem.com/hsimg/gds/1050/1115/1115156_A1.jpg?v=20250923150331
630,1070321,room_1,fur_0000,샘키즈 벤치책상,149000,https://image.hanssem.com/hsimg/gds/1050/1070/1070321_A1.jpg?v=20250909100409
631,1011185,room_1,fur_0000,버니2 3단 책장 800,168000,https://image.hanssem.com/hsimg/gds/1050/1011/1011185_A1.jpg?v=20240704160002
632,1115110,room_1,fur_0000,샘키즈 미니박스 수납장 1305 크림오트밀,175900,https://image.hanssem.com/hsimg/gds/1050/1115/1115110_A1.jpg?v=20250923150331
633,825271,room_1,fur_0000,샘키즈 장난감정리대+전면책장 낮은 세트,225800,https://image.hanssem.com/hsimg/gds/1050/825/825271_A1.jpg?v=20250908095159
634,1048776,room_1,fur_0000,샘키즈 수납장 435 모던,89900,https://image.hanssem.com/hsimg/gds/1050/1048/1048776_A1.jpg?v=20250922160051
635,895798,room_1,fur_0000,"샘키즈 슬라이딩 수납장 전면책장형 책장,옷장 2000",439000,https://image.hanssem.com/hsimg/gds/550/895/895798_A1.jpg?v=20250908095159
636,819968,room_1,fur_0000,샘키즈 수납장 870 뉴트럴베이지+뚜껑 2개,134900,https://image.hanssem.com/hsimg/gds/1050/819/819968_A1.jpg?v=20250908094922
637,1115046,room_1,fur_0000,샘키즈 멀티행거장 1305,155900,https://image.hanssem.com/hsimg/gds/1050/1115/1115046_A1.jpg?v=20250923204546
638,1029556,room_1,fur_0000,샘키즈 수납장 435 크림옐로우,89900,https://image.hanssem.com/hsimg/gds/1050/1029/1029556_A1.jpg?v=20250926082747
639,932994,room_1,fur_0000,샘키즈 2단 책장 730,85900,https://image.hanssem.com/hsimg/gds/1050/932/932994_A1.jpg?v=20250908094923
640,1029575,room_1,fur_0000,샘키즈 1단 미니박스 수납책장 870  브라운,139900,https://image.hanssem.com/hsimg/gds/1050/1029/1029575_A1.jpg?v=20250908094922
641,1003408,room_1,fur_0000,샘키즈 교구장세트 자석보드형 1700,460950,https://image.hanssem.com/hsimg/gds/1050/1003/1003408_A1.jpg?v=20250922201704
642,1029549,room_1,fur_0001,[특가~9/29]샘키즈 이동행거,118000,https://image.hanssem.com/hsimg/gds/1050/1029/1029549_A1.jpg?v=20250908095947
643,1004611,room_1,fur_0002,샘키즈 교구장세트 자석보드형 1800+책상의자세트 높이조절형 1000,644950,https://image.hanssem.com/hsimg/gds/1050/1004/1004611_A1.jpg?v=20250908095200
644,1004610,room_1,fur_0002,샘키즈 교구장세트 낮은 도어형 1800+책상의자세트 높이조절형 1000,587200,https://image.hanssem.com/hsimg/gds/1050/1004/1004610_A1.jpg?v=20250908095200
645,1004612,room_1,fur_0002,샘키즈 낮은 교구장 세트 낮은 도어형 1800+책상의자세트 높이조절형 1000,539200,https://image.hanssem.com/hsimg/gds/1050/1004/1004612_A1.jpg?v=20250908095200
646,992553,room_1,fur_0003,버니 침대 가드,84000,https://image.hanssem.com/hsimg/gds/1050/992/992553_A1.jpg?v=20250609101104
647,992556,room_1,fur_0003,버니 침대 하부 조명 2개입,63000,https://image.hanssem.com/hsimg/gds/1050/992/992556_A1.jpg?v=20240709083140
648,992543,room_1,fur_0003,버니 데이베드용 이동서랍,168000,https://image.hanssem.com/hsimg/gds/1050/992/992543_A1.jpg?v=20240709083140
649,1114263,room_1,fur_0004,샘키즈 보나 프레임 옷장 800,235000,https://image.hanssem.com/hsimg/gds/1050/1114/1114263_A1.jpg?v=20250923150331
650,967842,room_1,fur_0004,[특가~9/29]샘키즈 4단서랍장 600,245000,https://image.hanssem.com/hsimg/gds/1050/967/967842_A1.jpg?v=20250908095947
651,1070386,room_1,fur_0004,샘키즈 키큰옷장 선반형 400,175000,https://image.hanssem.com/hsimg/gds/1050/1070/1070386_A1.jpg?v=20250908095947
652,1070392,room_1,fur_0004,샘키즈 키큰옷장 엔드 선반박스형 600,175000,https://image.hanssem.com/hsimg/gds/1050/1070/1070392_A1.jpg?v=20250908095947
653,1114342,room_1,fur_0004,샘키즈 보나 높은 상부장 340,81900,https://image.hanssem.com/hsimg/gds/1050/1114/1114342_A1.jpg?v=20250923150331
654,703544,room_1,fur_0004,[특가~9/29](아울렛) 보나 긴옷형 베이비장세트 5단 서랍형 160cm (핑크/그레이),430000,https://image.hanssem.com/hsimg/gds/1050/703/703544_A1.jpg?v=20250924113935
655,1114314,room_1,fur_0004,샘키즈 보나 프레임 4단서랍장 800,379000,https://image.hanssem.com/hsimg/gds/1050/1114/1114314_A1.jpg?v=20250923150331
656,967861,room_1,fur_0004,샘키즈 높은 옷장세트 600,295000,https://image.hanssem.com/hsimg/gds/1050/967/967861_A1.jpg?v=20250908095947
657,1114410,room_1,fur_0004,샘키즈 보나 프레임 키큰옷장세트 1200 서랍형+행거형,642720,https://image.hanssem.com/hsimg/gds/1050/1114/1114410_A1.jpg?v=20250923150332
658,1114349,room_1,fur_0004,샘키즈 보나 일반 키큰옷장 멀티선반형 800,315900,https://image.hanssem.com/hsimg/gds/1050/1114/1114349_A1.jpg?v=20250923150331
659,967857,room_1,fur_0004,[특가~9/29]샘키즈 옷장세트 2400,675000,https://image.hanssem.com/hsimg/gds/1050/967/967857_A1.jpg?v=20250923174050
660,1070398,room_1,fur_0004,샘키즈 키큰옷장 세트 1200 서랍형+행거형,494000,https://image.hanssem.com/hsimg/gds/1050/1070/1070398_A1.jpg?v=20250908095947
661,1114407,room_1,fur_0004,샘키즈 보나 프레임 옷장+높은상부장 세트 2600,1120240,https://image.hanssem.com/hsimg/gds/1050/1114/1114407_A1.jpg?v=20250923150332
662,1114247,room_1,fur_0004,샘키즈 보나 일반 옷장 800,199000,https://image.hanssem.com/hsimg/gds/1050/1114/1114247_A1.jpg?v=20250923150331
663,1114343,room_1,fur_0004,샘키즈 보나 높은 상부장 980,141960,https://image.hanssem.com/hsimg/gds/1050/1114/1114343_A1.jpg?v=20250923150331
664,1070358,room_1,fur_0004,[특가~9/29]샘키즈 키큰옷장 서랍형 800,329000,https://image.hanssem.com/hsimg/gds/1050/1070/1070358_A1.jpg?v=20250908095947
665,1114345,room_1,fur_0004,샘키즈 보나 낮은 상부장 980,95000,https://image.hanssem.com/hsimg/gds/1050/1114/1114345_A1.jpg?v=20250923150331
666,1114402,room_1,fur_0004,샘키즈 보나 일반 옷장+높은상부장 세트 2600,1087000,https://image.hanssem.com/hsimg/gds/1050/1114/1114402_A1.jpg?v=20250923150332
667,967860,room_1,fur_0004,샘키즈 낮은 2단서랍장 600,180000,https://image.hanssem.com/hsimg/gds/1050/967/967860_A1.jpg?v=20250908095947
668,1114328,room_1,fur_0004,샘키즈 보나 박스행거장 980,205900,https://image.hanssem.com/hsimg/gds/1050/1114/1114328_A1.jpg?v=20250923150331
669,1070405,room_1,fur_0004,샘키즈 키큰옷장 세트 1200 서랍형+오픈 선반박스형,504000,https://image.hanssem.com/hsimg/gds/1050/1070/1070405_A1.jpg?v=20250908095947
670,1114355,room_1,fur_0004,샘키즈 보나 프레임 키큰옷장 서랍형 800,418080,https://image.hanssem.com/hsimg/gds/1050/1114/1114355_A1.jpg?v=20250923150331
671,1114320,room_1,fur_0004,샘키즈 보나 수납장 980,215900,https://image.hanssem.com/hsimg/gds/1050/1114/1114320_A1.jpg?v=20250923150331
672,967864,room_1,fur_0004,샘키즈 옷장 전용 ACC (옷장선반/옷걸이봉),9810,https://image.hanssem.com/hsimg/gds/1050/967/967864_A1.jpg?v=20240705151546
673,1114397,room_1,fur_0004,샘키즈 보나 일반 옷장+높은상부장 세트 1600,729000,https://image.hanssem.com/hsimg/gds/1050/1114/1114397_A1.jpg?v=20250923150332
674,1114352,room_1,fur_0004,샘키즈 보나 프레임 키큰옷장 멀티선반형 800,369900,https://image.hanssem.com/hsimg/gds/1050/1114/1114352_A1.jpg?v=20250923150331
675,1114353,room_1,fur_0004,샘키즈 보나 프레임 키큰옷장 멀티행거형 800,345900,https://image.hanssem.com/hsimg/gds/1050/1114/1114353_A1.jpg?v=20250923150331
676,1114358,room_1,fur_0004,샘키즈 보나 일반 키큰옷장 오픈서랍형 400,252010,https://image.hanssem.com/hsimg/gds/1050/1114/1114358_A1.jpg?v=20250923150331
677,1070383,room_1,fur_0004,샘키즈 키큰옷장 멀티행거형 800,255000,https://image.hanssem.com/hsimg/gds/1050/1070/1070383_A1.jpg?v=20250908095947
678,1114420,room_1,fur_0004,샘키즈 보나 일반 키큰옷장세트 1600 서랍형+행거형,639800,https://image.hanssem.com/hsimg/gds/1050/1114/1114420_A1.jpg?v=20250923150332
679,1114341,room_1,fur_0004,샘키즈 보나 높은 상부장 800,100620,https://image.hanssem.com/hsimg/gds/1050/1114/1114341_A1.jpg?v=20250923150331
680,967840,room_1,fur_0004,샘키즈 옷장 600,160000,https://image.hanssem.com/hsimg/gds/1050/967/967840_A1.jpg?v=20250908095947
681,967849,room_1,fur_0004,샘키즈 높은 옷장세트 600 박스선반형,275000,https://image.hanssem.com/hsimg/gds/1050/967/967849_A1.jpg?v=20250922203616
682,1070362,room_1,fur_0004,샘키즈 키큰옷장 코너장 도어형,309000,https://image.hanssem.com/hsimg/gds/1050/1070/1070362_A1.jpg?v=20250908095947
683,703545,room_1,fur_0004,[특가~9/29](아울렛) 보나 2단 행거형 베이비장세트 194cm (핑크/그레이),518000,https://image.hanssem.com/hsimg/gds/1050/703/703545_A1.jpg?v=20250924112234
684,1070390,room_1,fur_0004,샘키즈 키큰옷장 오픈 행거박스형 400,149000,https://image.hanssem.com/hsimg/gds/1050/1070/1070390_A1.jpg?v=20250908095947
685,1114359,room_1,fur_0004,샘키즈 보나 프레임 키큰옷장 오픈서랍형 400,308100,https://image.hanssem.com/hsimg/gds/1050/1114/1114359_A1.jpg?v=20250923150331
686,967858,room_1,fur_0004,[특가~9/29]샘키즈 옷장세트 1200 A형,395000,https://image.hanssem.com/hsimg/gds/1050/967/967858_A1.jpg?v=20250908095947
687,1070387,room_1,fur_0004,샘키즈 키큰옷장 오픈 선반형 400,149000,https://image.hanssem.com/hsimg/gds/1050/1070/1070387_A1.jpg?v=20250908095947
688,967856,room_1,fur_0004,샘키즈 높은 옷장세트 1200 D형,567000,https://image.hanssem.com/hsimg/gds/1050/967/967856_A1.jpg?v=20250922203155
689,967855,room_1,fur_0004,샘키즈 높은 옷장세트 1200 C형,570000,https://image.hanssem.com/hsimg/gds/1050/967/967855_A1.jpg?v=20250922205944
690,967859,room_1,fur_0004,샘키즈 옷장세트 1200 B형,300000,https://image.hanssem.com/hsimg/gds/1050/967/967859_A1.jpg?v=20250922203103
691,970245,room_1,fur_0004,샘키즈 옷장 전용 ACC (DIY손잡이),8100,https://image.hanssem.com/hsimg/gds/1050/970/970245_A1.jpg?v=20240705143237
692,1114356,room_1,fur_0004,샘키즈 보나 일반 키큰옷장 400,196710,https://image.hanssem.com/hsimg/gds/1050/1114/1114356_A1.jpg?v=20250923150331
693,1070356,room_1,fur_0004,샘키즈 키큰옷장 일반형 800,225000,https://image.hanssem.com/hsimg/gds/1050/1070/1070356_A1.jpg?v=20250908095947
694,967854,room_1,fur_0004,샘키즈 높은 옷장세트 1200 B형,603000,https://image.hanssem.com/hsimg/gds/1050/967/967854_A1.jpg?v=20250922210020
695,1114347,room_1,fur_0004,샘키즈 보나 옷장 상부장 전용 ACC (선반/옷걸이봉),8000,https://image.hanssem.com/hsimg/gds/1050/1114/1114347_A1.jpg?v=20250923150331
696,1114334,room_1,fur_0004,샘키즈 보나 수납장 340,115900,https://image.hanssem.com/hsimg/gds/1050/1114/1114334_A1.jpg?v=20250923150331
697,1114381,room_1,fur_0004,샘키즈 보나 일반 옷장+낮은상부장 세트 2600,974900,https://image.hanssem.com/hsimg/gds/1050/1114/1114381_A1.jpg?v=20250923150332
698,1114346,room_1,fur_0004,샘키즈 보나 수납장 전용 ACC (선반/옷걸이봉),8000,https://image.hanssem.com/hsimg/gds/1050/1114/1114346_A1.jpg?v=20250923150331
699,1114388,room_1,fur_0004,샘키즈 보나 프레임 옷장+낮은상부장 세트 2600,1011560,https://image.hanssem.com/hsimg/gds/1050/1114/1114388_A1.jpg?v=20250923150332
700,1114380,room_1,fur_0004,샘키즈 보나 프레임 옷장+낮은상부장 세트 1600,696000,https://image.hanssem.com/hsimg/gds/1050/1114/1114380_A1.jpg?v=20250923150332
701,1114413,room_1,fur_0004,샘키즈 보나 일반 키큰옷장세트1200 행거형+오픈 행거서랍형,511910,https://image.hanssem.com/hsimg/gds/1050/1114/1114413_A1.jpg?v=20250923150332
702,967846,room_1,fur_0004,샘키즈 낮은 오픈옷장 600,120000,https://image.hanssem.com/hsimg/gds/1050/967/967846_A1.jpg?v=20250908095947
703,1114351,room_1,fur_0004,샘키즈 보나 프레임 키큰옷장 행거형 800,315900,https://image.hanssem.com/hsimg/gds/1050/1114/1114351_A1.jpg?v=20250923150331
704,1114368,room_1,fur_0004,샘키즈 보나 프레임 옷장세트 1600,552000,https://image.hanssem.com/hsimg/gds/1050/1114/1114368_A1.jpg?v=20250923150332
705,703548,room_1,fur_0004,(아울렛) 보나 긴옷형 베이비장세트 240cm (핑크/그레이),589000,https://image.hanssem.com/hsimg/gds/1050/703/703548_A1.jpg?v=20250923155901
706,1070368,room_1,fur_0004,샘키즈 키큰옷장 손잡이(DIY),8100,https://image.hanssem.com/hsimg/gds/1050/1070/1070368_A1.jpg?v=20250908100201
707,1114415,room_1,fur_0004,샘키즈 보나 프레임 키큰옷장세트 1200 행거형+오픈 행거서랍형,567720,https://image.hanssem.com/hsimg/gds/1050/1114/1114415_A1.jpg?v=20250923150332
708,967847,room_1,fur_0004,샘키즈 낮은 도어장 600,140000,https://image.hanssem.com/hsimg/gds/1050/967/967847_A1.jpg?v=20250908095947
709,1114350,room_1,fur_0004,샘키즈 보나 일반 키큰옷장 멀티행거형 800,289900,https://image.hanssem.com/hsimg/gds/1050/1114/1114350_A1.jpg?v=20250923150331
710,1114378,room_1,fur_0004,샘키즈 보나 일반 옷장+낮은상부장 세트 1600,664000,https://image.hanssem.com/hsimg/gds/1050/1114/1114378_A1.jpg?v=20250923150332
711,1114419,room_1,fur_0004,샘키즈 보나 프레임 키큰옷장세트 1200 행거형+오픈 선반서랍형,583680,https://image.hanssem.com/hsimg/gds/1050/1114/1114419_A1.jpg?v=20250923150332
712,967853,room_1,fur_0004,샘키즈 높은 옷장세트 1200 A형,563000,https://image.hanssem.com/hsimg/gds/1050/967/967853_A1.jpg?v=20250922203414
713,1070385,room_1,fur_0004,샘키즈 키큰옷장 일반형 400,155000,https://image.hanssem.com/hsimg/gds/1050/1070/1070385_A1.jpg?v=20250908095947
714,1002457,room_1,fur_0004,샘키즈 옷장세트 1200 A형+샘키즈 1305 수납장,574900,https://image.hanssem.com/hsimg/gds/1050/1002/1002457_A1.jpg?v=20250922202522
715,765075,room_1,fur_0004,[특가~9/29](아울렛) 보나 주니어 옷장 80cm 서랍형 2단행거 (핑크/그레이),309000,https://image.hanssem.com/hsimg/gds/1050/765/765075_A1.jpg?v=20250924113711
716,703537,room_1,fur_0004,[특가~9/29](아울렛) 보나 5단 서랍장 80cm (핑크/그레이),255000,https://image.hanssem.com/hsimg/gds/1050/703/703537_A1.jpg?v=20250923155050
717,1114354,room_1,fur_0004,샘키즈 보나 일반 키큰옷장 서랍형 800,379900,https://image.hanssem.com/hsimg/gds/1050/1114/1114354_A1.jpg?v=20250923150331
718,1070409,room_1,fur_0004,샘키즈 키큰옷장 세트 1200 서랍형+엔드 선반박스형,514000,https://image.hanssem.com/hsimg/gds/1050/1070/1070409_A1.jpg?v=20250908095947
719,703546,room_1,fur_0004,(아울렛) 보나 긴옷형 베이비장세트 194cm (핑크/그레이),539000,https://image.hanssem.com/hsimg/gds/1050/703/703546_A1.jpg?v=20250923155951
720,1114367,room_1,fur_0004,샘키즈 보나 일반 옷장세트1600,514000,https://image.hanssem.com/hsimg/gds/1050/1114/1114367_A1.jpg?v=20250923150332
721,1093755,room_1,fur_0004,샘키즈 수납장 1305+키큰옷장 서랍형 800 세트,498900,https://image.hanssem.com/hsimg/gds/1050/1093/1093755_A1.jpg?v=20250908095947
722,967841,room_1,fur_0004,샘키즈 오픈옷장 600,148000,https://image.hanssem.com/hsimg/gds/1050/967/967841_A1.jpg?v=20250908095947
723,967845,room_1,fur_0004,샘키즈 낮은 옷장 600,135000,https://image.hanssem.com/hsimg/gds/1050/967/967845_A1.jpg?v=20250908095947
724,1070363,room_1,fur_0004,샘키즈 키큰옷장 코너장 오픈형,245000,https://image.hanssem.com/hsimg/gds/1050/1070/1070363_A1.jpg?v=20250908095947
725,1114340,room_1,fur_0004,샘키즈 보나 행거장 340,105900,https://image.hanssem.com/hsimg/gds/1050/1114/1114340_A1.jpg?v=20250923150331
726,1114409,room_1,fur_0004,샘키즈 보나 일반 키큰옷장세트 1200 서랍형+행거형,575800,https://image.hanssem.com/hsimg/gds/1050/1114/1114409_A1.jpg?v=20250923150332
727,1114399,room_1,fur_0004,샘키즈 보나 프레임 옷장+높은상부장 세트 1600,759000,https://image.hanssem.com/hsimg/gds/1050/1114/1114399_A1.jpg?v=20250923150332
728,1114281,room_1,fur_0004,샘키즈 보나 일반 4단서랍장 800,315000,https://image.hanssem.com/hsimg/gds/1050/1114/1114281_A1.jpg?v=20250923150331
729,1002458,room_1,fur_0004,샘키즈 옷장세트 1800 B형+샘키즈 1305 수납장,722900,https://image.hanssem.com/hsimg/gds/1050/1002/1002458_A1.jpg?v=20250922202427
730,1070384,room_1,fur_0004,샘키즈 키큰옷장 멀티선반형 800,275000,https://image.hanssem.com/hsimg/gds/1050/1070/1070384_A1.jpg?v=20250908095947
731,1070411,room_1,fur_0004,[55딜]샘키즈 키큰옷장 세트 1600 서랍형+행거형,550000,https://image.hanssem.com/hsimg/gds/1050/1070/1070411_A1.jpg?v=20250908095947
732,765077,room_1,fur_0004,[특가~9/29](아울렛) 보나 주니어 옷장 80cm 서랍형 1단행거 (핑크/그레이),309000,https://image.hanssem.com/hsimg/gds/1050/765/765077_A1.jpg?v=20250923155506
733,1114371,room_1,fur_0004,샘키즈 보나 일반 옷장세트 2600,729900,https://image.hanssem.com/hsimg/gds/1050/1114/1114371_A1.jpg?v=20250923150332
734,1114421,room_1,fur_0004,샘키즈 보나 프레임 키큰옷장세트 1600 서랍형+행거형,732640,https://image.hanssem.com/hsimg/gds/1050/1114/1114421_A1.jpg?v=20250923150332
735,1070388,room_1,fur_0004,샘키즈 키큰옷장 오픈 박스선반형 400,165000,https://image.hanssem.com/hsimg/gds/1050/1070/1070388_A1.jpg?v=20250908095947
736,1070391,room_1,fur_0004,샘키즈 키큰옷장 엔드 선반형 600,165000,https://image.hanssem.com/hsimg/gds/1050/1070/1070391_A1.jpg?v=20250908095947
737,1011187,room_1,fur_0004,버니2 낮은 옷장 800,257000,https://image.hanssem.com/hsimg/gds/550/1011/1011187_A1.jpg?v=20240227170824
738,1070407,room_1,fur_0004,[특가~9/29]샘키즈 키큰옷장 세트 1200 서랍형+오픈 행거박스형,474000,https://image.hanssem.com/hsimg/gds/1050/1070/1070407_A1.jpg?v=20250908095947
739,1114357,room_1,fur_0004,샘키즈 보나 프레임 키큰옷장 400,224640,https://image.hanssem.com/hsimg/gds/1050/1114/1114357_A1.jpg?v=20250923150331
740,1114373,room_1,fur_0004,샘키즈 보나 프레임 옷장세트 2600,762000,https://image.hanssem.com/hsimg/gds/1050/1114/1114373_A1.jpg?v=20250923150332
741,967850,room_1,fur_0004,샘키즈 높은 옷장세트 600 2단서랍형,340000,https://image.hanssem.com/hsimg/gds/1050/967/967850_A1.jpg?v=20250908095947
742,765088,room_1,fur_0004,(아울렛) 보나 주니어 옷장세트 A형 114cm 서랍형 1단행거 (핑크/그레이),429000,https://image.hanssem.com/hsimg/gds/1050/765/765088_A1.jpg?v=20250923155805
743,765086,room_1,fur_0004,(아울렛) 보나 주니어 옷장세트 A형 114cm 긴옷형 2단행거 (핑크/그레이),405000,https://image.hanssem.com/hsimg/gds/1050/765/765086_A1.jpg?v=20250923155715
744,967851,room_1,fur_0004,샘키즈 옷장세트 1800 A형,460000,https://image.hanssem.com/hsimg/gds/1050/967/967851_A1.jpg?v=20250922203529
745,967843,room_1,fur_0004,샘키즈 박스선반장 600,152000,https://image.hanssem.com/hsimg/gds/1050/967/967843_A1.jpg?v=20250922205506
746,967852,room_1,fur_0004,[특가~9/29]샘키즈 옷장세트 1800 B형,533000,https://image.hanssem.com/hsimg/gds/1050/967/967852_A1.jpg?v=20250908095947
747,1070410,room_1,fur_0004,샘키즈 키큰옷장 세트 1200 서랍형+엔드 행거박스형,504000,https://image.hanssem.com/hsimg/gds/1050/1070/1070410_A1.jpg?v=20250908095947
748,1114348,room_1,fur_0004,샘키즈 보나 일반 키큰옷장 행거형 800,259900,https://image.hanssem.com/hsimg/gds/1050/1114/1114348_A1.jpg?v=20250923150331
749,967848,room_1,fur_0004,샘키즈 낮은 박스선반장 600,115000,https://image.hanssem.com/hsimg/gds/1050/967/967848_A1.jpg?v=20250922205417
750,1114418,room_1,fur_0004,샘키즈 보나 일반 키큰옷장세트 1200 행거형+오픈 선반서랍형,528500,https://image.hanssem.com/hsimg/gds/1050/1114/1114418_A1.jpg?v=20250923150332
751,765071,room_1,fur_0004,(아울렛) 보나 주니어 옷장 80cm 긴옷형 2단행거 (핑크/그레이),285000,https://image.hanssem.com/hsimg/gds/1050/765/765071_A1.jpg?v=20250923155638
752,1070395,room_1,fur_0004,샘키즈 키큰옷장 엔드 행거박스형 600,165000,https://image.hanssem.com/hsimg/gds/1050/1070/1070395_A1.jpg?v=20250908095947
753,1114344,room_1,fur_0004,샘키즈 보나 낮은 상부장 800,75000,https://image.hanssem.com/hsimg/gds/1050/1114/1114344_A1.jpg?v=20250923150331
754,1003416,room_1,fur_0005,샘키즈 책상 의자세트 원목다리형 1200,158000,https://image.hanssem.com/hsimg/gds/1050/1003/1003416_A1.jpg?v=20250908095200
755,1114436,room_1,fur_0005,샘키즈 보나 일반책상 기본형,185900,https://image.hanssem.com/hsimg/gds/1050/1114/1114436_A1.jpg?v=20250923150332
756,1003399,room_1,fur_0005,샘키즈 키즈책상 원목다리형 1200,98000,https://image.hanssem.com/hsimg/gds/1050/1003/1003399_A1.jpg?v=20250908095200
757,1114434,room_1,fur_0005,샘키즈 보나 일반책상 높은상부장형,305900,https://image.hanssem.com/hsimg/gds/1050/1114/1114434_A1.jpg?v=20250923150332
758,1114435,room_1,fur_0005,샘키즈 보나 일반책상 낮은상부장형,255900,https://image.hanssem.com/hsimg/gds/1050/1114/1114435_A1.jpg?v=20250923150332
759,1114433,room_1,fur_0005,샘키즈 보나 서랍책상 기본형,295900,https://image.hanssem.com/hsimg/gds/1050/1114/1114433_A1.jpg?v=20250923150332
760,649486,room_1,fur_0005,샘키즈 플레이테이블 박스형,145000,https://image.hanssem.com/hsimg/gds/1050/649/649486_A1.jpg?v=20250908095200
761,1003400,room_1,fur_0005,샘키즈 키즈책상 높이조절형 1000,118000,https://image.hanssem.com/hsimg/gds/1050/1003/1003400_A1.jpg?v=20250908095200
762,1011190,room_1,fur_0005,버니2 일반형 책상 1200,164000,https://image.hanssem.com/hsimg/gds/1050/1011/1011190_A1.jpg?v=20240704160546
763,1003396,room_1,fur_0005,샘키즈 플레이하우스 의자,95000,https://image.hanssem.com/hsimg/gds/1050/1003/1003396_A1.jpg?v=20250908095200
764,1003402,room_1,fur_0005,샘키즈 키즈의자 베이지,30000,https://image.hanssem.com/hsimg/gds/1050/1003/1003402_A1.jpg?v=20250908095200
765,1003417,room_1,fur_0005,[특가~9/29]샘키즈 책상 의자세트 높이조절형 1000,178000,https://image.hanssem.com/hsimg/gds/1050/1003/1003417_A1.jpg?v=20250908095200
766,1011189,room_1,fur_0005,버니2 h형 책상 1200,257000,https://image.hanssem.com/hsimg/gds/1050/1011/1011189_A1.jpg?v=20240704160440
767,1114431,room_1,fur_0005,샘키즈 보나 서랍책상 높은상부장형,415900,https://image.hanssem.com/hsimg/gds/1050/1114/1114431_A1.jpg?v=20250923150332
768,1114432,room_1,fur_0005,샘키즈 보나 서랍책상 낮은상부장형,365900,https://image.hanssem.com/hsimg/gds/1050/1114/1114432_A1.jpg?v=20250923150332
769,992554,room_1,fur_0006,버니 벙커침대 가랜드,32000,https://image.hanssem.com/hsimg/gds/1050/992/992554_A1.jpg?v=20240704165258
770,1114130,room_1,fur_0006,샘키즈 보나 하부수납 데이베드 SS 4면형,955000,https://image.hanssem.com/hsimg/gds/1050/1114/1114130_A1.jpg?v=20250923150331
771,819246,room_1,fur_0006,(아울렛) 보나 슈퍼싱글침대 SS 데이베드 일반형 + 안전가드,364000,https://image.hanssem.com/hsimg/gds/1050/819/819246_A1.jpg?v=20250923155050
772,1073161,room_1,fur_0006,샘키즈 하이가드 데이베드SS 5면형+샘키즈 알러지케어 매트리스 SS,724000,https://image.hanssem.com/hsimg/gds/1050/1073/1073161_A1.jpg?v=20250908095200
773,932986,room_1,fur_0006,샘키즈 슬라이딩침대 SS 일반형,719000,https://image.hanssem.com/hsimg/gds/1050/932/932986_A1.jpg?v=20250908095946
774,958423,room_1,fur_0006,샘키즈 낮은벙커침대 SS (일반 안전가드)+매트+2단수납장 1305 세트,1142900,https://image.hanssem.com/hsimg/gds/1050/958/958423_A1.jpg?v=20250908095946
775,932997,room_1,fur_0006,샘키즈 침대 북트레이+조명(DIY),69000,https://image.hanssem.com/hsimg/gds/1050/932/932997_A1.jpg?v=20250908095946
776,992759,room_1,fur_0006,버니 침대 행잉행거,56000,https://image.hanssem.com/hsimg/gds/1050/992/992759_A1.jpg?v=20240704165149
777,1069770,room_1,fur_0006,샘키즈 하이가드 데이베드SS 3면형,389000,https://image.hanssem.com/hsimg/gds/1050/1069/1069770_A1.jpg?v=20250908095200
778,848855,room_1,fur_0006,[특가~9/29]샘키즈 데이베드 SS 4면형 (안전가드 140cm)+샘키즈 알러지케어 매트리스 SS,508000,https://image.hanssem.com/hsimg/gds/1050/848/848855_A1.jpg?v=20250908095200
779,1114364,room_1,fur_0006,샘키즈 보나 하부수납 데이베드SS 3면형+샘키즈 알러지케어 매트리스 SS,994000,https://image.hanssem.com/hsimg/gds/1050/1114/1114364_A1.jpg?v=20250923150331
780,978555,room_1,fur_0006,샘키즈 슬라이딩침대 SS 풋보드형+샘키즈 오가닉양면 토퍼 SS 2개,1287000,https://image.hanssem.com/hsimg/gds/1050/978/978555_A1.jpg?v=20250908095946
781,1114428,room_1,fur_0006,샘키즈 보나 일반헤드 침대 SS,349000,https://image.hanssem.com/hsimg/gds/1050/1114/1114428_A1.jpg?v=20250923150332
782,819242,room_1,fur_0006,[특가~9/29]샘키즈 데이베드 SS 4면형 (안전가드 140cm),324000,https://image.hanssem.com/hsimg/gds/1050/819/819242_A1.jpg?v=20250908095200
783,933102,room_1,fur_0006,샘키즈 낮은벙커침대 SS (디자인 안전가드)+샘키즈 알러지케어 매트리스 SS,1073000,https://image.hanssem.com/hsimg/gds/1050/933/933102_A1.jpg?v=20250908095946
784,932985,room_1,fur_0006,샘키즈 수납침대 SS 풋보드형,535000,https://image.hanssem.com/hsimg/gds/1050/932/932985_A1.jpg?v=20250908095200
785,932999,room_1,fur_0006,샘키즈 침대 텐트(DIY),139000,https://image.hanssem.com/hsimg/gds/1050/932/932999_A1.jpg?v=20250908095946
786,958426,room_1,fur_0006,[특가~9/29]샘키즈 낮은벙커침대 SS (디자인 안전가드)+매트+2단수납장+책장 세트,1253800,https://image.hanssem.com/hsimg/gds/550/958/958426_A1.jpg?v=20250908095946
787,933100,room_1,fur_0006,샘키즈 슬라이딩침대 SS 풋보드형+샘키즈 알러지케어 매트리스 SS 2개,1127000,https://image.hanssem.com/hsimg/gds/1050/933/933100_A1.jpg?v=20250908095946
788,1011191,room_1,fur_0006,버니2 계단장 도어 (2종 택1),127000,https://image.hanssem.com/hsimg/gds/1050/1011/1011191_A1.jpg?v=20240704160800
789,958425,room_1,fur_0006,샘키즈 낮은벙커침대 SS (디자인 안전가드)+매트+2단수납장 1305 세트,1202900,https://image.hanssem.com/hsimg/gds/1050/958/958425_A1.jpg?v=20250908095946
790,1114429,room_1,fur_0006,샘키즈 보나 침대 안전가드 115cm,55000,https://image.hanssem.com/hsimg/gds/1050/1114/1114429_A1.jpg?v=20250923150332
791,1073159,room_1,fur_0006,샘키즈 하이가드 데이베드SS 3면형+샘키즈 알러지케어 매트리스 SS,583000,https://image.hanssem.com/hsimg/gds/1050/1073/1073159_A1.jpg?v=20250908095200
792,1070320,room_1,fur_0006,샘키즈 하이가드 데이베드 안전가드 50cm,44000,https://image.hanssem.com/hsimg/gds/1050/1070/1070320_A1.jpg?v=20250908095946
793,848857,room_1,fur_0006,(아울렛) 보나 슈퍼싱글침대 SS 데이베드 일반형+안전가드+샘키즈 알러지케어 매트리스 SS,558000,https://image.hanssem.com/hsimg/gds/1050/848/848857_A1.jpg?v=20250925171726
794,978553,room_1,fur_0006,샘키즈 수납침대 SS 풋보드형+샘키즈 오가닉양면 토퍼 SS,809000,https://image.hanssem.com/hsimg/gds/1050/978/978553_A1.jpg?v=20250908095200
795,1011183,room_1,fur_0006,버니2 벙커침대 SS (매트 별도),1323000,https://image.hanssem.com/hsimg/gds/1050/1011/1011183_A1.jpg?v=20250605141954
796,978552,room_1,fur_0006,샘키즈 수납침대 SS 일반형+샘키즈 오가닉양면 토퍼 SS,789000,https://image.hanssem.com/hsimg/gds/1050/978/978552_A1.jpg?v=20250908095200
797,819240,room_1,fur_0006,샘키즈 데이베드 SS 3면형,254000,https://image.hanssem.com/hsimg/gds/1050/819/819240_A1.jpg?v=20250908095200
798,978550,room_1,fur_0006,샘키즈 데이베드 SS 4면형 (안전가드 100cm)+샘키즈 오가닉양면 토퍼 SS,593000,https://image.hanssem.com/hsimg/gds/1050/978/978550_A1.jpg?v=20250908095200
799,1070318,room_1,fur_0006,샘키즈 하이가드 데이베드 안전가드 150cm,97000,https://image.hanssem.com/hsimg/gds/1050/1070/1070318_A1.jpg?v=20250908095946
800,1114119,room_1,fur_0006,샘키즈 보나 하이가드 데이베드 SS 4면형,809000,https://image.hanssem.com/hsimg/gds/1050/1114/1114119_A1.jpg?v=20250923150331
801,992552,room_1,fur_0006,버니 벙커침대 하부 1층 깔판,172000,https://image.hanssem.com/hsimg/gds/1050/992/992552_A1.jpg?v=20240704161937
802,978554,room_1,fur_0006,샘키즈 슬라이딩침대 SS 일반형+샘키즈 오가닉양면 토퍼 SS 2개,1267000,https://image.hanssem.com/hsimg/gds/1050/978/978554_A1.jpg?v=20250908095946
803,1114361,room_1,fur_0006,샘키즈 보나 하이가드 데이베드SS 5면형+샘키즈 알러지케어 매트리스 SS,1084000,https://image.hanssem.com/hsimg/gds/1050/1114/1114361_A1.jpg?v=20250923150331
804,932987,room_1,fur_0006,샘키즈 슬라이딩침대 SS 풋보드형,739000,https://image.hanssem.com/hsimg/gds/1050/932/932987_A1.jpg?v=20250908095946
805,932984,room_1,fur_0006,샘키즈 수납침대 SS 일반형,515000,https://image.hanssem.com/hsimg/gds/1050/932/932984_A1.jpg?v=20250908095200
806,933098,room_1,fur_0006,샘키즈 수납침대 SS 풋보드형+샘키즈 알러지케어 매트리스 SS,729000,https://image.hanssem.com/hsimg/gds/1050/933/933098_A1.jpg?v=20250908095200
807,978556,room_1,fur_0006,샘키즈 낮은벙커침대 SS (일반 안전가드)+샘키즈 오가닉양면 토퍼 SS,1093000,https://image.hanssem.com/hsimg/gds/1050/978/978556_A1.jpg?v=20250908095946
808,848854,room_1,fur_0006,[특가~9/29]샘키즈 데이베드 SS 4면형 (안전가드 100cm)+샘키즈 알러지케어 매트리스 SS,498000,https://image.hanssem.com/hsimg/gds/1050/848/848854_A1.jpg?v=20250908095200
809,1114131,room_1,fur_0006,샘키즈 보나 하이가드 데이베드 범퍼가드 4면형(DIY),270000,https://image.hanssem.com/hsimg/gds/1050/1114/1114131_A1.jpg?v=20250923150331
810,1070316,room_1,fur_0006,[특가~9/29]샘키즈 하이가드 데이베드 범퍼가드 4면형 (DIY),239000,https://image.hanssem.com/hsimg/gds/1050/1070/1070316_A1.jpg?v=20250908095200
811,819250,room_1,fur_0006,(아울렛) 보나 침대 안전가드,35000,https://image.hanssem.com/hsimg/gds/1050/819/819250_A1.jpg?v=20250923155050
812,933099,room_1,fur_0006,[특가~9/29]샘키즈 슬라이딩침대 SS 일반형+샘키즈 알러지케어 매트리스 SS 2개,1077000,https://image.hanssem.com/hsimg/gds/1050/933/933099_A1.jpg?v=20250908095946
813,819244,room_1,fur_0006,샘키즈 데이베드 안전가드 140cm,75000,https://image.hanssem.com/hsimg/gds/1050/819/819244_A1.jpg?v=20250908095946
814,932996,room_1,fur_0006,샘키즈 디자인 안전가드 120cm (수납침대/슬라이딩침대용),75000,https://image.hanssem.com/hsimg/gds/1050/932/932996_A1.jpg?v=20250908095946
815,1057601,room_1,fur_0006,샘키즈 옷장세트 120cm+데이베드 SS+샘키즈 알러지케어 매트리스 (안전가드 140cm),938000,https://image.hanssem.com/hsimg/gds/1050/1057/1057601_A1.jpg?v=20250908095200
816,932998,room_1,fur_0006,샘키즈 침대 조명(DIY),59000,https://image.hanssem.com/hsimg/gds/1050/932/932998_A1.jpg?v=20250908095946
817,1070315,room_1,fur_0006,샘키즈 하이가드 데이베드 범퍼가드 3면형 (DIY),178000,https://image.hanssem.com/hsimg/gds/1050/1070/1070315_A1.jpg?v=20250908095200
818,978549,room_1,fur_0006,샘키즈 데이베드 SS 3면형+샘키즈 오가닉양면 토퍼 SS,528000,https://image.hanssem.com/hsimg/gds/1050/978/978549_A1.jpg?v=20250908095200
819,1015558,room_1,fur_0006,버니2 분리/조립 시공 서비스,150000,https://image.hanssem.com/hsimg/gds/1050/1015/1015558_A1.jpg?v=20240704170507
820,976445,room_1,fur_0006,샘키즈 디즈니 클립 2P DIY,24000,https://image.hanssem.com/hsimg/gds/1050/976/976445_A1.jpg?v=20250212152007
821,1114129,room_1,fur_0006,샘키즈 보나 하부수납 데이베드 SS 3면형,805000,https://image.hanssem.com/hsimg/gds/1050/1114/1114129_A1.jpg?v=20250923150331
822,1114427,room_1,fur_0006,샘키즈 보나 일반헤드 침대 SS 서랍형,499000,https://image.hanssem.com/hsimg/gds/1050/1114/1114427_A1.jpg?v=20250923150332
823,932988,room_1,fur_0006,샘키즈 침대 스텝스툴,75000,https://image.hanssem.com/hsimg/gds/1050/932/932988_A1.jpg?v=20250908095946
824,992542,room_1,fur_0006,버니 벙커침대 SS 계단장형 (매트 별도),1516000,https://image.hanssem.com/hsimg/gds/1050/992/992542_A1.jpg?v=20250611162945
825,992541,room_1,fur_0006,버니 데이베드SS,643000,https://image.hanssem.com/hsimg/gds/1050/992/992541_A1.jpg?v=20250605113229
826,848856,room_1,fur_0006,(아울렛) 보나 슈퍼싱글침대 SS 데이베드 일반형+샘키즈 알러지케어 매트리스 SS,523000,https://image.hanssem.com/hsimg/gds/1050/848/848856_A1.jpg?v=20250923155050
827,1070312,room_1,fur_0006,샘키즈 하이가드 데이베드SS 4면형,486000,https://image.hanssem.com/hsimg/gds/1050/1070/1070312_A1.jpg?v=20250908095200
828,1011182,room_1,fur_0006,버니2 이층침대 SS (매트 별도),1995000,https://image.hanssem.com/hsimg/gds/1050/1011/1011182_A1.jpg?v=20250605162251
829,1114365,room_1,fur_0006,샘키즈 보나 하부수납 데이베드SS 4면형+샘키즈 알러지케어 매트리스 SS,1144000,https://image.hanssem.com/hsimg/gds/1050/1114/1114365_A1.jpg?v=20250923150332
830,1114441,room_1,fur_0006,샘키즈 보나 일반헤드 침대 SS+샘키즈 알러지케어 매트리스 SS,538000,https://image.hanssem.com/hsimg/gds/1050/1114/1114441_A1.jpg?v=20250923150332
831,1114127,room_1,fur_0006,샘키즈 보나 하이가드 데이베드 SS 5면형,895000,https://image.hanssem.com/hsimg/gds/1050/1114/1114127_A1.jpg?v=20250923150331
832,932995,room_1,fur_0006,샘키즈 안전가드 120cm (수납침대/슬라이딩침대용),59000,https://image.hanssem.com/hsimg/gds/1050/932/932995_A1.jpg?v=20250908095946
833,1070324,room_1,fur_0006,샘키즈 하이가드 데이베드 사이드선반,35000,https://image.hanssem.com/hsimg/gds/1050/1070/1070324_A1.jpg?v=20250908095946
834,958424,room_1,fur_0006,샘키즈 낮은벙커침대 SS (일반 안전가드)+매트+2단수납장+책장 세트,1228800,https://image.hanssem.com/hsimg/gds/550/958/958424_A1.jpg?v=20250908095946
835,848853,room_1,fur_0006,샘키즈 데이베드 SS 3면형+샘키즈 알러지케어 매트리스 SS,448000,https://image.hanssem.com/hsimg/gds/1050/848/848853_A1.jpg?v=20250908095200
836,1114135,room_1,fur_0006,샘키즈 보나 하부수납 데이베드 안전가드 1500,150000,https://image.hanssem.com/hsimg/gds/1050/1114/1114135_A1.jpg?v=20250923150331
837,1114132,room_1,fur_0006,샘키즈 보나 하이가드 데이베드 범퍼가드 4면형 패브릭 별도(DIY),178400,https://image.hanssem.com/hsimg/gds/1050/1114/1114132_A1.jpg?v=20250923150331
838,1114440,room_1,fur_0006,샘키즈 보나 일반헤드 침대 SS 서랍형+샘키즈 알러지케어 매트리스 SS,688000,https://image.hanssem.com/hsimg/gds/1050/1114/1114440_A1.jpg?v=20250923150332
839,978551,room_1,fur_0006,샘키즈 데이베드 SS 4면형 (안전가드 140cm)+샘키즈 오가닉양면 토퍼 SS,603000,https://image.hanssem.com/hsimg/gds/1050/978/978551_A1.jpg?v=20250908095200
840,933101,room_1,fur_0006,샘키즈 낮은벙커침대 SS (일반 안전가드)+샘키즈 알러지케어 매트리스 SS,1013000,https://image.hanssem.com/hsimg/gds/1050/933/933101_A1.jpg?v=20250908095946
841,978557,room_1,fur_0006,샘키즈 낮은벙커침대 SS (디자인 안전가드)+샘키즈 오가닉양면 토퍼 SS,1153000,https://image.hanssem.com/hsimg/gds/1050/978/978557_A1.jpg?v=20250908095946
842,933097,room_1,fur_0006,[특가~9/29]샘키즈 수납침대 SS 일반형+샘키즈 알러지케어 매트리스 SS,688000,https://image.hanssem.com/hsimg/gds/1050/933/933097_A1.jpg?v=20250908095200
843,1114360,room_1,fur_0006,샘키즈 보나 하이가드 데이베드SS 4면형+샘키즈 알러지케어 매트리스 SS,998000,https://image.hanssem.com/hsimg/gds/1050/1114/1114360_A1.jpg?v=20250923150331
844,1114363,room_1,fur_0006,샘키즈 보나 하이가드 데이베드SS 5면형 풀세트 (침대/매트/범퍼가드),1348500,https://image.hanssem.com/hsimg/gds/1050/1114/1114363_A1.jpg?v=20250923150331
845,1114133,room_1,fur_0006,샘키즈 보나 하이가드 데이베드 안전가드 500,86000,https://image.hanssem.com/hsimg/gds/1050/1114/1114133_A1.jpg?v=20250923150331
846,1114439,room_1,fur_0006,샘키즈 보나 패브릭헤드 침대 SS+샘키즈 알러지케어 매트리스 SS,618000,https://image.hanssem.com/hsimg/gds/1050/1114/1114439_A1.jpg?v=20250923150332
847,978548,room_1,fur_0006,샘키즈 오가닉양면 토퍼 SS,274000,https://image.hanssem.com/hsimg/gds/1050/978/978548_A1.jpg?v=20250908095200
848,1114425,room_1,fur_0006,샘키즈 보나 패브릭헤드 침대 SS 서랍형,579000,https://image.hanssem.com/hsimg/gds/1050/1114/1114425_A1.jpg?v=20250923150332
849,1114426,room_1,fur_0006,샘키즈 보나 패브릭헤드 침대 SS,429000,https://image.hanssem.com/hsimg/gds/1050/1114/1114426_A1.jpg?v=20250923150332
850,1070326,room_1,fur_0006,샘키즈 하이가드 데이베드SS 4면형 + 범퍼가드 4면형(DIY) 세트,725000,https://image.hanssem.com/hsimg/gds/1050/1070/1070326_A1.jpg?v=20250908095200
851,992648,room_1,fur_0006,버니 벙커침대 SS 사다리형 (매트 별도),1346000,https://image.hanssem.com/hsimg/gds/1050/992/992648_A1.jpg?v=20250605113229
852,1070325,room_1,fur_0006,샘키즈 하이가드 데이베드SS 3면형 + 범퍼가드 3면형(DIY) 세트,567000,https://image.hanssem.com/hsimg/gds/1050/1070/1070325_A1.jpg?v=20250908095200
853,1114362,room_1,fur_0006,샘키즈 보나 하이가드 데이베드SS 4면형 풀세트 (침대/매트/범퍼가드),1264500,https://image.hanssem.com/hsimg/gds/1050/1114/1114362_A1.jpg?v=20250923150331
854,1057590,room_1,fur_0006,샘키즈 수납장 1305+데이베드 SS+알러지케어 매트리스 (안전가드 140cm),682900,https://image.hanssem.com/hsimg/gds/1050/1057/1057590_A1.jpg?v=20250922182937
855,932990,room_1,fur_0006,샘키즈 낮은벙커침대 SS (디자인 안전가드),879000,https://image.hanssem.com/hsimg/gds/1050/932/932990_A1.jpg?v=20250908095946
856,1071224,room_1,fur_0006,샘키즈 하이가드 데이베드 SS 5면형 + 범퍼가드 4면형(DIY) 세트,769000,https://image.hanssem.com/hsimg/gds/1050/1071/1071224_A1.jpg?v=20250908095200
857,992555,room_1,fur_0006,버니 벙커침대 텐트(DIY),160000,https://image.hanssem.com/hsimg/gds/1050/992/992555_A1.jpg?v=20250331092343
858,819241,room_1,fur_0006,샘키즈 데이베드 SS 4면형 (안전가드 100cm),319000,https://image.hanssem.com/hsimg/gds/1050/819/819241_A1.jpg?v=20250908095200
859,1114437,room_1,fur_0006,샘키즈 보나 패브릭헤드 침대 SS 서랍형+샘키즈 알러지케어 매트리스 SS,768000,https://image.hanssem.com/hsimg/gds/550/1114/1114437_A1.jpg?v=20250923150332
860,932989,room_1,fur_0006,샘키즈 낮은벙커침대 SS (일반 안전가드),819000,https://image.hanssem.com/hsimg/gds/1050/932/932989_A1.jpg?v=20250908095946
861,1073160,room_1,fur_0006,[특가~9/29]샘키즈 하이가드 데이베드SS 4면형+샘키즈 알러지케어 매트리스 SS,665000,https://image.hanssem.com/hsimg/gds/1050/1073/1073160_A1.jpg?v=20250908095200
862,946751,room_1,fur_0006,[55딜](아울렛) 보나 슈퍼싱글침대 SS 패브릭헤드+샘키즈 알러지케어 매트리스 SS (핑크/그레이),550000,https://image.hanssem.com/hsimg/gds/1050/946/946751_A1.jpg?v=20250923155558
863,855493,room_1,fur_0006,샘키즈 알러지케어 매트리스 SS,194000,https://image.hanssem.com/hsimg/gds/1050/855/855493_A1.jpg?v=20250908095200
864,819243,room_1,fur_0006,샘키즈 데이베드 안전가드 100cm,65000,https://image.hanssem.com/hsimg/gds/1050/819/819243_A1.jpg?v=20250908095946
865,933000,room_1,fur_0006,샘키즈 침대 커튼(DIY),38000,https://image.hanssem.com/hsimg/gds/1050/933/933000_A1.jpg?v=20250908095946
866,1070314,room_1,fur_0006,샘키즈 하이가드 데이베드SS 5면형,530000,https://image.hanssem.com/hsimg/gds/1050/1070/1070314_A1.jpg?v=20250908095200
867,743212,room_2,fur_0000,스테이 드레스룸 64cm 단독형 7종,146150,https://image.hanssem.com/hsimg/gds/1050/743/743212_A1.jpg?v=20240809102028
868,1017791,room_2,fur_0000,스테이 플러스 드레스룸 40cm 전신거울형,361000,https://image.hanssem.com/hsimg/gds/1050/1017/1017791_A1.jpg?v=20240808112225
869,1012933,room_2,fur_0000,뮤트 베이지 옷장 90/100cm(2종/택1),378000,https://image.hanssem.com/hsimg/gds/1050/1012/1012933_A1.jpg?v=20250702141949
870,743209,room_2,fur_0000,,,
871,1012935,room_2,fur_0000,뮤트 베이지 거울옷장 90/100cm(2종/택1),487000,https://image.hanssem.com/hsimg/gds/1050/1012/1012935_A1.jpg?v=20250702142056
872,1017788,room_2,fur_0000,스테이 플러스 드레스룸 102cm 연결형 2종,162000,https://image.hanssem.com/hsimg/gds/1050/1017/1017788_A1.jpg?v=20240808111629
873,965544,room_2,fur_0000,스테이 드레스룸 가방 디바이더(2개입) 2종,32000,https://image.hanssem.com/hsimg/gds/1050/965/965544_A1.jpg?v=20240808140358
874,743241,room_2,fur_0000,스테이 드레스룸 세트 208cm 서랍형,484000,https://image.hanssem.com/hsimg/gds/1050/743/743241_A1.jpg?v=20240809105440
875,999843,room_2,fur_0000,뮤트 화이트 옷장 90/100cm(2종/택1),373000,https://image.hanssem.com/hsimg/gds/1050/999/999843_A1.jpg?v=20250702141436
876,1017789,room_2,fur_0000,스테이 플러스 드레스룸 70cm 코너형 3종,329000,https://image.hanssem.com/hsimg/gds/1050/1017/1017789_A1.jpg?v=20240808111754
877,993420,room_2,fur_0000,"바흐 드레스룸 연결형 62, 72cm",157000,https://image.hanssem.com/hsimg/gds/1050/993/993420_A1.jpg?v=20240808134728
878,1017780,room_2,fur_0000,스테이 플러스 드레스룸 82cm 연결형 8종,143000,https://image.hanssem.com/hsimg/gds/1050/1017/1017780_A1.jpg?v=20240808110028
879,993418,room_2,fur_0000,바흐 드레스룸 단독형 84cm,257000,https://image.hanssem.com/hsimg/gds/1050/993/993418_A1.jpg?v=20240808134522
880,1017787,room_2,fur_0000,스테이 플러스 드레스룸 104cm 단독형 2종,255000,https://image.hanssem.com/hsimg/gds/1050/1017/1017787_A1.jpg?v=20240808111541
881,743217,room_2,fur_0000,스테이 드레스룸 세트 126cm 행거형,247000,https://image.hanssem.com/hsimg/gds/1050/743/743217_A1.jpg?v=20240809103251
882,743793,room_2,fur_0000,스테이 드레스룸 측면 다용도 걸이 2종,13600,https://image.hanssem.com/hsimg/gds/1050/743/743793_A1.jpg?v=20250423152803
883,1012934,room_2,fur_0000,뮤트 프렌치 거울옷장 90/100cm(2종/택1),578000,https://image.hanssem.com/hsimg/gds/1050/1012/1012934_A1.jpg?v=20250702142553
884,1017784,room_2,fur_0000,스테이 플러스 드레스룸 42cm 연결형 4종,128000,https://image.hanssem.com/hsimg/gds/1050/1017/1017784_A1.jpg?v=20240808111243
885,743208,room_2,fur_0000,스테이 드레스룸 82cm 연결형 10종,99630,https://image.hanssem.com/hsimg/gds/1050/743/743208_A1.jpg?v=20240913104432
886,1017782,room_2,fur_0000,스테이 플러스 드레스룸 64cm 단독형 4종,229000,https://image.hanssem.com/hsimg/gds/1050/1017/1017782_A1.jpg?v=20240808110958
887,1012931,room_2,fur_0000,뮤트 프렌치 옷장 90/100cm(2종/택1),486000,https://image.hanssem.com/hsimg/gds/1050/1012/1012931_A1.jpg?v=20250702142501
888,1017795,room_2,fur_0000,스테이 플러스 드레스룸 측면 다용도걸이 2종,17000,https://image.hanssem.com/hsimg/gds/1050/1017/1017795_A1.jpg?v=20250423154529
889,743246,room_2,fur_0000,스테이 드레스룸 세트 248cm 서랍형,497000,https://image.hanssem.com/hsimg/gds/1050/743/743246_A1.jpg?v=20240809111159
890,743252,room_2,fur_0000,[55딜]스테이 드레스룸 세트 290cm 서랍형,550000,https://image.hanssem.com/hsimg/gds/1050/743/743252_A1.jpg?v=20240809112237
891,1012928,room_2,fur_0000,뮤트 베이지 옷장 45/50cm(3종/택1),237000,https://image.hanssem.com/hsimg/gds/1050/1012/1012928_A1.jpg?v=20250702141550
892,743235,room_2,fur_0000,스테이 드레스룸 세트 166cm 하부수납형,360000,https://image.hanssem.com/hsimg/gds/1050/743/743235_A1.jpg?v=20240809104552
893,743250,room_2,fur_0000,[55딜]스테이 드레스룸 세트 290cm 행거+거울형,550000,https://image.hanssem.com/hsimg/gds/1050/743/743250_A1.jpg?v=20240809112344
894,743220,room_2,fur_0000,스테이 드레스룸 세트 126cm 서랍형,379000,https://image.hanssem.com/hsimg/gds/1050/743/743220_A1.jpg?v=20240809103124
895,999859,room_2,fur_0000,뮤트 화이트 옷장 오픈형(2종/택1),586000,https://image.hanssem.com/hsimg/gds/1050/999/999859_A1.jpg?v=20240808133311
896,743207,room_2,fur_0000,스테이 드레스룸 84cm 단독형 10종,151680,https://image.hanssem.com/hsimg/gds/1050/743/743207_A1.jpg?v=20240913104432
897,743253,room_2,fur_0000,스테이 드레스룸 세트 290cm 서랍+거울형,724000,https://image.hanssem.com/hsimg/gds/1050/743/743253_A1.jpg?v=20240809112122
898,743210,room_2,fur_0000,스테이 드레스룸 75cm 코너연결형 2종,191970,https://image.hanssem.com/hsimg/gds/1050/743/743210_A1.jpg?v=20240913104432
899,993419,room_2,fur_0000,"바흐 드레스룸 연결형 42, 52cm",142000,https://image.hanssem.com/hsimg/gds/1050/993/993419_A1.jpg?v=20240808134620
900,993425,room_2,fur_0000,바흐 드레스룸 연결형 코너장,361000,https://image.hanssem.com/hsimg/gds/1050/993/993425_A1.jpg?v=20240808135300
901,743218,room_2,fur_0000,스테이 드레스룸 세트 126cm 거울형,387000,https://image.hanssem.com/hsimg/gds/1050/743/743218_A1.jpg?v=20240809102748
902,743245,room_2,fur_0000,스테이 드레스룸 세트 248cm 행거형,370000,https://image.hanssem.com/hsimg/gds/1050/743/743245_A1.jpg?v=20240809112013
903,1017779,room_2,fur_0000,스테이 플러스 드레스룸 84cm 단독형 8종,236000,https://image.hanssem.com/hsimg/gds/1050/1017/1017779_A1.jpg?v=20240808105938
904,1012927,room_2,fur_0000,뮤트 프렌치 옷장 45/50cm(3종/택1),291000,https://image.hanssem.com/hsimg/gds/1050/1012/1012927_A1.jpg?v=20250702141517
905,743213,room_2,fur_0000,스테이 드레스룸 62cm 연결형 7종,93960,https://image.hanssem.com/hsimg/gds/1050/743/743213_A1.jpg?v=20240913104432
906,993421,room_2,fur_0000,바흐 드레스룸 연결형 82cm,164000,https://image.hanssem.com/hsimg/gds/1050/993/993421_A1.jpg?v=20240808134835
907,743238,room_2,fur_0000,스테이 드레스룸 세트 208cm ACC수납형,424000,https://image.hanssem.com/hsimg/gds/1050/743/743238_A1.jpg?v=20240809105316
908,743237,room_2,fur_0000,스테이 드레스룸 세트 208cm 거울형,487000,https://image.hanssem.com/hsimg/gds/1050/743/743237_A1.jpg?v=20240809105359
909,743239,room_2,fur_0000,스테이 드레스룸 세트 208cm 화장대형,436000,https://image.hanssem.com/hsimg/gds/1050/743/743239_A1.jpg?v=20240809105735
910,743243,room_2,fur_0000,스테이 드레스룸 세트 208cm 하부수납+선반형,468000,https://image.hanssem.com/hsimg/gds/1050/743/743243_A1.jpg?v=20240809105519
911,993426,room_2,fur_0000,바흐 드레스룸 연결형 낮은장,110000,https://image.hanssem.com/hsimg/gds/1050/993/993426_A1.jpg?v=20240808135439
912,1012938,room_2,fur_0000,뮤트 프렌치 옷장 오픈형(2종/택1),615000,https://image.hanssem.com/hsimg/gds/1050/1012/1012938_A1.jpg?v=20240808114530
913,1012937,room_2,fur_0000,뮤트 베이지 코너장 103x106cm(2종/택1),674000,https://image.hanssem.com/hsimg/gds/1050/1012/1012937_A1.jpg?v=20250702143135
914,1012943,room_2,fur_0000,뮤트 베이지 옷장 오픈형(2종/택1),586000,https://image.hanssem.com/hsimg/gds/1050/1012/1012943_A1.jpg?v=20240808132343
915,1112265,room_2,fur_0000,샘키즈 데일리 스탠드 행거 (2종/택1),39900,https://image.hanssem.com/hsimg/gds/1050/1112/1112265_A1.jpg?v=20250917153939
916,999847,room_2,fur_0000,뮤트 화이트 코너장 103x106cm(2종/택1),674000,https://image.hanssem.com/hsimg/gds/1050/999/999847_A1.jpg?v=20250702143158
917,743247,room_2,fur_0000,스테이 드레스룸 세트 248cm 서랍+중간서랍형,571000,https://image.hanssem.com/hsimg/gds/1050/743/743247_A1.jpg?v=20240809110332
918,743242,room_2,fur_0000,스테이 드레스룸 세트 208cm 하부수납형,447000,https://image.hanssem.com/hsimg/gds/1050/743/743242_A1.jpg?v=20240809105612
919,1017792,room_2,fur_0000,스테이 플러스 드레스룸 파우더형 2종,400000,https://image.hanssem.com/hsimg/gds/1050/1017/1017792_A1.jpg?v=20240808112649
920,993422,room_2,fur_0000,바흐 드레스룸 연결형 82cm 특수장,313000,https://image.hanssem.com/hsimg/gds/1050/993/993422_A1.jpg?v=20240809092633
921,743232,room_2,fur_0000,스테이 드레스룸 세트 166cm 행거형,260000,https://image.hanssem.com/hsimg/gds/1050/743/743232_A1.jpg?v=20240809105204
922,743257,room_2,fur_0000,스테이 드레스룸 세트 240+118cm 서랍+거울형,813000,https://image.hanssem.com/hsimg/gds/1050/743/743257_A1.jpg?v=20240809105842
923,743236,room_2,fur_0000,스테이 드레스룸 세트 208cm 행거형,355000,https://image.hanssem.com/hsimg/gds/1050/743/743236_A1.jpg?v=20240809105652
924,999838,room_2,fur_0000,뮤트 화이트 옷장 45/50cm(3종/택1),236000,https://image.hanssem.com/hsimg/gds/1050/999/999838_A1.jpg?v=20250702141618
925,1017790,room_2,fur_0000,스테이 플러스 드레스룸 코너형 거울도어,210000,https://image.hanssem.com/hsimg/gds/1050/1017/1017790_A1.jpg?v=20240808111858
926,1012946,room_2,fur_0000,"뮤트 프렌치, 뮤트 베이지 옷장 엔드판넬(EP)",74000,https://image.hanssem.com/hsimg/gds/1050/1012/1012946_A1.jpg?v=20240808132512
927,1017783,room_2,fur_0000,스테이 플러스 드레스룸 62cm 연결형 4종,136000,https://image.hanssem.com/hsimg/gds/1050/1017/1017783_A1.jpg?v=20240808111054
928,743215,room_2,fur_0000,스테이 드레스룸 42cm 연결형 5종,86670,https://image.hanssem.com/hsimg/gds/1050/743/743215_A1.jpg?v=20240809101510
929,743233,room_2,fur_0000,스테이 드레스룸 세트 166cm 서랍형,397000,https://image.hanssem.com/hsimg/gds/1050/743/743233_A1.jpg?v=20240809103330
930,743256,room_2,fur_0000,스테이 드레스룸 세트 240+118cm 행거형,556000,https://image.hanssem.com/hsimg/gds/1050/743/743256_A1.jpg?v=20240913104432
931,1012936,room_2,fur_0000,뮤트 프렌치 코너장 103x106cm(2종/택1),761000,https://image.hanssem.com/hsimg/gds/1050/1012/1012936_A1.jpg?v=20250702143022
932,743221,room_2,fur_0000,스테이 드레스룸 세트 126cm 하부수납형,344000,https://image.hanssem.com/hsimg/gds/1050/743/743221_A1.jpg?v=20240809103159
933,743214,room_2,fur_0000,스테이 드레스룸 42cm 목대형 3종,95580,https://image.hanssem.com/hsimg/gds/1050/743/743214_A1.jpg?v=20240809101328
934,743248,room_2,fur_0000,스테이 드레스룸 세트 248cm 하부수납형,460000,https://image.hanssem.com/hsimg/gds/1050/743/743248_A1.jpg?v=20240809111527
935,999845,room_2,fur_0000,뮤트 화이트 거울옷장 90/100cm(2종/택1),486000,https://image.hanssem.com/hsimg/gds/1050/999/999845_A1.jpg?v=20250702141718
936,1100971,room_2,fur_0001,시그니처 리노아 붙박이장 화이트 장식파우더형(16종/택1),2489000,https://image.hanssem.com/hsimg/gds/1050/1100/1100971_A1.jpg?v=20250626111956
937,837106,room_2,fur_0001,[특가~9/29]바이엘 소프트 작은방 붙박이장 데일리서랍형(150~220cm),944000,https://image.hanssem.com/hsimg/gds/1050/837/837106_A1.jpg?v=20250403145710
938,1017072,room_2,fur_0001,시그니처 데코 슬라이딩 붙박이장 엔드판넬(EP),110000,https://image.hanssem.com/hsimg/gds/1050/1017/1017072_A1.jpg?v=20250605131714
939,1100975,room_2,fur_0001,시그니처 글래스 붙박이장 기본형(18종/택1),2538000,https://image.hanssem.com/hsimg/gds/1050/1100/1100975_A1.jpg?v=20250626112206
940,837107,room_2,fur_0001,[특가~9/29]바이엘 소프트 작은방 거울 붙박이장 데일리서랍형(150~220cm),980000,https://image.hanssem.com/hsimg/gds/1050/837/837107_A1.jpg?v=20250403145710
941,775658,room_2,fur_0001,[특가~9/29]바이엘 소프트 슬라이딩 붙박이장 크림화이트 거울선반형(26종/택1),1261600,https://image.hanssem.com/hsimg/gds/1050/775/775658_A1.jpg?v=20250403145709
942,1024489,room_2,fur_0001,[특가~9/29]아트월 붙박이장 머쉬룸그레이 비대칭형(행거형/선반형/서랍형),1123200,https://image.hanssem.com/hsimg/gds/1050/1024/1024489_A1.jpg?v=20250403145710
943,1047375,room_2,fur_0001,시그니처 노엘 슬라이딩 붙박이장 베이지 기본형 250~420cm,2041000,https://image.hanssem.com/hsimg/gds/1050/1047/1047375_A1.jpg?v=20250617145320
944,1016275,room_2,fur_0001,시그니처 노아 붙박이장 엔드판넬(EP) 2종/택1,117000,https://image.hanssem.com/hsimg/gds/550/1016/1016275_A1.jpg?v=20250513105125
945,370129,room_2,fur_0001,붙박이장 엔드판넬(EP) 2종/택1,101000,https://image.hanssem.com/hsimg/gds/550/370/370129_A1.jpg?v=20240402144000
946,1029518,room_2,fur_0001,바이엘 슬라이딩 붙박이장 맞춤설계,12,https://image.hanssem.com/hsimg/gds/1050/1029/1029518_A1.jpg?v=20250404131109
947,1047369,room_2,fur_0001,시그니처 인피니 붙박이장 엔드판넬(EP),121600,https://image.hanssem.com/hsimg/gds/1050/1047/1047369_A1.jpg?v=20250513102905
948,1014146,room_2,fur_0001,시그니처 스케치 붙박이장 의류관리형(13종/택1),1303000,https://image.hanssem.com/hsimg/gds/1050/1014/1014146_A1.jpg?v=20250617153536
949,843585,room_2,fur_0001,[특가~9/29]아트월 붙박이장 소프트화이트 대칭형(행거형/선반형/서랍형),1112800,https://image.hanssem.com/hsimg/gds/1050/843/843585_A1.jpg?v=20250403145710
950,1100972,room_2,fur_0001,시그니처 리노아 붙박이장 베이지 장식파우더형(16종/택1),2489000,https://image.hanssem.com/hsimg/gds/1050/1100/1100972_A1.jpg?v=20250626112027
951,1047373,room_2,fur_0001,시그니처 페어 붙박이장 엔드판넬(EP),119000,https://image.hanssem.com/hsimg/gds/1050/1047/1047373_A1.jpg?v=20250513103107
952,1047368,room_2,fur_0001,시그니처 인피니 붙박이장 베이지 기본형(18종/택1),1613100,https://image.hanssem.com/hsimg/gds/1050/1047/1047368_A1.jpg?v=20250617163342
953,837105,room_2,fur_0001,[특가~9/29]바이엘 소프트 작은방 거울 붙박이장 행거형(150~220cm),833600,https://image.hanssem.com/hsimg/gds/1050/837/837105_A1.jpg?v=20250403145710
954,837102,room_2,fur_0001,[특가~9/29]바이엘 채널 작은방 붙박이장 데일리서랍형(150~220cm),801600,https://image.hanssem.com/hsimg/gds/1050/837/837102_A1.jpg?v=20250403145710
955,810477,room_2,fur_0001,[특가~9/29]바이엘 채널 거울 붙박이장 화이트 데일리서랍형(18종/택1),1077600,https://image.hanssem.com/hsimg/gds/1050/810/810477_A1.jpg?v=20250403145710
956,1029513,room_2,fur_0001,바이엘 붙박이장 맞춤설계,9,https://image.hanssem.com/hsimg/gds/1050/1029/1029513_A1.jpg?v=20250404131109
957,213816,room_2,fur_0001,[특가~9/29]바이엘 슬라이딩 붙박이장 화이트(행거형/선반형/서랍형),1206400,https://image.hanssem.com/hsimg/gds/1050/213/213816_A1.jpg?v=20250403145709
958,1100978,room_2,fur_0001,시그니처 파우더형 붙박이장,견적상담,https://image.hanssem.com/hsimg/gds/1050/1100/1100978_A1.jpg?v=20250609141922
959,1054761,room_2,fur_0001,매트 붙박이장 엔드판넬(EP),123000,https://image.hanssem.com/hsimg/gds/1050/1054/1054761_A1.jpg?v=20240405083747
960,1034718,room_2,fur_0001,시그니처 노아 붙박이장 맞춤설계,21,https://image.hanssem.com/hsimg/gds/550/1034/1034718_A1.jpg?v=20250617170457
961,1047367,room_2,fur_0001,시그니처 인피니 붙박이장 화이트 기본형(18종/택1),1613100,https://image.hanssem.com/hsimg/gds/1050/1047/1047367_A1.jpg?v=20250819103521
962,1016954,room_2,fur_0001,시그니처 데코 슬라이딩 붙박이장 베이직형(17종/택1),1953000,https://image.hanssem.com/hsimg/gds/1050/1016/1016954_A1.jpg?v=20250617150740
963,1100966,room_2,fur_0001,시그니처 리노아 붙박이장 화이트 기본형(18종/택1),1598850,https://image.hanssem.com/hsimg/gds/1050/1100/1100966_A1.jpg?v=20250626111743
964,837101,room_2,fur_0001,[특가~9/29]바이엘 채널 작은방 거울 붙박이장 행거형(150~220cm),724800,https://image.hanssem.com/hsimg/gds/1050/837/837101_A1.jpg?v=20250403145710
965,1047383,room_2,fur_0001,시그니처 페어 붙박이장 맞춤설계,16,https://image.hanssem.com/hsimg/gds/1050/1047/1047383_A1.jpg?v=20250627100943
966,1014144,room_2,fur_0001,시그니처 스케치 붙박이장 리프트업 파우더형 (18종/택1),2120000,https://image.hanssem.com/hsimg/gds/1050/1014/1014144_A1.jpg?v=20250617153203
967,1047370,room_2,fur_0001,시그니처 페어 붙박이장 매트화이트 기본형(18종/택1),1463000,https://image.hanssem.com/hsimg/gds/1050/1047/1047370_A1.jpg?v=20250617163932
968,1047372,room_2,fur_0001,시그니처 페어 붙박이장 애쉬월넛 기본형(18종/택1),1548000,https://image.hanssem.com/hsimg/gds/1050/1047/1047372_A1.jpg?v=20250617164558
969,810478,room_2,fur_0001,[특가~9/29]바이엘 소프트 붙박이장 크림화이트(행거형/선반형/서랍형),1044000,https://image.hanssem.com/hsimg/gds/1050/810/810478_A1.jpg?v=20250403145710
970,1029511,room_2,fur_0001,피카 갤러리 붙박이장 맞춤설계,12,https://image.hanssem.com/hsimg/gds/1050/1029/1029511_A1.jpg?v=20250404131109
971,1054487,room_2,fur_0001,매트 붙박이장 맞춤설계,15,https://image.hanssem.com/hsimg/gds/1050/1054/1054487_A1.jpg?v=20250416111554
972,1100977,room_2,fur_0001,시그니처 리노아 붙박이장 엔드판넬(EP),115900,https://image.hanssem.com/hsimg/gds/1050/1100/1100977_A1.jpg?v=20250626112308
973,210017,room_2,fur_0001,[특가~9/29]바이엘 붙박이장 화이트(행거형/선반형/서랍형),904800,https://image.hanssem.com/hsimg/gds/1050/210/210017_A1.jpg?v=20250403145711
974,1054479,room_2,fur_0001,매트 붙박이장 화이트 (행거형/선반형/서랍형),1156000,https://image.hanssem.com/hsimg/gds/1050/1054/1054479_A1.jpg?v=20250403145711
975,1034719,room_2,fur_0001,시그니처 데코 슬라이딩 붙박이장 맞춤설계,20,https://image.hanssem.com/hsimg/gds/550/1034/1034719_A1.jpg?v=20250617151150
976,1047380,room_2,fur_0001,시그니처 스케치 엣지 붙박이장 엔드판넬(EP),110000,https://image.hanssem.com/hsimg/gds/1050/1047/1047380_A1.jpg?v=20250513104423
977,1016280,room_2,fur_0001,시그니처 노엘 슬라이딩 붙박이장 엔드판넬(EP) 2종/택1,139000,https://image.hanssem.com/hsimg/gds/550/1016/1016280_A1.jpg?v=20250513105834
978,703955,room_2,fur_0001,[특가~9/29]바이엘 채널 거울 붙박이장 화이트(행거형/선반형/서랍형),924000,https://image.hanssem.com/hsimg/gds/1050/703/703955_A1.jpg?v=20250403145710
979,1003940,room_2,fur_0001,시그니처 스케치 붙박이장 2단 데일리서랍형(18종/택1),1622000,https://image.hanssem.com/hsimg/gds/1050/1003/1003940_A1.jpg?v=20250626151457
980,1014147,room_2,fur_0001,시그니처 스케치 붙박이장 기본형(18종/택1),1514000,https://image.hanssem.com/hsimg/gds/1050/1014/1014147_A1.jpg?v=20250626142743
981,1047382,room_2,fur_0001,시그니처 인피니 붙박이장 맞춤설계,17,https://image.hanssem.com/hsimg/gds/1050/1047/1047382_A1.jpg?v=20250617163704
982,318749,room_2,fur_0001,[특가~9/29]바이엘 글로시 슬라이딩 붙박이장 화이트 하이글로시(행거형/선반형/서랍형),1322400,https://image.hanssem.com/hsimg/gds/1050/318/318749_A1.jpg?v=20250403145709
983,810486,room_2,fur_0001,[특가~9/29]바이엘 소프트 거울붙박이장 크림화이트 데일리서랍형(18종/택1),1226400,https://image.hanssem.com/hsimg/gds/550/810/810486_A1.jpg?v=20250403145710
984,1016274,room_2,fur_0001,[시그니처]스케치 라인 붙박이장 엔드판넬(EP) 3종/택1,117000,https://image.hanssem.com/hsimg/gds/550/1016/1016274_A1.jpg?v=20250627101723
985,1029521,room_2,fur_0001,시그니처 스케치 엣지 붙박이장 맞춤설계,16,https://image.hanssem.com/hsimg/gds/1050/1029/1029521_A1.jpg?v=20250617155521
986,775648,room_2,fur_0001,바이엘 소프트 붙박이장 엔드판넬(EP),152000,https://image.hanssem.com/hsimg/gds/550/775/775648_A1.jpg?v=20240902100852
987,1012883,room_2,fur_0001,시그니처 스케치 라인 붙박이장 오트밀 기본형 240~420cm,1884000,https://image.hanssem.com/hsimg/gds/1050/1012/1012883_A1.jpg?v=20250626155107
988,810476,room_2,fur_0001,[특가~9/29]바이엘 채널 붙박이장 화이트 데일리서랍형(18종/택1),1000800,https://image.hanssem.com/hsimg/gds/1050/810/810476_A1.jpg?v=20250425103112
989,1100967,room_2,fur_0001,시그니처 리노아 붙박이장 베이지 기본형(18종/택1),1598850,https://image.hanssem.com/hsimg/gds/1050/1100/1100967_A1.jpg?v=20250626111825
990,1029522,room_2,fur_0001,시그니처 스케치 라인 붙박이장 맞춤설계,19,https://image.hanssem.com/hsimg/gds/1050/1029/1029522_A1.jpg?v=20250626155442
991,843601,room_2,fur_0001,[특가~9/29]아트월 붙박이장 소프트화이트 비대칭형(행거형/선반형/서랍형),1123200,https://image.hanssem.com/hsimg/gds/1050/843/843601_A1.jpg?v=20250403145710
992,1029510,room_2,fur_0001,바이엘 글로시 붙박이장 맞춤설계,11,https://image.hanssem.com/hsimg/gds/1050/1029/1029510_A1.jpg?v=20250404131109
993,1029515,room_2,fur_0001,바이엘 소프트 붙박이장 맞춤설계,11,https://image.hanssem.com/hsimg/gds/1050/1029/1029515_A1.jpg?v=20250404131109
994,1024491,room_2,fur_0001,[특가~9/29]아트월 거울 붙박이장 머쉬룸그레이 비대칭(행거형/선반형/서랍형),1176800,https://image.hanssem.com/hsimg/gds/1050/1024/1024491_A1.jpg?v=20250403145711
995,1012884,room_2,fur_0001,시그니처 노아 붙박이장 베이지 기본형(36종/택1),1958000,https://image.hanssem.com/hsimg/gds/1050/1012/1012884_A1.jpg?v=20250617165918
996,1003942,room_2,fur_0001,시그니처 스케치 붙박이장 2단+3단 데일리서랍형(18종/택1),1985000,https://image.hanssem.com/hsimg/gds/1050/1003/1003942_A1.jpg?v=20250626151413
997,1034721,room_2,fur_0001,시그니처 노엘 슬라이딩 붙박이장 맞춤설계,21,https://image.hanssem.com/hsimg/gds/1050/1034/1034721_A1.jpg?v=20250627102822
998,1029519,room_2,fur_0001,바이엘 소프트 슬라이딩 붙박이장 맞춤설계,12,https://image.hanssem.com/hsimg/gds/1050/1029/1029519_A1.jpg?v=20250404131109
999,1003943,room_2,fur_0001,시그니처 스케치 붙박이장 엔드판넬(EP),74000,https://image.hanssem.com/hsimg/gds/1050/1003/1003943_A1.jpg?v=20250627102519
1000,837104,room_2,fur_0001,[특가~9/29]바이엘 소프트 작은방 붙박이장 행거형(150~220cm),797600,https://image.hanssem.com/hsimg/gds/1050/837/837104_A1.jpg?v=20250403145710
1001,1029516,room_2,fur_0001,아트월 붙박이장 맞춤설계,12,https://image.hanssem.com/hsimg/gds/1050/1029/1029516_A1.jpg?v=20250404131109
1002,229016,room_2,fur_0001,[특가~9/29]바이엘 글로시 붙박이장 화이트 하이글로시(행거형/선반형/서랍형),1038400,https://image.hanssem.com/hsimg/gds/1050/229/229016_A1.jpg?v=20250403145711
1003,1012885,room_2,fur_0001,시그니처 노아 붙박이장 오트밀 기본형(36종/택1),1958000,https://image.hanssem.com/hsimg/gds/1050/1012/1012885_A1.jpg?v=20250617170151
1004,837100,room_2,fur_0001,[특가~9/29]바이엘 채널 작은방 붙박이장 행거형(150~220cm),648000,https://image.hanssem.com/hsimg/gds/1050/837/837100_A1.jpg?v=20250403145710
1005,1018633,room_2,fur_0001,시그니처 스케치 엣지 붙박이장 기본형(18종/택1),1692000,https://image.hanssem.com/hsimg/gds/1050/1018/1018633_A1.jpg?v=20250626152122
1006,1029514,room_2,fur_0001,바이엘 채널 붙박이장 맞춤설계,9,https://image.hanssem.com/hsimg/gds/1050/1029/1029514_A1.jpg?v=20250404131109
1007,843608,room_2,fur_0001,[특가~9/29]아트월 거울 붙박이장 소프트화이트 대칭형(행거형/선반형/서랍형),1166400,https://image.hanssem.com/hsimg/gds/1050/843/843608_A1.jpg?v=20250403145710
1008,843611,room_2,fur_0001,[특가~9/29]아트월 거울 붙박이장 소프트화이트 비대칭형(행거형/선반형/서랍형),1176800,https://image.hanssem.com/hsimg/gds/1050/843/843611_A1.jpg?v=20250403145710
1009,837103,room_2,fur_0001,[특가~9/29]바이엘 채널 작은방 거울 붙박이장 데일리서랍형(150~220cm),878400,https://image.hanssem.com/hsimg/gds/1050/837/837103_A1.jpg?v=20250403145710
1010,1024488,room_2,fur_0001,[특가~9/29]아트월 붙박이장 머쉬룸그레이 대칭형(행거형/선반형/서랍형),1112800,https://image.hanssem.com/hsimg/gds/1050/1024/1024488_A1.jpg?v=20250403145710
1011,1018635,room_2,fur_0001,시그니처 스케치 엣지 붙박이장 슬림서랍형(18종/택1),1943000,https://image.hanssem.com/hsimg/gds/1050/1018/1018635_A1.jpg?v=20250626154518
1012,1118504,room_2,fur_0001,(소진완료) 바이엘 슬라이딩 붙박이장 화이트 행거형(8.5자),1508000,https://image.hanssem.com/hsimg/gds/1050/1118/1118504_A1.jpg?v=20250916092439
1013,1100969,room_2,fur_0001,시그니처 리노아 붙박이장 화이트 와이드 장식파우더형(17종/택1),2029200,https://image.hanssem.com/hsimg/gds/1050/1100/1100969_A1.jpg?v=20250626111900
1014,1054484,room_2,fur_0001,매트 슬라이딩 붙박이장 화이트 (행거형/선반형/서랍형),1702000,https://image.hanssem.com/hsimg/gds/1050/1054/1054484_A1.jpg?v=20250404150007
1015,1100970,room_2,fur_0001,시그니처 리노아 붙박이장 베이지 와이드 장식파우더형(17종/택1),2029200,https://image.hanssem.com/hsimg/gds/1050/1100/1100970_A1.jpg?v=20250626111930
1016,1100976,room_2,fur_0001,시그니처 글래스 붙박이장 맞춤설계,29,https://image.hanssem.com/hsimg/gds/1050/1100/1100976_A1.jpg?v=20250609094157
1017,1016279,room_2,fur_0001,시그니처 스톤 붙박이장 엔드판넬(EP),161000,https://image.hanssem.com/hsimg/gds/550/1016/1016279_A1.jpg?v=20250513105408
1018,703950,room_2,fur_0001,[특가~9/29]바이엘 채널 붙박이장 화이트(행거형/선반형/서랍형),847200,https://image.hanssem.com/hsimg/gds/1050/703/703950_A1.jpg?v=20250403145710
1019,1118503,room_2,fur_0001,(소진완료) 바이엘 채널 붙박이장 화이트 행거형(10자),1249000,https://image.hanssem.com/hsimg/gds/1050/1118/1118503_A1.jpg?v=20250925141219
1020,1024490,room_2,fur_0001,[특가~9/29]아트월 거울 붙박이장 머쉬룸그레이 대칭형(행거형/선반형/서랍형),1166400,https://image.hanssem.com/hsimg/gds/1050/1024/1024490_A1.jpg?v=20250403145710
1021,1029517,room_2,fur_0001,바이엘 글로시 슬라이딩 붙박이장 맞춤설계,12,https://image.hanssem.com/hsimg/gds/1050/1029/1029517_A1.jpg?v=20250404131109
1022,1072415,room_2,fur_0001,시그니처 페어 붙박이장 웜코튼 기본형(18종/택1),1463000,https://image.hanssem.com/hsimg/gds/1050/1072/1072415_A1.jpg?v=20250626155819
1023,810482,room_2,fur_0001,[특가~9/29]바이엘 소프트 붙박이장 크림화이트 데일리서랍형(18종/택1),1190400,https://image.hanssem.com/hsimg/gds/1050/810/810482_A1.jpg?v=20250403145710
1024,810483,room_2,fur_0001,[특가~9/29]바이엘 소프트 거울 붙박이장 크림화이트(행거형/선반형/서랍형),1080000,https://image.hanssem.com/hsimg/gds/1050/810/810483_A1.jpg?v=20250403145710
1025,1012886,room_2,fur_0001,시그니처 스톤 붙박이장 기본형(18종/택1),2152000,https://image.hanssem.com/hsimg/gds/1050/1012/1012886_A1.jpg?v=20250617170946
1026,1100973,room_2,fur_0001,시그니처 리노아 붙박이장 화이트 수납파우더형(16종/택1),2449100,https://image.hanssem.com/hsimg/gds/1050/1100/1100973_A1.jpg?v=20250626112101
1027,1016194,room_2,fur_0001,시그니처 노엘 슬라이딩 붙박이장 화이트 기본형 250~420cm,2041000,https://image.hanssem.com/hsimg/gds/1050/1016/1016194_A1.jpg?v=20250617143225
1028,1100974,room_2,fur_0001,시그니처 리노아 붙박이장 베이지 수납파우더형(16종/택1),2449100,https://image.hanssem.com/hsimg/gds/1050/1100/1100974_A1.jpg?v=20250626112130
1029,1034712,room_2,fur_0001,시그니처 스톤 붙박이장 맞춤설계,23,https://image.hanssem.com/hsimg/gds/550/1034/1034712_A1.jpg?v=20250617171208
1030,1029520,room_2,fur_0001,시그니처 스케치 붙박이장 맞춤설계,15,https://image.hanssem.com/hsimg/gds/1050/1029/1029520_A1.jpg?v=20250626151838
1031,261388,room_2,fur_0001,[특가~9/29]피카 갤러리 붙박이장 화이트(행거형/선반형/서랍형),1096000,https://image.hanssem.com/hsimg/gds/1050/261/261388_A1.jpg?v=20250403145711
1032,775655,room_2,fur_0001,[특가~9/29]바이엘 소프트 슬라이딩 붙박이장 크림화이트(행거형/선반형/서랍형),1312000,https://image.hanssem.com/hsimg/gds/1050/775/775655_A1.jpg?v=20250403145709
1033,843614,room_2,fur_0001,아트월 붙박이장 엔드판넬(EP)-2종/택1,115000,https://image.hanssem.com/hsimg/gds/550/843/843614_A1.jpg?v=20240402144159
1034,992899,room_2,fur_0002,바흐 드레스룸 아일랜드 서랍장(화이트/그레이),547000,https://image.hanssem.com/hsimg/gds/1050/992/992899_A1.jpg?v=20240808134237
1035,743211,room_2,fur_0002,스테이 서랍장 4단 800 아일랜드형 3종,289900,https://image.hanssem.com/hsimg/gds/1050/743/743211_A1.jpg?v=20240809112925
1036,999858,room_2,fur_0002,뮤트 화이트 4단서랍장(2종/택1),370000,https://image.hanssem.com/hsimg/gds/1050/999/999858_A1.jpg?v=20240808133208
1037,1017794,room_2,fur_0002,스테이 플러스 드레스룸 아일랜드 서랍장,548000,https://image.hanssem.com/hsimg/gds/1050/1017/1017794_A1.jpg?v=20240808112746
1038,1012944,room_2,fur_0002,뮤트 프렌치 4단서랍장(2종/택1),399000,https://image.hanssem.com/hsimg/gds/1050/1012/1012944_A1.jpg?v=20240808114417
1039,1012945,room_2,fur_0002,뮤트 베이지 4단서랍장(2종/택1),370000,https://image.hanssem.com/hsimg/gds/1050/1012/1012945_A1.jpg?v=20240808132016
1040,993868,room_2,fur_0003,조이S 2 옷장800,291000,https://image.hanssem.com/hsimg/gds/1050/993/993868_A1.jpg?v=20250401131026
1041,1066883,room_2,fur_0003,샘베딩 스테디 옷장세트 160cm(높이194cm) 서랍형,457500,https://image.hanssem.com/hsimg/gds/1050/1066/1066883_A1.jpg?v=20240912194429
1042,387690,room_2,fur_0003,"부착형 전신거울 (옷장,드레스룸 전용)",14000,https://image.hanssem.com/hsimg/gds/1050/387/387690_A1.jpg?v=20240809093015
1043,663021,room_2,fur_0003,샘베딩 클로즈 도어 7단(높이216cm) 40cm (몸통미포함) 3종,53000,https://image.hanssem.com/hsimg/gds/1050/663/663021_A1.jpg?v=20240809140757
1044,289939,room_2,fur_0003,[특가~9/29]샘베딩 클로즈 옷장세트 240cm(높이216cm) 행거형 6종,688700,https://image.hanssem.com/hsimg/gds/1050/289/289939_A1.jpg?v=20240808144920
1045,1042692,room_2,fur_0003,바이엘 거울옷장 화이트 90/100cm(높이216cm),369600,https://image.hanssem.com/hsimg/gds/1050/1042/1042692_A1.jpg?v=20250723132002
1046,910256,room_2,fur_0003,샘베딩 라이트골드 거울 도어 6단(높이 194cm) 40cm (몸통미포함),161000,https://image.hanssem.com/hsimg/gds/1050/910/910256_A1.jpg?v=20240809095600
1047,1117870,room_2,fur_0003,스케치 엣지 옷장 브릭파우더 90/100cm(높이 216cm),297500,https://image.hanssem.com/hsimg/gds/1050/1117/1117870_A1.jpg?v=20250905111313
1048,910222,room_2,fur_0003,샘베딩 마일드 거울옷장 80cm(높이216cm) 2단행거형 2종,307900,https://image.hanssem.com/hsimg/gds/1050/910/910222_A1.jpg?v=20241127140726
1049,1066323,room_2,fur_0003,[특가~9/29]샘베딩 무드 옷장세트 120cm (높이194cm) 라운드파우더장형,505800,https://image.hanssem.com/hsimg/gds/1050/1066/1066323_A1.jpg?v=20240806095723
1050,1066305,room_2,fur_0003,샘베딩 무드 옷장 80cm(높이194cm) 서랍형,301900,https://image.hanssem.com/hsimg/gds/1050/1066/1066305_A1.jpg?v=20240806095723
1051,910185,room_2,fur_0003,샘베딩 마일드 옷장 40cm(높이216cm) 1단행거형 2종,154900,https://image.hanssem.com/hsimg/gds/1050/910/910185_A1.jpg?v=20241127140324
1052,910250,room_2,fur_0003,[특가~9/29]샘베딩 마일드 거울옷장세트 120cm(높이216cm) 선반형 2종,474800,https://image.hanssem.com/hsimg/gds/1050/910/910250_A1.jpg?v=20241127141731
1053,811593,room_2,fur_0003,바이엘 소프트 거울옷장세트 크림화이트 데일리서랍형 140cm~350cm(높이216cm) 16종,639000,https://image.hanssem.com/hsimg/gds/1050/811/811593_A1.jpg?v=20250805110342
1054,177197,room_2,fur_0003,샘베딩 베이직 거울옷장 80cm(높이194cm) 2단행거형 4종,239900,https://image.hanssem.com/hsimg/gds/1050/177/177197_A1.jpg?v=20240808140208
1055,1066289,room_2,fur_0003,[특가~9/29]샘베딩 퓨어 옷장세트 160cm (높이194cm) 서랍형,477750,https://image.hanssem.com/hsimg/gds/1050/1066/1066289_A1.jpg?v=20241205133138
1056,566286,room_2,fur_0003,샘베딩 베이직 옷장 80cm(높이194cm) 선반형 4종,229900,https://image.hanssem.com/hsimg/gds/1050/566/566286_A1.jpg?v=20240809095217
1057,811584,room_2,fur_0003,바이엘 소프트 거울옷장세트 크림화이트 140cm~350cm(높이216cm) 16종,560250,https://image.hanssem.com/hsimg/gds/1050/811/811584_A1.jpg?v=20250805105415
1058,1042695,room_2,fur_0003,바이엘 소프트 옷장 크림화이트 90/100cm(높이216cm)데일리서랍형,419520,https://image.hanssem.com/hsimg/gds/1050/1042/1042695_A1.jpg?v=20250723131032
1059,177827,room_2,fur_0003,[특가~9/29]샘베딩 베이직 거울옷장세트 160cm(높이194cm) 행거형 4종,431800,https://image.hanssem.com/hsimg/gds/1050/177/177827_A1.jpg?v=20240808140526
1060,910214,room_2,fur_0003,샘베딩 마일드 옷장 80cm(높이216cm) 선반형 2종,269900,https://image.hanssem.com/hsimg/gds/1050/910/910214_A1.jpg?v=20241127140636
1061,566306,room_2,fur_0003,[특가~9/29]샘베딩 베이직 거울옷장세트 120cm(높이194cm) 선반형 4종,391800,https://image.hanssem.com/hsimg/gds/1050/566/566306_A1.jpg?v=20240809095047
1062,1066286,room_2,fur_0003,[특가~9/29]샘베딩 퓨어 옷장세트 120cm (높이194cm) 거울 멀티장형,379400,https://image.hanssem.com/hsimg/gds/550/1066/1066286_A1.jpg?v=20240806095723
1063,289930,room_2,fur_0003,샘베딩 클로즈 옷장 80cm(높이216cm) 2단행거형 6종,219900,https://image.hanssem.com/hsimg/gds/1050/289/289930_A1.jpg?v=20240808145524
1064,1117869,room_2,fur_0003,스케치 엣지 옷장 브릭파우더 50cm(높이 216cm),189000,https://image.hanssem.com/hsimg/gds/1050/1117/1117869_A1.jpg?v=20250905111312
1065,1066301,room_2,fur_0003,샘베딩 무드 옷장 80cm(높이194cm),241780,https://image.hanssem.com/hsimg/gds/1050/1066/1066301_A1.jpg?v=20240806095723
1066,39650,room_2,fur_0003,샘베딩 베이직 옷장 80cm(높이194cm) 2단행거형 4종,179900,https://image.hanssem.com/hsimg/gds/1050/39/39650_A1.jpg?v=20241205133301
1067,177198,room_2,fur_0003,샘베딩 베이직 거울옷장 80cm(높이194cm) 1단행거형 4종,259900,https://image.hanssem.com/hsimg/gds/1050/177/177198_A1.jpg?v=20240808140057
1068,39565,room_2,fur_0003,[특가~9/29]샘베딩 베이직 옷장세트 120cm(높이194cm) 행거형 4종,301800,https://image.hanssem.com/hsimg/gds/1050/39/39565_A1.jpg?v=20240808094623
1069,1042685,room_2,fur_0003,바이엘 채널 옷장 화이트 90/100cm(높이216cm),256800,https://image.hanssem.com/hsimg/gds/1050/1042/1042685_A1.jpg?v=20250723110954
1070,566288,room_2,fur_0003,샘베딩 스테디 거울옷장 80cm(높이194cm) 1단행거형 10종,259900,https://image.hanssem.com/hsimg/gds/1050/566/566288_A1.jpg?v=20240923144423
1071,945924,room_2,fur_0003,프레임 클래식 옷장세트 코튼화이트 140cm~350cm(216cm) 16종,513000,https://image.hanssem.com/hsimg/gds/1050/945/945924_A1.jpg?v=20250805112048
1072,811400,room_2,fur_0003,바이엘 채널 옷장세트 화이트 데일리서랍형 140cm~350cm(높이216cm) 16종,543620,https://image.hanssem.com/hsimg/gds/1050/811/811400_A1.jpg?v=20250805111926
1073,1046946,room_2,fur_0003,아트월 콤비옷장 소프트화이트 90/100cm(높이216cm),324720,https://image.hanssem.com/hsimg/gds/1050/1046/1046946_A1.jpg?v=20250702131206
1074,1046951,room_2,fur_0003,아트월 거울옷장 머쉬룸그레이 90/100cm(높이216cm),316800,https://image.hanssem.com/hsimg/gds/1050/1046/1046951_A1.jpg?v=20250702132229
1075,39652,room_2,fur_0003,샘베딩 베이직 옷장 80cm(높이194cm) 1단행거형 4종,199900,https://image.hanssem.com/hsimg/gds/1050/39/39652_A1.jpg?v=20240808095157
1076,262293,room_2,fur_0003,샘베딩 스테디 옷장 40cm(높이194cm) 1단행거형 10종,139900,https://image.hanssem.com/hsimg/gds/1050/262/262293_A1.jpg?v=20250214163950
1077,910259,room_2,fur_0003,샘베딩 마일드 도어 7단(높이216cm) 40cm (몸통미포함) 2종,48000,https://image.hanssem.com/hsimg/gds/1050/910/910259_A1.jpg?v=20241127142446
1078,993509,room_2,fur_0003,내추럴 옷장 90/100cm,404000,https://image.hanssem.com/hsimg/gds/1050/993/993509_A1.jpg?v=20240808135826
1079,289936,room_2,fur_0003,[특가~9/29]샘베딩 클로즈 옷장세트 120cm(높이216cm) 행거형 6종,371800,https://image.hanssem.com/hsimg/gds/1050/289/289936_A1.jpg?v=20240808145051
1080,1046937,room_2,fur_0003,아트월 일반옷장 머쉬룸그레이 50cm(높이216cm),184000,https://image.hanssem.com/hsimg/gds/1050/1046/1046937_A1.jpg?v=20250519101006
1081,675006,room_2,fur_0003,아임빅 슬라이딩 옷장 120cm 선반형 6종,499000,https://image.hanssem.com/hsimg/gds/1050/675/675006_A1.jpg?v=20240809143258
1082,647268,room_2,fur_0003,아임빅 슬라이딩 옷장 100cm 주니어행거형 4종,469000,https://image.hanssem.com/hsimg/gds/1050/647/647268_A1.jpg?v=20240809143931
1083,1066281,room_2,fur_0003,샘베딩 퓨어 수납파우더장 40cm (높이194cm),299900,https://image.hanssem.com/hsimg/gds/1050/1066/1066281_A1.jpg?v=20240812171052
1084,566305,room_2,fur_0003,[특가~9/29]샘베딩 베이직 거울옷장세트 120cm(높이194cm) 서랍형 4종,445800,https://image.hanssem.com/hsimg/gds/1050/566/566305_A1.jpg?v=20240809095138
1085,1066292,room_2,fur_0003,[특가~9/29]샘베딩 퓨어 옷장세트 240cm (높이194cm) 서랍형,690750,https://image.hanssem.com/hsimg/gds/1050/1066/1066292_A1.jpg?v=20241205133404
1086,1066845,room_2,fur_0003,샘베딩 스테디 옷장 40cm(높이194cm),149640,https://image.hanssem.com/hsimg/gds/1050/1066/1066845_A1.jpg?v=20240913090816
1087,1046971,room_2,fur_0003,아트월 거울옷장세트 소프트화이트 비대칭형 140cm~350cm(216cm) 16종,553600,https://image.hanssem.com/hsimg/gds/1050/1046/1046971_A1.jpg?v=20250702135132
1088,289947,room_2,fur_0003,[특가~9/29]샘베딩 클로즈 옷장세트 120cm(높이216cm) 서랍형 6종,453800,https://image.hanssem.com/hsimg/gds/1050/289/289947_A1.jpg?v=20240808145124
1089,1042691,room_2,fur_0003,바이엘 옷장 화이트 50cm(높이216cm),159900,https://image.hanssem.com/hsimg/gds/1050/1042/1042691_A1.jpg?v=20250723132108
1090,1066277,room_2,fur_0003,샘베딩 퓨어 옷장 80cm (높이194cm),218680,https://image.hanssem.com/hsimg/gds/1050/1066/1066277_A1.jpg?v=20241029155301
1091,1046962,room_2,fur_0003,아트월 옷장세트 소프트화이트 대칭형 140cm~350cm(216cm) 16종,531200,https://image.hanssem.com/hsimg/gds/1050/1046/1046962_A1.jpg?v=20250702133704
1092,262301,room_2,fur_0003,[특가~9/29]샘베딩 스테디 옷장세트 120cm(높이194cm) 행거형 10종,321800,https://image.hanssem.com/hsimg/gds/1050/262/262301_A1.jpg?v=20240923144423
1093,289958,room_2,fur_0003,[특가~9/29]샘베딩 스테디 옷장세트 120cm(높이194cm) 서랍형 10종,403800,https://image.hanssem.com/hsimg/gds/1050/289/289958_A1.jpg?v=20240923144423
1094,1046943,room_2,fur_0003,아트월 루버옷장 소프트화이트 90/100cm(높이216cm),355880,https://image.hanssem.com/hsimg/gds/1050/1046/1046943_A1.jpg?v=20250702130042
1095,1066878,room_2,fur_0003,샘베딩 스테디 옷장세트 120cm(높이194cm),331870,https://image.hanssem.com/hsimg/gds/1050/1066/1066878_A1.jpg?v=20240912194429
1096,262299,room_2,fur_0003,샘베딩 스테디 옷장 40cm(높이194cm) 선반형 10종,169900,https://image.hanssem.com/hsimg/gds/1050/262/262299_A1.jpg?v=20250214163950
1097,1046948,room_2,fur_0003,아트월 거울옷장 소프트화이트 90/100cm(높이216cm),316800,https://image.hanssem.com/hsimg/gds/1050/1046/1046948_A1.jpg?v=20250702132026
1098,171722,room_2,fur_0003,샘베딩 베이직 옷장 40cm(높이194cm) 행거서랍형 8종,199900,https://image.hanssem.com/hsimg/gds/1050/171/171722_A1.jpg?v=20240808135754
1099,277074,room_2,fur_0003,피카 갤러리 옷장세트 화이트 140cm~350cm(높이216cm) 16종,529760,https://image.hanssem.com/hsimg/gds/1050/277/277074_A1.jpg?v=20250702150007
1100,1046936,room_2,fur_0003,아트월 일반옷장 소프트화이트 50cm(높이216cm),184000,https://image.hanssem.com/hsimg/gds/1050/1046/1046936_A1.jpg?v=20250702135827
1101,1046972,room_2,fur_0003,아트월 옷장세트 머쉬룸그레이 대칭형 140cm~350cm(216cm) 16종,531200,https://image.hanssem.com/hsimg/gds/1050/1046/1046972_A1.jpg?v=20250702133853
1102,647265,room_2,fur_0003,아임빅 슬라이딩 낮은옷장 120cm 선반형 6종,419000,https://image.hanssem.com/hsimg/gds/1050/647/647265_A1.jpg?v=20250611170359
1103,647351,room_2,fur_0003,아임빅 슬라이딩 낮은옷장 120cm 주니어행거형 6종,399000,https://image.hanssem.com/hsimg/gds/1050/647/647351_A1.jpg?v=20250611170331
1104,811513,room_2,fur_0003,바이엘 소프트 옷장세트 크림화이트 데일리서랍형 140cm~350cm(높이216cm) 16종,591000,https://image.hanssem.com/hsimg/gds/1050/811/811513_A1.jpg?v=20250805110125
1105,566730,room_2,fur_0003,[특가~9/29]샘베딩 베이직 거울옷장세트 160cm(높이194cm) 서랍형 4종,515800,https://image.hanssem.com/hsimg/gds/1050/566/566730_A1.jpg?v=20240809095549
1106,289931,room_2,fur_0003,샘베딩 클로즈 옷장 80cm(높이216cm) 1단행거형 6종,239900,https://image.hanssem.com/hsimg/gds/1050/289/289931_A1.jpg?v=20240808145451
1107,910258,room_2,fur_0003,샘베딩 라이트골드 거울 도어 7단(높이 216cm) 40cm (몸통미포함),146000,https://image.hanssem.com/hsimg/gds/1050/910/910258_A1.jpg?v=20240809095643
1108,566312,room_2,fur_0003,피카 갤러리 거울옷장세트 화이트 140cm~350cm(높이216cm) 16종,634480,https://image.hanssem.com/hsimg/gds/1050/566/566312_A1.jpg?v=20250702122247
1109,910223,room_2,fur_0003,샘베딩 마일드 거울옷장 80cm(높이216cm) 1단행거형 2종,327900,https://image.hanssem.com/hsimg/gds/1050/910/910223_A1.jpg?v=20241127140858
1110,910238,room_2,fur_0003,[특가~9/29]샘베딩 마일드 옷장세트 160cm(높이216cm) 행거형 2종,431800,https://image.hanssem.com/hsimg/gds/1050/910/910238_A1.jpg?v=20241127141157
1111,262292,room_2,fur_0003,샘베딩 스테디 옷장 40cm(높이194cm) 2단행거형 10종,139900,https://image.hanssem.com/hsimg/gds/1050/262/262292_A1.jpg?v=20250214163950
1112,1046973,room_2,fur_0003,아트월 옷장세트 머쉬룸그레이 비대칭형 140cm~350cm(216cm) 16종,500800,https://image.hanssem.com/hsimg/gds/1050/1046/1046973_A1.jpg?v=20250702134623
1113,993508,room_2,fur_0003,내추럴 옷장 45/50cm,250000,https://image.hanssem.com/hsimg/gds/1050/993/993508_A1.jpg?v=20240808135732
1114,1050284,room_2,fur_0003,로렌 크림 옷장 90/100cm (높이216cm),274400,https://image.hanssem.com/hsimg/gds/1050/1050/1050284_A1.jpg?v=20250702150419
1115,171724,room_2,fur_0003,샘베딩 베이직 옷장 40cm(높이194cm) 선반서랍형 8종,219900,https://image.hanssem.com/hsimg/gds/1050/171/171724_A1.jpg?v=20240808135914
1116,1066880,room_2,fur_0003,[특가~9/29]샘베딩 스테디 옷장세트 120cm(높이194cm) 거울 멀티장형,375800,https://image.hanssem.com/hsimg/gds/1050/1066/1066880_A1.jpg?v=20240913081609
1117,1066274,room_2,fur_0003,샘베딩 퓨어 도어 40cm(높이194cm)(몸통미포함),49000,https://image.hanssem.com/hsimg/gds/1050/1066/1066274_A1.jpg?v=20240806095722
1118,892133,room_2,fur_0003,샘베딩 클로즈 옷장 40cm(높이216cm) 행거서랍형 6종,219900,https://image.hanssem.com/hsimg/gds/1050/892/892133_A1.jpg?v=20240809135156
1119,1046940,room_2,fur_0003,아트월 일반옷장 머쉬룸그레이 90/100cm(높이216cm),286400,https://image.hanssem.com/hsimg/gds/1050/1046/1046940_A1.jpg?v=20250702125905
1120,1066852,room_2,fur_0003,샘베딩 스테디 거울옷장 80cm(높이194cm) 서랍형,327900,https://image.hanssem.com/hsimg/gds/1050/1066/1066852_A1.jpg?v=20240912194429
1121,1046979,room_2,fur_0003,프레임 클래식 옷장 코튼화이트 90/100cm(높이216cm),330720,https://image.hanssem.com/hsimg/gds/1050/1046/1046979_A1.jpg?v=20250702140319
1122,1066321,room_2,fur_0003,[특가~9/29]샘베딩 무드 옷장세트 120cm (높이194cm) 서랍형,437340,https://image.hanssem.com/hsimg/gds/1050/1066/1066321_A1.jpg?v=20240812182834
1123,892138,room_2,fur_0003,샘베딩 거울옷장 40cm(높이216cm) 2단행거형 2종,231900,https://image.hanssem.com/hsimg/gds/1050/892/892138_A1.jpg?v=20240809133403
1124,1046975,room_2,fur_0003,아트월 거울옷장세트 머쉬룸그레이 비대칭형 140cm~350cm(216cm) 16종,553600,https://image.hanssem.com/hsimg/gds/1050/1046/1046975_A1.jpg?v=20250702135306
1125,868245,room_2,fur_0003,샘베딩 클로즈 옷장 40cm(높이216cm) 선반형 6종,179900,https://image.hanssem.com/hsimg/gds/1050/868/868245_A1.jpg?v=20240809134911
1126,1046978,room_2,fur_0003,프레임 클래식 옷장 코튼화이트 50cm(높이216cm),190760,https://image.hanssem.com/hsimg/gds/1050/1046/1046978_A1.jpg?v=20250702140154
1127,289945,room_2,fur_0003,샘베딩 클로즈 옷장 80cm(높이216cm) 행거서랍형 6종,307900,https://image.hanssem.com/hsimg/gds/1050/289/289945_A1.jpg?v=20240808145218
1128,910224,room_2,fur_0003,샘베딩 마일드 파우더장 40cm(높이216cm) 수납형 2종,349900,https://image.hanssem.com/hsimg/gds/1050/910/910224_A1.jpg?v=20240809095243
1129,868244,room_2,fur_0003,샘베딩 클로즈 옷장 40cm(높이216cm) 1단행거형 6종,159900,https://image.hanssem.com/hsimg/gds/1050/868/868244_A1.jpg?v=20240809135006
1130,219660,room_2,fur_0003,바이엘 글로시 거울옷장세트 화이트 하이글로시 140cm~350cm(높이216cm) 16종,582890,https://image.hanssem.com/hsimg/gds/1050/219/219660_A1.jpg?v=20250702145059
1131,566309,room_2,fur_0003,[특가~9/29]샘베딩 클로즈 옷장세트 120cm(높이216cm) 선반형 6종,391800,https://image.hanssem.com/hsimg/gds/1050/566/566309_A1.jpg?v=20240809093442
1132,1066327,room_2,fur_0003,[특가~9/29]샘베딩 무드 옷장세트 240cm (높이194cm) 서랍형,738760,https://image.hanssem.com/hsimg/gds/1050/1066/1066327_A1.jpg?v=20240827133610
1133,910249,room_2,fur_0003,[특가~9/29]샘베딩 마일드 거울옷장세트 120cm(높이216cm) 행거형 2종,454800,https://image.hanssem.com/hsimg/gds/1050/910/910249_A1.jpg?v=20241127141642
1134,1066853,room_2,fur_0003,샘베딩 스테디 수납파우더장 40cm(높이194cm),299900,https://image.hanssem.com/hsimg/gds/1050/1066/1066853_A1.jpg?v=20240913080309
1135,1066290,room_2,fur_0003,[특가~9/29]샘베딩 퓨어 옷장세트 240cm (높이194cm),591840,https://image.hanssem.com/hsimg/gds/1050/1066/1066290_A1.jpg?v=20240806095723
1136,566287,room_2,fur_0003,샘베딩 스테디 거울옷장 80cm(높이194cm) 2단행거형 10종,239900,https://image.hanssem.com/hsimg/gds/1050/566/566287_A1.jpg?v=20240923144423
1137,177194,room_2,fur_0003,샘베딩 거울옷장 40cm(높이194cm) 2단행거형 2종,189900,https://image.hanssem.com/hsimg/gds/1050/177/177194_A1.jpg?v=20240808140403
1138,289948,room_2,fur_0003,[특가~9/29]샘베딩 클로즈 옷장세트 160cm(높이216cm) 서랍형 6종,513800,https://image.hanssem.com/hsimg/gds/1050/289/289948_A1.jpg?v=20240808144948
1139,617712,room_2,fur_0003,[특가~9/29]샘베딩 클로즈 거울옷장세트 120cm(높이216cm) 서랍형 6종,535800,https://image.hanssem.com/hsimg/gds/1050/617/617712_A1.jpg?v=20240809100942
1140,617716,room_2,fur_0003,[특가~9/29]샘베딩 클로즈 거울옷장세트 160cm(높이216cm) 행거형 6종,533800,https://image.hanssem.com/hsimg/gds/1050/617/617716_A1.jpg?v=20240809100916
1141,613375,room_2,fur_0003,[특가~9/29]샘베딩 클로즈 거울옷장세트 120cm(높이216cm) 선반형 6종,473800,https://image.hanssem.com/hsimg/gds/1050/613/613375_A1.jpg?v=20240809100708
1142,1046928,room_2,fur_0003,피카 갤러리 옷장 화이트 50cm(높이216cm),190320,https://image.hanssem.com/hsimg/gds/1050/1046/1046928_A1.jpg?v=20250723132348
1143,892134,room_2,fur_0003,샘베딩 클로즈 옷장 40cm(높이216cm) 선반서랍형 6종,239900,https://image.hanssem.com/hsimg/gds/1050/892/892134_A1.jpg?v=20240809132844
1144,910236,room_2,fur_0003,[특가~9/29]샘베딩 마일드 옷장세트 120cm(높이216cm) 선반형 2종,376800,https://image.hanssem.com/hsimg/gds/1050/910/910236_A1.jpg?v=20241127141053
1145,289937,room_2,fur_0003,[특가~9/29]샘베딩 클로즈 옷장세트 160cm(높이216cm) 행거형 6종,451800,https://image.hanssem.com/hsimg/gds/1050/289/289937_A1.jpg?v=20240808145022
1146,675008,room_2,fur_0003,아임빅 슬라이딩 옷장 120cm 주니어서랍형 6종,609000,https://image.hanssem.com/hsimg/gds/1050/675/675008_A1.jpg?v=20250224172059
1147,892135,room_2,fur_0003,샘베딩 클로즈 거울옷장 40cm(높이216cm) 행거서랍형 6종,285500,https://image.hanssem.com/hsimg/gds/1050/892/892135_A1.jpg?v=20250811131119
1148,387691,room_2,fur_0003,"가방 이탈 방지가드(더블유, 아임빅전용)",9000,https://image.hanssem.com/hsimg/gds/550/387/387691_A1.jpg?v=20231121084653
1149,1042697,room_2,fur_0003,바이엘 소프트 거울옷장 크림화이트 90/100cm(높이216cm),366600,https://image.hanssem.com/hsimg/gds/1050/1042/1042697_A1.jpg?v=20250723131150
1150,1066282,room_2,fur_0003,샘베딩 퓨어 거울 멀티서랍장 40cm (높이194cm),299900,https://image.hanssem.com/hsimg/gds/1050/1066/1066282_A1.jpg?v=20240812171136
1151,1046930,room_2,fur_0003,피카 갤러리 거울옷장 화이트 90/100cm(높이216cm),431200,https://image.hanssem.com/hsimg/gds/1050/1046/1046930_A1.jpg?v=20250723132305
1152,910251,room_2,fur_0003,[특가~9/29]샘베딩 마일드 거울옷장세트 120cm(높이216cm) 서랍형 2종,546800,https://image.hanssem.com/hsimg/gds/1050/910/910251_A1.jpg?v=20240808150757
1153,617722,room_2,fur_0003,[특가~9/29]샘베딩 클로즈 거울옷장세트 240cm(높이216cm) 행거형 6종,749700,https://image.hanssem.com/hsimg/gds/1050/617/617722_A1.jpg?v=20240809100820
1154,566307,room_2,fur_0003,[특가~9/29]샘베딩 스테디 옷장세트 120cm(높이194cm) 선반형 10종,351800,https://image.hanssem.com/hsimg/gds/1050/566/566307_A1.jpg?v=20240923144423
1155,910235,room_2,fur_0003,[특가~9/29]샘베딩 마일드 옷장세트 120cm(높이216cm) 행거형 2종,356800,https://image.hanssem.com/hsimg/gds/1050/910/910235_A1.jpg?v=20241127141008
1156,1042693,room_2,fur_0003,바이엘 소프트 옷장 크림화이트 90/100cm(높이216cm),297180,https://image.hanssem.com/hsimg/gds/1050/1042/1042693_A1.jpg?v=20250702104508
1157,617713,room_2,fur_0003,[특가~9/29]샘베딩 클로즈 거울옷장세트 160cm(높이216cm) 서랍형 6종,595800,https://image.hanssem.com/hsimg/gds/1050/617/617713_A1.jpg?v=20240809100846
1158,910218,room_2,fur_0003,샘베딩 마일드 거울옷장 40cm(높이216cm) 1단행거형 1종,252900,https://image.hanssem.com/hsimg/gds/1050/910/910218_A1.jpg?v=20240809093247
1159,1046968,room_2,fur_0003,아트월 거울옷장세트 소프트화이트 대칭형 140cm~350cm(216cm) 16종,561600,https://image.hanssem.com/hsimg/gds/1050/1046/1046968_A1.jpg?v=20250702134808
1160,868237,room_2,fur_0003,샘베딩 거울옷장 40cm(높이216cm) 1단행거형 2종,237900,https://image.hanssem.com/hsimg/gds/1050/868/868237_A1.jpg?v=20240809135307
1161,1066299,room_2,fur_0003,샘베딩 무드 옷장 40cm(높이194cm),149760,https://image.hanssem.com/hsimg/gds/1050/1066/1066299_A1.jpg?v=20240812171218
1162,39571,room_2,fur_0003,[특가~9/29]샘베딩 베이직 옷장세트 240cm(높이194cm) 행거형 4종,547700,https://image.hanssem.com/hsimg/gds/1050/39/39571_A1.jpg?v=20241205133431
1163,1046938,room_2,fur_0003,아트월 일반옷장 소프트화이트 90/100cm(높이216cm),286400,https://image.hanssem.com/hsimg/gds/1050/1046/1046938_A1.jpg?v=20250702125646
1164,51216,room_2,fur_0003,샘베딩 베이직 도어 6단(높이194cm) 40cm (몸통미포함) 2종,40000,https://image.hanssem.com/hsimg/gds/1050/51/51216_A1.jpg?v=20240808104003
1165,1066294,room_2,fur_0003,샘베딩 무드 도어 40cm(높이194cm)(몸통미포함),65000,https://image.hanssem.com/hsimg/gds/1050/1066/1066294_A1.jpg?v=20240806095723
1166,177195,room_2,fur_0003,샘베딩 거울옷장 40cm(높이194cm) 1단행거형 2종,189900,https://image.hanssem.com/hsimg/gds/1050/177/177195_A1.jpg?v=20240808140322
1167,1066885,room_2,fur_0003,[특가~9/29]샘베딩 스테디 옷장세트 240cm(높이194cm) 서랍형,663000,https://image.hanssem.com/hsimg/gds/1050/1066/1066885_A1.jpg?v=20240912194429
1168,1066882,room_2,fur_0003,샘베딩 스테디 옷장세트 160cm(높이194cm),533000,https://image.hanssem.com/hsimg/gds/1050/1066/1066882_A1.jpg?v=20240912194429
1169,604654,room_2,fur_0003,샘베딩 클로즈 거울옷장 80cm(높이216cm) 1단행거형 6종,321900,https://image.hanssem.com/hsimg/gds/1050/604/604654_A1.jpg?v=20240809100410
1170,262308,room_2,fur_0003,샘베딩 스테디 도어 6단(높이194cm) 40cm (몸통미포함) 4종,50000,https://image.hanssem.com/hsimg/gds/1050/262/262308_A1.jpg?v=20240923144424
1171,910184,room_2,fur_0003,샘베딩 마일드 옷장 40cm(높이216cm) 2단행거형 2종,144900,https://image.hanssem.com/hsimg/gds/1050/910/910184_A1.jpg?v=20241127140245
1172,1066285,room_2,fur_0003,[특가~9/29]샘베딩 퓨어 옷장세트 120cm (높이194cm) 서랍형,422730,https://image.hanssem.com/hsimg/gds/1050/1066/1066285_A1.jpg?v=20250717163133
1173,604651,room_2,fur_0003,샘베딩 스테디 옷장 40cm(높이194cm) 선반서랍형 10종,227900,https://image.hanssem.com/hsimg/gds/1050/604/604651_A1.jpg?v=20250214163950
1174,910241,room_2,fur_0003,[특가~9/29]샘베딩 마일드 옷장세트 240cm(높이216cm) 서랍형 2종,709700,https://image.hanssem.com/hsimg/gds/1050/910/910241_A1.jpg?v=20241127140104
1175,1066847,room_2,fur_0003,샘베딩 스테디 옷장 80cm(높이194cm),221940,https://image.hanssem.com/hsimg/gds/1050/1066/1066847_A1.jpg?v=20240912194429
1176,910255,room_2,fur_0003,[특가~9/29]샘베딩 마일드 거울옷장세트 240cm(높이216cm) 서랍형 2종,807700,https://image.hanssem.com/hsimg/gds/1050/910/910255_A1.jpg?v=20241127140104
1177,1066322,room_2,fur_0003,[특가~9/29]샘베딩 무드 옷장세트 120cm (높이194cm) 거울 멀티장형,405800,https://image.hanssem.com/hsimg/gds/1050/1066/1066322_A1.jpg?v=20240806095723
1178,1046947,room_2,fur_0003,아트월 콤비옷장 머쉬룸그레이 90/100cm(높이216cm),324720,https://image.hanssem.com/hsimg/gds/1050/1046/1046947_A1.jpg?v=20250702131825
1179,1066881,room_2,fur_0003,[특가~9/29]샘베딩 스테디 옷장세트 120cm(높이194cm) 수납파우더장형,465800,https://image.hanssem.com/hsimg/gds/1050/1066/1066881_A1.jpg?v=20240913081609
1180,1046935,room_2,fur_0003,바이엘 글로시 거울옷장 화이트 하이글로시 90/100cm(높이216cm),389600,https://image.hanssem.com/hsimg/gds/1050/1046/1046935_A1.jpg?v=20250723131635
1181,910186,room_2,fur_0003,샘베딩 마일드 옷장 40cm(높이216cm) 선반형 2종,174900,https://image.hanssem.com/hsimg/gds/1050/910/910186_A1.jpg?v=20241127140401
1182,177819,room_2,fur_0003,샘베딩 베이직 옷장세트 120cm(높이194cm) 서랍형 4종,399800,https://image.hanssem.com/hsimg/gds/1050/177/177819_A1.jpg?v=20240808140836
1183,1066284,room_2,fur_0003,[특가~9/29]샘베딩 퓨어 옷장세트 120cm(높이194cm),328500,https://image.hanssem.com/hsimg/gds/1050/1066/1066284_A1.jpg?v=20240812182536
1184,1042690,room_2,fur_0003,바이엘 옷장 화이트 90/100cm(높이216cm),262400,https://image.hanssem.com/hsimg/gds/1050/1042/1042690_A1.jpg?v=20250723131900
1185,1066879,room_2,fur_0003,샘베딩 스테디 옷장세트 120cm(높이194cm) 서랍형,413170,https://image.hanssem.com/hsimg/gds/1050/1066/1066879_A1.jpg?v=20240912194429
1186,1042689,room_2,fur_0003,바이엘 채널 거울옷장 화이트 90/100cm(높이216cm),342400,https://image.hanssem.com/hsimg/gds/1050/1042/1042689_A1.jpg?v=20250723130253
1187,1066287,room_2,fur_0003,[특가~9/29]샘베딩 퓨어 옷장세트 120cm (높이194cm) 수납파우더장형,469400,https://image.hanssem.com/hsimg/gds/1050/1066/1066287_A1.jpg?v=20240806095723
1188,613376,room_2,fur_0003,[특가~9/29]샘베딩 클로즈 거울옷장세트 120cm(높이216cm) 행거형 6종,453800,https://image.hanssem.com/hsimg/gds/1050/613/613376_A1.jpg?v=20240809100633
1189,1046934,room_2,fur_0003,바이엘 글로시 옷장 화이트 하이글로시 90/100cm(높이216cm),292000,https://image.hanssem.com/hsimg/gds/1050/1046/1046934_A1.jpg?v=20250723131531
1190,647267,room_2,fur_0003,아임빅 슬라이딩 옷장 100cm 선반형 4종,479000,https://image.hanssem.com/hsimg/gds/1050/647/647267_A1.jpg?v=20240809144028
1191,177837,room_2,fur_0003,[특가~9/29]샘베딩 베이직 거울옷장세트 240cm(높이194cm) 행거형 4종,607700,https://image.hanssem.com/hsimg/gds/1050/177/177837_A1.jpg?v=20240808140438
1192,1046944,room_2,fur_0003,아트월 루버옷장 머쉬룸그레이 90/100cm(높이216cm),355880,https://image.hanssem.com/hsimg/gds/1050/1046/1046944_A1.jpg?v=20250702131047
1193,387680,room_2,fur_0003,아임빅 슬라이딩 옷장 120cm 서랍형 6종,609000,https://image.hanssem.com/hsimg/gds/1050/387/387680_A1.jpg?v=20250224133033
1194,703620,room_2,fur_0003,바이엘 채널 거울옷장세트 화이트 140cm~350cm(높이216cm) 16종,535150,https://image.hanssem.com/hsimg/gds/1050/703/703620_A1.jpg?v=20250821150747
1195,892119,room_2,fur_0003,샘베딩 스테디 거울옷장 40cm(높이194cm) 행거서랍형 10종,257900,https://image.hanssem.com/hsimg/gds/1050/892/892119_A1.jpg?v=20250214163950
1196,1046929,room_2,fur_0003,피카 갤러리 옷장 화이트 90/100cm(높이216cm),322400,https://image.hanssem.com/hsimg/gds/1050/1046/1046929_A1.jpg?v=20250723132151
1197,177196,room_2,fur_0003,샘베딩 거울옷장 40cm(높이194cm) 선반형 2종,219900,https://image.hanssem.com/hsimg/gds/1050/177/177196_A1.jpg?v=20240808140238
1198,39567,room_2,fur_0003,[특가~9/29]샘베딩 베이직 옷장세트 160cm(높이194cm) 행거형 4종,371800,https://image.hanssem.com/hsimg/gds/1050/39/39567_A1.jpg?v=20240808094538
1199,892136,room_2,fur_0003,샘베딩 클로즈 거울옷장 40cm(높이216cm) 선반서랍형 6종,305500,https://image.hanssem.com/hsimg/gds/1050/892/892136_A1.jpg?v=20240809134039
1200,910225,room_2,fur_0003,샘베딩 마일드 파우더장 40cm(높이216cm) 오픈형 2종,359900,https://image.hanssem.com/hsimg/gds/1050/910/910225_A1.jpg?v=20240809095312
1201,262290,room_2,fur_0003,샘베딩 스테디 옷장 80cm(높이194cm)2단행거형,189900,https://image.hanssem.com/hsimg/gds/1050/262/262290_A1.jpg?v=20250818103748
1202,1046933,room_2,fur_0003,바이엘 글로시 옷장 화이트 하이글로시 50cm(높이216cm),178620,https://image.hanssem.com/hsimg/gds/1050/1046/1046933_A1.jpg?v=20250723131724
1203,604650,room_2,fur_0003,샘베딩 스테디 옷장 40cm(높이194cm) 행거서랍형 10종,207900,https://image.hanssem.com/hsimg/gds/1050/604/604650_A1.jpg?v=20250214163950
1204,289959,room_2,fur_0003,[특가~9/29]샘베딩 스테디 옷장세트 160cm(높이194cm) 서랍형 10종,453800,https://image.hanssem.com/hsimg/gds/1050/289/289959_A1.jpg?v=20241205134032
1205,1066279,room_2,fur_0003,샘베딩 퓨어 거울옷장 80cm (높이194cm),254870,https://image.hanssem.com/hsimg/gds/1050/1066/1066279_A1.jpg?v=20241029155353
1206,1046942,room_2,fur_0003,아트월 루버옷장 머쉬룸그레이 50cm(높이216cm),219760,https://image.hanssem.com/hsimg/gds/1050/1046/1046942_A1.jpg?v=20250519101111
1207,647266,room_2,fur_0003,아임빅 슬라이딩 옷장 100cm 행거형 짧은옷장 8종,449000,https://image.hanssem.com/hsimg/gds/1050/647/647266_A1.jpg?v=20240809144137
1208,868242,room_2,fur_0003,샘베딩 거울옷장 40cm(높이216cm) 선반형 2종,261900,https://image.hanssem.com/hsimg/gds/1050/868/868242_A1.jpg?v=20240809135045
1209,892121,room_2,fur_0003,샘베딩 스테디 거울옷장 40cm(높이194cm) 선반서랍형 10종,277900,https://image.hanssem.com/hsimg/gds/1050/892/892121_A1.jpg?v=20250214163950
1210,262300,room_2,fur_0003,샘베딩 스테디 옷장 80cm(높이194cm) 선반형 10종,249900,https://image.hanssem.com/hsimg/gds/1050/262/262300_A1.jpg?v=20240923144423
1211,1042694,room_2,fur_0003,바이엘 소프트 옷장 크림화이트 50cm(높이216cm),179360,https://image.hanssem.com/hsimg/gds/1050/1042/1042694_A1.jpg?v=20250723131252
1212,214529,room_2,fur_0003,바이엘 글로시 옷장세트 화이트 하이글로시 140cm~350cm(높이216cm) 16종,488950,https://image.hanssem.com/hsimg/gds/1050/214/214529_A1.jpg?v=20250702113742
1213,910239,room_2,fur_0003,[특가~9/29]샘베딩 마일드 옷장세트 160cm(높이216cm) 서랍형 2종,503800,https://image.hanssem.com/hsimg/gds/1050/910/910239_A1.jpg?v=20241127140104
1214,1066611,room_2,fur_0003,샘베딩 퓨어 옷장 80cm (높이194cm) 2단 행거형,193500,https://image.hanssem.com/hsimg/gds/1050/1066/1066611_A1.jpg?v=20241205133617
1215,910212,room_2,fur_0003,샘베딩 마일드 옷장 80cm(높이216cm) 2단행거형 2종,209900,https://image.hanssem.com/hsimg/gds/1050/910/910212_A1.jpg?v=20241127140450
1216,1066310,room_2,fur_0003,샘베딩 무드 거울옷장 80cm(높이194cm),263340,https://image.hanssem.com/hsimg/gds/1050/1066/1066310_A1.jpg?v=20240806095723
1217,1066320,room_2,fur_0003,[특가~9/29]샘베딩 무드 옷장세트 120cm(높이194cm),358430,https://image.hanssem.com/hsimg/gds/1050/1066/1066320_A1.jpg?v=20250717163009
1218,1066325,room_2,fur_0003,[특가~9/29]샘베딩 무드 옷장세트 160cm (높이194cm) 서랍형,509540,https://image.hanssem.com/hsimg/gds/1050/1066/1066325_A1.jpg?v=20240806095723
1219,1072408,room_2,fur_0003,[특가~9/29]샘베딩 스테디 옷장세트 120cm(높이194cm) 거울 멀티서랍장형,465800,https://image.hanssem.com/hsimg/gds/1050/1072/1072408_A1.jpg?v=20250717162742
1220,1050283,room_2,fur_0003,로렌 크림 옷장 50cm (높이216cm),172380,https://image.hanssem.com/hsimg/gds/1050/1050/1050283_A1.jpg?v=20250702150247
1221,892137,room_2,fur_0003,샘베딩 클로즈 거울옷장 80cm(높이216cm) 행거서랍형 6종,373500,https://image.hanssem.com/hsimg/gds/1050/892/892137_A1.jpg?v=20240809133019
1222,177822,room_2,fur_0003,[특가~9/29]샘베딩 베이직 옷장세트 240cm(높이194cm) 서랍형 4종,631700,https://image.hanssem.com/hsimg/gds/1050/177/177822_A1.jpg?v=20240808140703
1223,1046974,room_2,fur_0003,아트월 거울옷장세트 머쉬룸그레이 대칭형 140cm~350cm(216cm) 16종,561600,https://image.hanssem.com/hsimg/gds/1050/1046/1046974_A1.jpg?v=20250702135001
1224,675007,room_2,fur_0003,아임빅 슬라이딩 옷장 120cm 주니어행거형 6종,489000,https://image.hanssem.com/hsimg/gds/1050/675/675007_A1.jpg?v=20240809143211
1225,400542,room_2,fur_0003,아임빅 슬라이딩 옷장 120cm 행거형 짧은옷장 12종,469000,https://image.hanssem.com/hsimg/gds/1050/400/400542_A1.jpg?v=20240809093239
1226,1066850,room_2,fur_0003,샘베딩 스테디 옷장 80cm(높이194cm) 서랍형,277900,https://image.hanssem.com/hsimg/gds/1050/1066/1066850_A1.jpg?v=20240912194429
1227,1066884,room_2,fur_0003,샘베딩 스테디 옷장세트 240cm(높이194cm),578160,https://image.hanssem.com/hsimg/gds/1050/1066/1066884_A1.jpg?v=20240912194429
1228,1066855,room_2,fur_0003,샘베딩 스테디 거울 멀티서랍장 40cm(높이194cm),299900,https://image.hanssem.com/hsimg/gds/1050/1066/1066855_A1.jpg?v=20240913080309
1229,177823,room_2,fur_0003,샘베딩 베이직 거울옷장세트 120cm(높이194cm) 행거형 4종,369800,https://image.hanssem.com/hsimg/gds/1050/177/177823_A1.jpg?v=20240808140627
1230,910220,room_2,fur_0003,샘베딩 마일드 거울옷장 40cm(높이216cm) 선반형 1종,272900,https://image.hanssem.com/hsimg/gds/1050/910/910220_A1.jpg?v=20240809093402
1231,289954,room_2,fur_0003,샘베딩 스테디 옷장 80cm(높이194cm) 행거서랍형 10종,277900,https://image.hanssem.com/hsimg/gds/1050/289/289954_A1.jpg?v=20250214163950
1232,428971,room_2,fur_0003,바이엘 글로시 슬라이딩 옷장 화이트 하이글로시 1600~2000 행거형/수납형(12종/택1),912600,https://image.hanssem.com/hsimg/gds/1050/428/428971_A1.jpg?v=20250403145709
1233,1042688,room_2,fur_0003,바이엘 채널 옷장 화이트 90/100cm(높이216cm) 데일리서랍형,390780,https://image.hanssem.com/hsimg/gds/1050/1042/1042688_A1.jpg?v=20250723130202
1234,39566,room_2,fur_0003,샘베딩 베이직 옷장세트 120cm(높이194cm) 선반형 4종,339800,https://image.hanssem.com/hsimg/gds/550/39/39566_A1.jpg?v=20240808094756
1235,617720,room_2,fur_0003,[특가~9/29]샘베딩 클로즈 거울옷장세트 240cm(높이216cm) 서랍형 6종,811700,https://image.hanssem.com/hsimg/gds/1050/617/617720_A1.jpg?v=20240809100753
1236,1066278,room_2,fur_0003,샘베딩 퓨어 옷장 80cm (높이194cm) 서랍형,296780,https://image.hanssem.com/hsimg/gds/1050/1066/1066278_A1.jpg?v=20241029155035
1237,647264,room_2,fur_0003,아임빅 슬라이딩 낮은옷장 120cm 행거형 6종,399000,https://image.hanssem.com/hsimg/gds/1050/647/647264_A1.jpg?v=20250611170423
1238,1046941,room_2,fur_0003,아트월 루버옷장 소프트화이트 50cm(높이216cm),219760,https://image.hanssem.com/hsimg/gds/1050/1046/1046941_A1.jpg?v=20250519101039
1239,39648,room_2,fur_0003,샘베딩 베이직 옷장 40cm(높이194cm) 1단행거형 4종,129900,https://image.hanssem.com/hsimg/gds/1050/39/39648_A1.jpg?v=20240808095549
1240,1117871,room_2,fur_0003,스케치 엣지 옷장 브릭파우더 140cm~350cm(높이216cm) 32종,515200,https://image.hanssem.com/hsimg/gds/1050/1117/1117871_A1.jpg?v=20250910164008
1241,214525,room_2,fur_0003,바이엘 옷장세트 화이트 140cm~350cm(높이216cm) 16종,441980,https://image.hanssem.com/hsimg/gds/1050/214/214525_A1.jpg?v=20250805110601
1242,289949,room_2,fur_0003,[특가~9/29]샘베딩 클로즈 옷장세트 240cm(높이216cm) 서랍형 6종,750700,https://image.hanssem.com/hsimg/gds/1050/289/289949_A1.jpg?v=20240808144853
1243,910237,room_2,fur_0003,[특가~9/29]샘베딩 마일드 옷장세트 120cm(높이216cm) 서랍형 2종,448800,https://image.hanssem.com/hsimg/gds/1050/910/910237_A1.jpg?v=20241127140104
1244,128199,room_2,fur_0003,샘베딩 베이직 옷장 40cm(높이194cm) 2단행거형 4종,129900,https://image.hanssem.com/hsimg/gds/1050/128/128199_A1.jpg?v=20240808110944
1245,604653,room_2,fur_0003,샘베딩 클로즈 거울옷장 80cm(높이216cm) 2단행거형 6종,301900,https://image.hanssem.com/hsimg/gds/1050/604/604653_A1.jpg?v=20240809100442
1246,993869,room_2,fur_0003,조이S 2 슬라이딩 옷장1000,668000,https://image.hanssem.com/hsimg/gds/1050/993/993869_A1.jpg?v=20241205150543
1247,811479,room_2,fur_0003,바이엘 채널 거울옷장세트 화이트 데일리서랍형 140cm~350cm(높이216cm) 16종,616770,https://image.hanssem.com/hsimg/gds/1050/811/811479_A1.jpg?v=20250821150649
1248,262291,room_2,fur_0003,샘베딩 스테디 옷장 80cm(높이194cm) 1단행거형 10종,209900,https://image.hanssem.com/hsimg/gds/1050/262/262291_A1.jpg?v=20250214163950
1249,910194,room_2,fur_0003,샘베딩 마일드 옷장 40cm(높이216cm) 행거서랍형 4종,219900,https://image.hanssem.com/hsimg/gds/1050/910/910194_A1.jpg?v=20240808171727
1250,39649,room_2,fur_0003,샘베딩 베이직 옷장 40cm(높이194cm) 선반형 4종,159900,https://image.hanssem.com/hsimg/gds/1050/39/39649_A1.jpg?v=20240808095423
1251,1066288,room_2,fur_0003,[특가~9/29]샘베딩 퓨어 옷장세트 160cm (높이194cm),403690,https://image.hanssem.com/hsimg/gds/1050/1066/1066288_A1.jpg?v=20240806095723
1252,289932,room_2,fur_0003,샘베딩 클로즈 옷장 80cm(높이216cm) 선반형 6종,279900,https://image.hanssem.com/hsimg/gds/1050/289/289932_A1.jpg?v=20240808145419
1253,892125,room_2,fur_0003,샘베딩 거울옷장 40cm(높이194cm) 수납박스형 2종,283000,https://image.hanssem.com/hsimg/gds/1050/892/892125_A1.jpg?v=20240809135519
1254,910209,room_2,fur_0003,샘베딩 마일드 옷장 40cm(높이216cm) 선반서랍형 4종,239900,https://image.hanssem.com/hsimg/gds/1050/910/910209_A1.jpg?v=20240808172533
1255,993761,room_2,fur_0003,내추럴 옷장세트 270~300cm,1218000,https://image.hanssem.com/hsimg/gds/1050/993/993761_A1.jpg?v=20240808135959
1256,1066276,room_2,fur_0003,샘베딩 퓨어 옷장 40cm (높이194cm),141180,https://image.hanssem.com/hsimg/gds/1050/1066/1066276_A1.jpg?v=20241029155616
1257,910217,room_2,fur_0003,샘베딩 마일드 거울옷장 40cm(높이216cm) 2단행거형 1종,242900,https://image.hanssem.com/hsimg/gds/1050/910/910217_A1.jpg?v=20240808175158
1258,892038,room_2,fur_0003,샘베딩 클로즈 옷장 40cm(높이216cm) 2단행거형 6종,149900,https://image.hanssem.com/hsimg/gds/1050/892/892038_A1.jpg?v=20240809133306
1259,177193,room_2,fur_0003,샘베딩 거울도어 6단(높이194cm) 40cm (몸통미포함),100000,https://image.hanssem.com/hsimg/gds/1050/177/177193_A1.jpg?v=20240808135944
1260,219656,room_2,fur_0003,바이엘 거울옷장세트 화이트 140cm~350cm(높이216cm) 16종,545160,https://image.hanssem.com/hsimg/gds/1050/219/219656_A1.jpg?v=20250805105523
1261,1066326,room_2,fur_0003,[특가~9/29]샘베딩 무드 옷장세트 240cm (높이194cm),665760,https://image.hanssem.com/hsimg/gds/1050/1066/1066326_A1.jpg?v=20240806095723
1262,910260,room_2,fur_0003,샘베딩 부착형 거울(아치형),35000,https://image.hanssem.com/hsimg/gds/1050/910/910260_A1.jpg?v=20240809095908
1263,1066851,room_2,fur_0003,샘베딩 스테디 거울옷장 80cm(높이194cm),260820,https://image.hanssem.com/hsimg/gds/1050/1066/1066851_A1.jpg?v=20240912194429
1264,910253,room_2,fur_0003,[특가~9/29]샘베딩 마일드 거울옷장세트 160cm(높이216cm) 서랍형 2종,615800,https://image.hanssem.com/hsimg/gds/1050/910/910253_A1.jpg?v=20241127140104
1265,775649,room_2,fur_0003,바이엘 소프트 슬라이딩 옷장 크림화이트 1600~2000(12종/택1),929760,https://image.hanssem.com/hsimg/gds/1050/775/775649_A1.jpg?v=20250404111036
1266,262302,room_2,fur_0003,[특가~9/29]샘베딩 스테디 옷장세트 160cm(높이194cm) 행거형 10종,391800,https://image.hanssem.com/hsimg/gds/1050/262/262302_A1.jpg?v=20240923144423
1267,1046967,room_2,fur_0003,아트월 옷장세트 소프트화이트 비대칭형 140cm~350cm(216cm) 16종,500800,https://image.hanssem.com/hsimg/gds/1050/1046/1046967_A1.jpg?v=20250702134221
1268,1042687,room_2,fur_0003,바이엘 채널 옷장 화이트 50cm(높이216cm),159900,https://image.hanssem.com/hsimg/gds/1050/1042/1042687_A1.jpg?v=20250723130352
1269,910240,room_2,fur_0003,[특가~9/29]샘베딩 마일드 옷장세트 240cm(높이216cm) 행거형 2종,637700,https://image.hanssem.com/hsimg/gds/1050/910/910240_A1.jpg?v=20241127141533
1270,910213,room_2,fur_0003,샘베딩 마일드 옷장 80cm(높이216cm) 1단행거형 2종,229900,https://image.hanssem.com/hsimg/gds/1050/910/910213_A1.jpg?v=20241127140529
1271,910254,room_2,fur_0003,[특가~9/29]샘베딩 마일드 거울옷장세트 240cm(높이216cm) 행거형 2종,735700,https://image.hanssem.com/hsimg/gds/1050/910/910254_A1.jpg?v=20241127142215
1272,1066319,room_2,fur_0003,샘베딩 무드 라운드파우더장 40cm (높이194cm),309900,https://image.hanssem.com/hsimg/gds/1050/1066/1066319_A1.jpg?v=20240812171427
1273,1050289,room_2,fur_0003,로렌 크림 옷장세트 140~350cm (높이216cm),465850,https://image.hanssem.com/hsimg/gds/1050/1050/1050289_A1.jpg?v=20250702150539
1274,910216,room_2,fur_0003,샘베딩 마일드 옷장 80cm(높이216cm) 행거서랍형 2종,307900,https://image.hanssem.com/hsimg/gds/1050/910/910216_A1.jpg?v=20240808174940
1275,604652,room_2,fur_0003,샘베딩 스테디 거울옷장 80cm(높이194cm) 행거서랍형 10종,327900,https://image.hanssem.com/hsimg/gds/1050/604/604652_A1.jpg?v=20240923144423
1276,1066612,room_2,fur_0003,샘베딩 무드 옷장 80cm(높이194cm) 2단 행거형,219900,https://image.hanssem.com/hsimg/gds/1050/1066/1066612_A1.jpg?v=20240806095723
1277,910252,room_2,fur_0003,[특가~9/29]샘베딩 마일드 거울옷장세트 160cm(높이216cm) 행거형 2종,529800,https://image.hanssem.com/hsimg/gds/1050/910/910252_A1.jpg?v=20250915104020
1278,1066324,room_2,fur_0003,[특가~9/29]샘베딩 무드 옷장세트 160cm (높이194cm),447490,https://image.hanssem.com/hsimg/gds/1050/1066/1066324_A1.jpg?v=20240806095723
1279,1066313,room_2,fur_0003,샘베딩 무드 수납파우더장 40cm (높이194cm),309900,https://image.hanssem.com/hsimg/gds/1050/1066/1066313_A1.jpg?v=20240812171259
1280,811503,room_2,fur_0003,바이엘 소프트 옷장세트 크림화이트 140cm~350cm(높이216cm) 16종,493500,https://image.hanssem.com/hsimg/gds/1050/811/811503_A1.jpg?v=20250805103054
1281,177820,room_2,fur_0003,[특가~9/29]샘베딩 베이직 옷장세트 160cm(높이194cm) 서랍형 4종,455800,https://image.hanssem.com/hsimg/gds/1050/177/177820_A1.jpg?v=20240808140747
1282,302469,room_2,fur_0003,바이엘 슬라이딩 옷장 화이트 1600~2000 행거형/수납형(12종/택1),830700,https://image.hanssem.com/hsimg/gds/1050/302/302469_A1.jpg?v=20250403145709
1283,1066280,room_2,fur_0003,샘베딩 거울 멀티장 40cm(높이194cm),199900,https://image.hanssem.com/hsimg/gds/1050/1066/1066280_A1.jpg?v=20240912180924
1284,566734,room_2,fur_0003,[특가~9/29]샘베딩 베이직 거울옷장세트 240cm(높이194cm) 서랍형 4종,691700,https://image.hanssem.com/hsimg/gds/1050/566/566734_A1.jpg?v=20240809095518
1285,703619,room_2,fur_0003,바이엘 채널 옷장세트 화이트 140cm~350cm(높이216cm) 16종,452760,https://image.hanssem.com/hsimg/gds/1050/703/703619_A1.jpg?v=20250805102602
1286,1066318,room_2,fur_0003,샘베딩 무드 거울 멀티서랍장 40cm(높이194cm),309900,https://image.hanssem.com/hsimg/gds/1050/1066/1066318_A1.jpg?v=20240812171346
1287,171733,room_2,fur_0003,샘베딩 베이직 옷장 80cm(높이194cm) 행거서랍형 4종,269900,https://image.hanssem.com/hsimg/gds/1050/171/171733_A1.jpg?v=20241205133824
1288,910226,room_2,fur_0003,샘베딩 마일드 컴팩트 4단 서랍장 400 2종,219900,https://image.hanssem.com/hsimg/gds/1050/910/910226_A1.jpg?v=20240809095739
1289,566741,room_2,fur_0003,[특가~9/29]샘베딩 스테디 옷장세트 240cm(높이194cm) 행거형 10종,577700,https://image.hanssem.com/hsimg/gds/1050/566/566741_A1.jpg?v=20240923144423
1290,645165,room_2,fur_0004,[특가~9/29]샘베딩 드레스룸 세트 280cm(높이 216cm) 선반형 2종,472600,https://image.hanssem.com/hsimg/gds/1050/645/645165_A1.jpg?v=20240809111515
1291,657127,room_2,fur_0004,[특가~9/29]샘베딩 드레스룸 세트 120cm(높이 194cm) 행거형 2종,181800,https://image.hanssem.com/hsimg/gds/1050/657/657127_A1.jpg?v=20240809140838
1292,645135,room_2,fur_0004,[특가~9/29]샘베딩 드레스룸 세트 200cm(높이 194cm) 서랍형 2종,407700,https://image.hanssem.com/hsimg/gds/1050/645/645135_A1.jpg?v=20240809112232
1293,39560,room_2,fur_0004,샘베딩 드레스룸 80cm(높이 194cm) 1단행거형 2종,99900,https://image.hanssem.com/hsimg/gds/1050/39/39560_A1.jpg?v=20240808094217
1294,645136,room_2,fur_0004,[특가~9/29]샘베딩 드레스룸 세트 240cm(높이 194cm) 서랍형 2종,387700,https://image.hanssem.com/hsimg/gds/1050/645/645136_A1.jpg?v=20240809112156
1295,645146,room_2,fur_0004,[특가~9/29]샘베딩 드레스룸 세트 120cm(높이 216cm) 선반형 2종,232800,https://image.hanssem.com/hsimg/gds/1050/645/645146_A1.jpg?v=20240809111904
1296,645105,room_2,fur_0004,샘베딩 드레스룸 80cm(높이 194cm) 행거서랍형 2종,205900,https://image.hanssem.com/hsimg/gds/1050/645/645105_A1.jpg?v=20240809112439
1297,645163,room_2,fur_0004,[특가~9/29]샘베딩 드레스룸 세트 240cm(높이 216cm) 행거형 2종,349700,https://image.hanssem.com/hsimg/gds/1050/645/645163_A1.jpg?v=20240809111615
1298,892141,room_2,fur_0004,샘베딩 드레스룸 40cm(높이 216cm) 2단행거형 2종,92900,https://image.hanssem.com/hsimg/gds/1050/892/892141_A1.jpg?v=20240809100407
1299,645145,room_2,fur_0004,[특가~9/29]샘베딩 드레스룸 세트 120cm(높이 216cm) 행거형 2종,212800,https://image.hanssem.com/hsimg/gds/1050/645/645145_A1.jpg?v=20240809111932
1300,171725,room_2,fur_0004,샘베딩 드레스룸 40cm(높이 194cm) 행거서랍형 2종,167900,https://image.hanssem.com/hsimg/gds/1050/171/171725_A1.jpg?v=20240808135310
1301,645138,room_2,fur_0004,[특가~9/29]샘베딩 드레스룸 세트 280cm(높이 194cm) 서랍형 2종,503600,https://image.hanssem.com/hsimg/gds/1050/645/645138_A1.jpg?v=20240809112058
1302,657125,room_2,fur_0004,[특가~9/29]샘베딩 드레스룸 세트 120cm(높이 194cm) 선반형 2종,211800,https://image.hanssem.com/hsimg/gds/1050/657/657125_A1.jpg?v=20240809140932
1303,39559,room_2,fur_0004,샘베딩 드레스룸 80cm(높이 194cm) 2단행거형 2종,99900,https://image.hanssem.com/hsimg/gds/1050/39/39559_A1.jpg?v=20240808094300
1304,645147,room_2,fur_0004,[특가~9/29]샘베딩 드레스룸 세트 160cm(높이 216cm) 행거형 2종,239800,https://image.hanssem.com/hsimg/gds/1050/645/645147_A1.jpg?v=20240809111832
1305,868249,room_2,fur_0004,샘베딩 드레스룸 40cm(높이 216cm) 선반형 2종,122900,https://image.hanssem.com/hsimg/gds/1050/868/868249_A1.jpg?v=20240809100910
1306,892143,room_2,fur_0004,샘베딩 드레스룸 80cm(높이 216cm) 선반형 2종,163900,https://image.hanssem.com/hsimg/gds/1050/892/892143_A1.jpg?v=20240809100230
1307,657131,room_2,fur_0004,[특가~9/29]샘베딩 드레스룸 세트 200cm(높이 194cm) 선반형 2종,307700,https://image.hanssem.com/hsimg/gds/1050/657/657131_A1.jpg?v=20240809141350
1308,39556,room_2,fur_0004,샘베딩 드레스룸 40cm(높이 194cm) 1단행거형 2종,89900,https://image.hanssem.com/hsimg/gds/1050/39/39556_A1.jpg?v=20240808094403
1309,640012,room_2,fur_0004,샘베딩 드레스룸 80cm(높이 216cm) 2단행거형 2종,109900,https://image.hanssem.com/hsimg/gds/1050/640/640012_A1.jpg?v=20240809101731
1310,868248,room_2,fur_0004,샘베딩 드레스룸 40cm(높이 216cm) 1단행거형 2종,102900,https://image.hanssem.com/hsimg/gds/1050/868/868248_A1.jpg?v=20240809100824
1311,128166,room_2,fur_0004,샘베딩 드레스룸 40cm(높이 194cm) 2단행거형 2종,89900,https://image.hanssem.com/hsimg/gds/1050/128/128166_A1.jpg?v=20240808110626
1312,645123,room_2,fur_0004,[특가~9/29]샘베딩 드레스룸 세트 120cm(높이 194cm) 서랍형 2종,281800,https://image.hanssem.com/hsimg/gds/1050/645/645123_A1.jpg?v=20240809112344
1313,171726,room_2,fur_0004,샘베딩 드레스룸 40cm(높이 194cm) 선반서랍형 2종,187900,https://image.hanssem.com/hsimg/gds/1050/171/171726_A1.jpg?v=20240808135232
1314,645137,room_2,fur_0004,[특가~9/29]샘베딩 드레스룸 세트 280cm(높이 194cm) 선반형 2종,403600,https://image.hanssem.com/hsimg/gds/1050/645/645137_A1.jpg?v=20240809112125
1315,640023,room_2,fur_0004,샘베딩 드레스룸 80cm(높이 216cm) 1단행거형 2종,129900,https://image.hanssem.com/hsimg/gds/1050/640/640023_A1.jpg?v=20240809101652
1316,645124,room_2,fur_0004,[특가~9/29]샘베딩 드레스룸 세트 160cm(높이 194cm) 서랍형 2종,291800,https://image.hanssem.com/hsimg/gds/1050/645/645124_A1.jpg?v=20240809112310
1317,657133,room_2,fur_0004,[특가~9/29]샘베딩 드레스룸 세트 200cm(높이 194cm) 행거형 2종,277700,https://image.hanssem.com/hsimg/gds/1050/657/657133_A1.jpg?v=20240809141154
1318,657130,room_2,fur_0004,[특가~9/29]샘베딩 드레스룸 세트 160cm(높이 194cm) 행거형 2종,191800,https://image.hanssem.com/hsimg/gds/1050/657/657130_A1.jpg?v=20240809141015
1319,657141,room_2,fur_0004,[특가~9/29]샘베딩 드레스룸 세트 240cm(높이 194cm) 행거형 2종,287700,https://image.hanssem.com/hsimg/gds/1050/657/657141_A1.jpg?v=20240809141450
1320,645161,room_2,fur_0004,[특가~9/29]샘베딩 드레스룸 세트 200cm(높이 216cm) 선반형 2종,362700,https://image.hanssem.com/hsimg/gds/1050/645/645161_A1.jpg?v=20240809111730
1321,39557,room_2,fur_0004,샘베딩 드레스룸 40cm(높이 194cm) 선반형 2종,119900,https://image.hanssem.com/hsimg/gds/1050/39/39557_A1.jpg?v=20240808094336
1322,892140,room_2,fur_0004,샘베딩 드레스룸 80cm(높이 194cm) 선반형 2종,149900,https://image.hanssem.com/hsimg/gds/1050/892/892140_A1.jpg?v=20240809100612
1323,973717,room_2,fur_0005,아트월 옷장 엔드판넬(EP) 2종/택1,119100,https://image.hanssem.com/hsimg/gds/1050/973/973717_A1.jpg?v=20250519105111
1324,945925,room_2,fur_0005,프레임 클래식 옷장 엔드판넬(EP),119100,https://image.hanssem.com/hsimg/gds/1050/945/945925_A1.jpg?v=20250519105111
1325,274706,room_2,fur_0006,샘베딩 스테디 서랍장 5단 600 멀티형 2종,259900,https://image.hanssem.com/hsimg/gds/1050/274/274706_A1.jpg?v=20240808144445
1326,99206,room_2,fur_0006,샘베딩 베이직 서랍장 5단 800 4종,215900,https://image.hanssem.com/hsimg/gds/1050/99/99206_A1.jpg?v=20240808110258
1327,269222,room_2,fur_0006,샘베딩 스테디 서랍장 5단 800 4종,199900,https://image.hanssem.com/hsimg/gds/1050/269/269222_A1.jpg?v=20250108133907
1328,1116036,room_2,fur_0006,(아울렛)샘베딩 스테디 서랍장 5단 600 멀티형,216000,https://image.hanssem.com/hsimg/gds/550/1116/1116036_A1.jpg?v=20250912103227
1329,99207,room_2,fur_0006,샘베딩 베이직 서랍장 3단 800 4종,155900,https://image.hanssem.com/hsimg/gds/1050/99/99207_A1.jpg?v=20240808110217
1330,289961,room_2,fur_0006,샘베딩 베이직 서랍장 4단 800 아일랜드형 2종,279900,https://image.hanssem.com/hsimg/gds/1050/289/289961_A1.jpg?v=20250710092204
1331,935955,room_2,fur_0006,샘베딩 마일드 서랍장 3단 800 2종,165900,https://image.hanssem.com/hsimg/gds/1050/935/935955_A1.jpg?v=20241216165943
1332,99208,room_2,fur_0006,샘베딩 베이직 서랍장 3단 + 서랍장 5단 800 4종,371800,https://image.hanssem.com/hsimg/gds/1050/99/99208_A1.jpg?v=20240808110131
1333,935956,room_2,fur_0006,샘베딩 마일드 서랍장 5단 800 2종,239900,https://image.hanssem.com/hsimg/gds/1050/935/935956_A1.jpg?v=20240808141114
1334,269221,room_2,fur_0006,샘베딩 스테디 서랍장 3단 800 4종,145900,https://image.hanssem.com/hsimg/gds/1050/269/269221_A1.jpg?v=20241007131437
1335,1064857,room_3,fur_0000,위드 세라믹 4인 식탁세트 1400(슬림의자4포함),689000,https://image.hanssem.com/hsimg/gds/1050/1064/1064857_A1.jpg?v=20250908100848
1336,185742,room_3,fur_0000,머그 아일랜드 식탁(의자 미포함),229000,https://image.hanssem.com/hsimg/gds/1050/185/185742_A1.jpg?v=20250908100853
1337,823613,room_3,fur_0000,"[특가~9/29]포레 컴포트 4인 베이직세트 (벤치1, PP의자2 포함)",648000,https://image.hanssem.com/hsimg/gds/1050/823/823613_A1.jpg?v=20250908100848
1338,1050985,room_3,fur_0000,도노 어반 리빙다이닝 4인 베이직세트 (130벤치 포함),1470000,https://image.hanssem.com/hsimg/gds/1050/1050/1050985_A1.jpg?v=20250626172558
1339,1084735,room_3,fur_0000,[특가~9/29]위드 세라믹 4인 식탁세트 1400 (위드라운드의자4포함),787000,https://image.hanssem.com/hsimg/gds/1050/1084/1084735_A1.jpg?v=20250908100848
1340,1064855,room_3,fur_0000,위드 세라믹 와이드4인 식탁세트 1600(위드의자4포함),719000,https://image.hanssem.com/hsimg/gds/1050/1064/1064855_A1.jpg?v=20250911100014
1341,1061909,room_3,fur_0000,바흐 701 인칸토 4인 세라믹 식탁 1600 고급형 (의자 미포함),1649000,https://image.hanssem.com/hsimg/gds/1050/1061/1061909_A1.jpg?v=20250901142843
1342,1050989,room_3,fur_0000,도노 어반 리빙다이닝 6인 베이직세트 (180벤치 포함),1684000,https://image.hanssem.com/hsimg/gds/1050/1050/1050989_A1.jpg?v=20250627094319
1343,1118342,room_3,fur_0000,리브업 모션 리빙다이닝 6인 베이직세트(180벤치 포함),1860000,https://image.hanssem.com/hsimg/gds/1050/1118/1118342_A1.jpg?v=20250926151207
1344,1057903,room_3,fur_0000,우디 필로티 원목식탁 6인 1700(의자 미포함),558000,https://image.hanssem.com/hsimg/gds/1050/1057/1057903_A1.jpg?v=20250908100851
1345,865074,room_3,fur_0000,도노 어반 세라믹 식탁세트 와이드4인용(슬림의자4 포함),1172000,https://image.hanssem.com/hsimg/gds/1050/865/865074_A1.jpg?v=20250627093149
1346,655426,room_3,fur_0000,"포레 원목 4인 식탁세트(의자4 포함), DIY",425000,https://image.hanssem.com/hsimg/gds/1050/655/655426_A1.jpg?v=20250908100851
1347,788935,room_3,fur_0000,도노 세라믹 식탁세트 스칸디 6인용(의자4 포함),957000,https://image.hanssem.com/hsimg/gds/1050/788/788935_A1.jpg?v=20250908100847
1348,865079,room_3,fur_0000,도노 세라믹 어반 6인 식탁 (의자미포함),879000,https://image.hanssem.com/hsimg/gds/1050/865/865079_A1.jpg?v=20250627095802
1349,1050986,room_3,fur_0000,"도노 어반 리빙다이닝 4인 라운지세트 (130벤치, 코너벤치 포함)",2195000,https://image.hanssem.com/hsimg/gds/1050/1050/1050986_A1.jpg?v=20250626173459
1350,1024471,room_3,fur_0000,투티 4인 낮은 식탁세트(스틸의자4 포함),758000,https://image.hanssem.com/hsimg/gds/1050/1024/1024471_A1.jpg?v=20250917141646
1351,1064853,room_3,fur_0000,위드 세라믹 6인 식탁 1750(의자미포함),479000,https://image.hanssem.com/hsimg/gds/1050/1064/1064853_A1.jpg?v=20250908100848
1352,993714,room_3,fur_0000,유로 603 일리스 내추럴 식탁 1600,1075000,https://image.hanssem.com/hsimg/gds/1050/993/993714_A1.jpg?v=20250211150117
1353,1050988,room_3,fur_0000,"도노 어반 리빙다이닝 와이드4인 라운지세트 (180벤치, 코너벤치 포함)",2358000,https://image.hanssem.com/hsimg/gds/1050/1050/1050988_A1.jpg?v=20250627091915
1354,1064856,room_3,fur_0000,위드 세라믹 6인 식탁세트 1750(위드의자4포함),749000,https://image.hanssem.com/hsimg/gds/1050/1064/1064856_A1.jpg?v=20250911100014
1355,823610,room_3,fur_0000,"포레 컴포트 6인 베이직세트 (벤치1,PP의자2 포함)",804000,https://image.hanssem.com/hsimg/gds/1050/823/823610_A1.jpg?v=20250908100848
1356,617342,room_3,fur_0000,포레 원목 6인식탁(의자 미포함) DIY,185000,https://image.hanssem.com/hsimg/gds/1050/617/617342_A1.jpg?v=20250908100851
1357,1038783,room_3,fur_0000,라모 스틸 세라믹 6인 식탁세트 (미나의자6 포함),1709000,https://image.hanssem.com/hsimg/gds/1050/1038/1038783_A1.jpg?v=20250808084916
1358,891267,room_3,fur_0000,"(new시즌컬러)  포레 컴포트 6인 베이직세트 (벤치1, 원목의자2 포함)",864000,https://image.hanssem.com/hsimg/gds/1050/891/891267_A1.jpg?v=20250908100848
1359,948299,room_3,fur_0000,미나 스테인리스 원형 4인 1000 식탁,525000,https://image.hanssem.com/hsimg/gds/1050/948/948299_A1.jpg?v=20250908100849
1360,1061828,room_3,fur_0000,라모 원목 4인 세라믹 타원형식탁 1500 (의자미포함),1089000,https://image.hanssem.com/hsimg/gds/1050/1061/1061828_A1.jpg?v=20240708153955
1361,1054794,room_3,fur_0000,도노 내추럴 세라믹 와이드4인 타원식탁세트 (컴피의자4 포함),937000,https://image.hanssem.com/hsimg/gds/1050/1054/1054794_A1.jpg?v=20250908100847
1362,1118338,room_3,fur_0000,"리브업 모션 리빙다이닝 6인 라운지세트(180벤치, 90벤치, 코너벤치 포함)",2710000,https://image.hanssem.com/hsimg/gds/1050/1118/1118338_A1.jpg?v=20250926151207
1363,1118341,room_3,fur_0000,리브업 모션 리빙다이닝 와이드4인 베이직세트(180벤치 포함),1810000,https://image.hanssem.com/hsimg/gds/1050/1118/1118341_A1.jpg?v=20250926151207
1364,909709,room_3,fur_0000,도노 새틴글래스 엣지 4인 식탁세트 (슬림의자4 포함),769000,https://image.hanssem.com/hsimg/gds/1050/909/909709_A1.jpg?v=20250908100848
1365,865078,room_3,fur_0000,도노 세라믹 어반 와이드4인 식탁(의자미포함),828000,https://image.hanssem.com/hsimg/gds/1050/865/865078_A1.jpg?v=20250627093613
1366,819868,room_3,fur_0000,"포레 컴포트 4인 베이직세트 (벤치1, 원목의자2 포함)",739000,https://image.hanssem.com/hsimg/gds/1050/819/819868_A1.jpg?v=20250908100848
1367,993553,room_3,fur_0000,바흐 801 월넛 라이브엣지 식탁1600,2073000,https://image.hanssem.com/hsimg/gds/1050/993/993553_A1.jpg?v=20240823111252
1368,1118302,room_3,fur_0000,리브업 세라믹 6인 모션 테이블 1750,1350000,https://image.hanssem.com/hsimg/gds/1050/1118/1118302_A1.jpg?v=20250926151206
1369,655427,room_3,fur_0000,"포레 원목 4인 식탁 벤치세트(벤치1,의자2 포함), DIY",369000,https://image.hanssem.com/hsimg/gds/1050/655/655427_A1.jpg?v=20250908100851
1370,993560,room_3,fur_0000,유로 603 일리스 브라운 식탁 2000,1194000,https://image.hanssem.com/hsimg/gds/1050/993/993560_A1.jpg?v=20250221095127
1371,891272,room_3,fur_0000,"(new시즌컬러)  포레 컴포트 6인 베이직세트 (벤치1, PP의자2 포함)",804000,https://image.hanssem.com/hsimg/gds/1050/891/891272_A1.jpg?v=20250908100848
1372,943981,room_3,fur_0000,미나 내추럴 분절사각 6인 1800 식탁,379000,https://image.hanssem.com/hsimg/gds/1050/943/943981_A1.jpg?v=20250908100849
1373,943980,room_3,fur_0000,미나 내추럴 타원형 6인 1800 식탁,349000,https://image.hanssem.com/hsimg/gds/1050/943/943980_A1.jpg?v=20250908100849
1374,1038784,room_3,fur_0000,라모 스틸 세라믹 4인 타원식탁세트 (어반의자4 포함),1315000,https://image.hanssem.com/hsimg/gds/1050/1038/1038784_A1.jpg?v=20250808095949
1375,943977,room_3,fur_0000,미나 내추럴 반타원 4인 1400 식탁,305000,https://image.hanssem.com/hsimg/gds/1050/943/943977_A1.jpg?v=20250908100849
1376,1064852,room_3,fur_0000,위드 세라믹 와이드4인 식탁 1600(의자미포함),449000,https://image.hanssem.com/hsimg/gds/1050/1064/1064852_A1.jpg?v=20250908100848
1377,617344,room_3,fur_0000,포레 원목 2인식탁(의자 미포함) DIY,113000,https://image.hanssem.com/hsimg/gds/1050/617/617344_A1.jpg?v=20250908100851
1378,819869,room_3,fur_0000,포레 컴포트 4인 식탁세트 (원목의자4 포함),589000,https://image.hanssem.com/hsimg/gds/1050/819/819869_A1.jpg?v=20250908100848
1379,923650,room_3,fur_0000,미나 스틸 반타원 4인 1400 식탁,279000,https://image.hanssem.com/hsimg/gds/1050/923/923650_A1.jpg?v=20250908100849
1380,891265,room_3,fur_0000,"(new시즌컬러)  포레 컴포트 4인 라운지세트 (벤치1, 코너벤치1, 원목의자2포함)",1094000,https://image.hanssem.com/hsimg/gds/1050/891/891265_A1.jpg?v=20250908100848
1381,655425,room_3,fur_0000,"포레 원목 2인 식탁세트(의자2 포함), DIY",258000,https://image.hanssem.com/hsimg/gds/1050/655/655425_A1.jpg?v=20250911100014
1382,1118300,room_3,fur_0000,리브업 세라믹 와이드 4인 모션 테이블 1600,1280000,https://image.hanssem.com/hsimg/gds/1050/1118/1118300_A1.jpg?v=20250926151206
1383,943973,room_3,fur_0000,미나 내추럴 원형 4인 1000 식탁,219000,https://image.hanssem.com/hsimg/gds/1050/943/943973_A1.jpg?v=20250908100849
1384,923645,room_3,fur_0000,미나 스틸 사각 2인 800 식탁,219000,https://image.hanssem.com/hsimg/gds/1050/923/923645_A1.jpg?v=20250911100014
1385,705827,room_3,fur_0000,도노 세라믹 4인 식탁(의자미포함),509000,https://image.hanssem.com/hsimg/gds/1050/705/705827_A1.jpg?v=20250908100847
1386,823612,room_3,fur_0000,"포레 컴포트 4인 라운지세트 (벤치1, 코너벤치1, PP의자2 포함)",1034000,https://image.hanssem.com/hsimg/gds/1050/823/823612_A1.jpg?v=20250911100014
1387,993171,room_3,fur_0000,유로 503 디아고 세라믹 4인 스틸식탁 1350(의자 미포함),849000,https://image.hanssem.com/hsimg/gds/1050/993/993171_A1.jpg?v=20250901142843
1388,948306,room_3,fur_0000,미나 스테인리스 타원형 6인 1800 식탁,615000,https://image.hanssem.com/hsimg/gds/1050/948/948306_A1.jpg?v=20250908100849
1389,909706,room_3,fur_0000,도노 새틴글래스 엣지 4인 식탁(의자미포함),499000,https://image.hanssem.com/hsimg/gds/550/909/909706_A1.jpg?v=20250908100848
1390,948307,room_3,fur_0000,미나 스테인리스 분절사각 6인 1800 식탁,645000,https://image.hanssem.com/hsimg/gds/1050/948/948307_A1.jpg?v=20250908100849
1391,1057900,room_3,fur_0000,우디 슬릿 6인 2000식탁(의자 미포함),1160000,https://image.hanssem.com/hsimg/gds/1050/1057/1057900_A1.jpg?v=20240424190648
1392,1054788,room_3,fur_0000,도노 내추럴 세라믹 와이드4인 식탁세트 (컴피의자4 포함),937000,https://image.hanssem.com/hsimg/gds/1050/1054/1054788_A1.jpg?v=20250911100014
1393,948304,room_3,fur_0000,미나 스테인리스 타원형 6인 1600 식탁,595000,https://image.hanssem.com/hsimg/gds/1050/948/948304_A1.jpg?v=20250908100849
1394,993746,room_3,fur_0000,바흐 802 리니아 세라믹 식탁 1600,1961000,https://image.hanssem.com/hsimg/gds/1050/993/993746_A1.jpg?v=20250623132447
1395,948301,room_3,fur_0000,미나 스테인리스 사각 4인 1200 식탁,550000,https://image.hanssem.com/hsimg/gds/1050/948/948301_A1.jpg?v=20250908100849
1396,1001675,room_3,fur_0000,도노 내추럴 세라믹 6인 식탁세트(컴피 의자4 포함),957000,https://image.hanssem.com/hsimg/gds/1050/1001/1001675_A1.jpg?v=20250908100847
1397,1024472,room_3,fur_0000,"투티 4인 낮은 식탁세트(스틸의자2, 벤치1 포함)",648000,https://image.hanssem.com/hsimg/gds/1050/1024/1024472_A1.jpg?v=20250917141508
1398,891264,room_3,fur_0000,"(new시즌컬러)  포레 컴포트 4인 베이직세트 (벤치1, 원목의자2 포함)",739000,https://image.hanssem.com/hsimg/gds/1050/891/891264_A1.jpg?v=20250908100848
1399,705828,room_3,fur_0000,도노 세라믹 6인 식탁(의자미포함),559000,https://image.hanssem.com/hsimg/gds/1050/705/705828_A1.jpg?v=20250908100847
1400,1082447,room_3,fur_0000,볼릭 세라믹 와이드4인 식탁 1600(의자 미포함),1139000,https://image.hanssem.com/hsimg/gds/1050/1082/1082447_A1.jpg?v=20250808095949
1401,993752,room_3,fur_0000,유로 604 로쉬 식탁 1200,738000,https://image.hanssem.com/hsimg/gds/1050/993/993752_A1.jpg?v=20250221100957
1402,819865,room_3,fur_0000,"포레 컴포트 6인 베이직세트 (벤치1,원목의자2 포함)",864000,https://image.hanssem.com/hsimg/gds/1050/819/819865_A1.jpg?v=20250908100848
1403,1057902,room_3,fur_0000,우디 필로티 원목식탁 4인 1400(의자 미포함),488000,https://image.hanssem.com/hsimg/gds/1050/1057/1057902_A1.jpg?v=20250908100850
1404,923654,room_3,fur_0000,미나 스틸 분절사각 6인 1800 식탁,359000,https://image.hanssem.com/hsimg/gds/1050/923/923654_A1.jpg?v=20250908100849
1405,909271,room_3,fur_0000,도노 엣지 세라믹 식탁세트 4인용 (슬림의자4 포함),860000,https://image.hanssem.com/hsimg/gds/1050/909/909271_A1.jpg?v=20250908100848
1406,1118344,room_3,fur_0000,리브업 세라믹 모션 리빙다이닝 6인 베이직세트(180벤치 포함),2180000,https://image.hanssem.com/hsimg/gds/1050/1118/1118344_A1.jpg?v=20250926151207
1407,923644,room_3,fur_0000,미나 스틸 원형 2인 800 식탁,219000,https://image.hanssem.com/hsimg/gds/1050/923/923644_A1.jpg?v=20250908100849
1408,920467,room_3,fur_0000,도노 어반 세라믹 식탁세트 6인용(어반의자4 포함),1379000,https://image.hanssem.com/hsimg/gds/1050/920/920467_A1.jpg?v=20250627095111
1409,992775,room_3,fur_0000,바흐 701 인칸토 6인 세라믹 식탁 1800 고급형 (의자 미포함),1949000,https://image.hanssem.com/hsimg/gds/1050/992/992775_A1.jpg?v=20250901142843
1410,948302,room_3,fur_0000,미나 스테인리스 사각 4인 1400 식탁,565000,https://image.hanssem.com/hsimg/gds/1050/948/948302_A1.jpg?v=20250908100849
1411,923648,room_3,fur_0000,미나 스틸 사각 4인 1200 식탁,249000,https://image.hanssem.com/hsimg/gds/1050/923/923648_A1.jpg?v=20250908100849
1412,1114006,room_3,fur_0000,라모 스틸 6인 세라믹 둥근사각형식탁 1750 (의자미포함),875000,https://image.hanssem.com/hsimg/gds/1050/1114/1114006_A1.jpg?v=20250909091351
1413,891268,room_3,fur_0000,"(new시즌컬러)  포레 컴포트 6인 라운지세트 (벤치1, 코너벤치1, 원목의자2 포함)",1219000,https://image.hanssem.com/hsimg/gds/1050/891/891268_A1.jpg?v=20250908100848
1414,788932,room_3,fur_0000,"도노 세라믹 식탁세트 스칸디 4인용(의자2,벤치1 포함)",837000,https://image.hanssem.com/hsimg/gds/1050/788/788932_A1.jpg?v=20250908100847
1415,1038775,room_3,fur_0000,라모 스틸 4인 세라믹 둥근사각형식탁 1600 (의자미포함),835000,https://image.hanssem.com/hsimg/gds/1050/1038/1038775_A1.jpg?v=20250808095949
1416,891270,room_3,fur_0000,"(new시즌컬러)  포레 컴포트 4인 베이직세트 (벤치1, PP의자2 포함)",679000,https://image.hanssem.com/hsimg/gds/1050/891/891270_A1.jpg?v=20250908100848
1417,1064854,room_3,fur_0000,위드 세라믹 4인 식탁세트 1400(위드의자4포함),689000,https://image.hanssem.com/hsimg/gds/1050/1064/1064854_A1.jpg?v=20250908100848
1418,1054793,room_3,fur_0000,도노 내추럴 세라믹 와이드4인 타원식탁세트 (스칸디의자4 포함),937000,https://image.hanssem.com/hsimg/gds/1050/1054/1054793_A1.jpg?v=20250908100847
1419,1057912,room_3,fur_0000,우디 필로티 원목 식탁세트 6인 1700(어반의자4 포함),1473000,https://image.hanssem.com/hsimg/gds/1050/1057/1057912_A1.jpg?v=20240927135100
1420,992773,room_3,fur_0000,바흐 701 인칸토 6인 세라믹 식탁 1800 일반형 (의자 미포함),1433000,https://image.hanssem.com/hsimg/gds/1050/992/992773_A1.jpg?v=20250901142843
1421,1024474,room_3,fur_0000,투티 6인 낮은 식탁세트(스틸의자4 포함),808000,https://image.hanssem.com/hsimg/gds/1050/1024/1024474_A1.jpg?v=20250908100850
1422,891271,room_3,fur_0000,"(new시즌컬러)  포레 컴포트 4인 라운지세트 (벤치1, 코너벤치1, PP의자2 포함)",1034000,https://image.hanssem.com/hsimg/gds/1050/891/891271_A1.jpg?v=20250908100848
1423,819864,room_3,fur_0000,"[특가~9/29]포레 컴포트 6인 라운지세트 (벤치1, 코너벤치1, 원목의자2 포함)",1178000,https://image.hanssem.com/hsimg/gds/1050/819/819864_A1.jpg?v=20250908100848
1424,909272,room_3,fur_0000,도노 엣지 세라믹 식탁세트 와이드4인용 (슬림의자4 포함),920000,https://image.hanssem.com/hsimg/gds/1050/909/909272_A1.jpg?v=20250908100848
1425,819870,room_3,fur_0000,포레 컴포트 6인 식탁 (의자 미포함),289000,https://image.hanssem.com/hsimg/gds/1050/819/819870_A1.jpg?v=20250911100014
1426,928547,room_3,fur_0000,미나 테이블부착형 2구 콘센트,29000,https://image.hanssem.com/hsimg/gds/1050/928/928547_A1.jpg?v=20250205094903
1427,943979,room_3,fur_0000,미나 내추럴 분절사각 6인 1600 식탁,349000,https://image.hanssem.com/hsimg/gds/1050/943/943979_A1.jpg?v=20250908100849
1428,1038778,room_3,fur_0000,라모 스틸 6인 세라믹 타원형식탁 1750 (의자미포함),875000,https://image.hanssem.com/hsimg/gds/1050/1038/1038778_A1.jpg?v=20250808095949
1429,993715,room_3,fur_0000,유로 603 일리스 내추럴 식탁 2000,1194000,https://image.hanssem.com/hsimg/gds/1050/993/993715_A1.jpg?v=20250221095532
1430,270346,room_3,fur_0000,로하 원목 4인식탁(의자 미포함) DIY,159000,https://image.hanssem.com/hsimg/gds/1050/270/270346_A1.jpg?v=20250908100851
1431,923653,room_3,fur_0000,미나 스틸 분절사각 6인 1600 식탁,329000,https://image.hanssem.com/hsimg/gds/1050/923/923653_A1.jpg?v=20250908100849
1432,1061829,room_3,fur_0000,라모 원목 4인 세라믹 식탁 1600 (의자미포함),1119000,https://image.hanssem.com/hsimg/gds/1050/1061/1061829_A1.jpg?v=20240708153955
1433,1024464,room_3,fur_0000,투티 6인 낮은 식탁(의자미포함),368000,https://image.hanssem.com/hsimg/gds/1050/1024/1024464_A1.jpg?v=20250917142347
1434,1057909,room_3,fur_0000,우디 필로티 원목 식탁세트 4인 1400(우디의자4 포함),844000,https://image.hanssem.com/hsimg/gds/1050/1057/1057909_A1.jpg?v=20250908100851
1435,1064858,room_3,fur_0000,위드 세라믹 와이드4인 식탁세트 1600(슬림의자4포함),719000,https://image.hanssem.com/hsimg/gds/1050/1064/1064858_A1.jpg?v=20250911100014
1436,1050987,room_3,fur_0000,도노 어반 리빙다이닝 와이드4인 베이직세트 (180벤치 포함),1633000,https://image.hanssem.com/hsimg/gds/1050/1050/1050987_A1.jpg?v=20250627091427
1437,1084736,room_3,fur_0000,위드 세라믹 와이드 4인 식탁세트 1600 (위드라운드의자4포함),839000,https://image.hanssem.com/hsimg/gds/1050/1084/1084736_A1.jpg?v=20250908100848
1438,909235,room_3,fur_0000,도노 엣지 세라믹 식탁 6인용(의자미포함),689000,https://image.hanssem.com/hsimg/gds/1050/909/909235_A1.jpg?v=20250908100847
1439,920466,room_3,fur_0000,도노 어반 세라믹 식탁세트 와이드4인용(어반의자4 포함),1328000,https://image.hanssem.com/hsimg/gds/1050/920/920466_A1.jpg?v=20250627092325
1440,1054790,room_3,fur_0000,도노 내추럴 세라믹 와이드4인 식탁세트 (스칸디의자2. 벤치1 포함),867000,https://image.hanssem.com/hsimg/gds/1050/1054/1054790_A1.jpg?v=20250908100847
1441,1057910,room_3,fur_0000,우디 필로티 원목 식탁세트 4인 1400(어반의자4 포함),1373000,https://image.hanssem.com/hsimg/gds/1050/1057/1057910_A1.jpg?v=20240927135100
1442,823615,room_3,fur_0000,포레 컴포트 4인 식탁세트 (PP의자4 포함),469000,https://image.hanssem.com/hsimg/gds/1050/823/823615_A1.jpg?v=20250908100848
1443,923647,room_3,fur_0000,미나 스틸 반타원 2인 1000 식탁,229000,https://image.hanssem.com/hsimg/gds/1050/923/923647_A1.jpg?v=20250908100849
1444,992774,room_3,fur_0000,바흐 701 인칸토 4인 세라믹 식탁 1350 고급형 (의자 미포함),1449000,https://image.hanssem.com/hsimg/gds/1050/992/992774_A1.jpg?v=20250901142843
1445,1061830,room_3,fur_0000,라모 원목 6인 세라믹 타원형식탁 1750 (의자미포함),1139000,https://image.hanssem.com/hsimg/gds/1050/1061/1061830_A1.jpg?v=20240708153955
1446,909233,room_3,fur_0000,[55딜]도노 엣지 세라믹 식탁 4인용(의자미포함),550000,https://image.hanssem.com/hsimg/gds/550/909/909233_A1.jpg?v=20250908100847
1447,993753,room_3,fur_0000,유로 604 로쉬 식탁 1600,831000,https://image.hanssem.com/hsimg/gds/1050/993/993753_A1.jpg?v=20250221101103
1448,819866,room_3,fur_0000,포레 컴포트 6인 식탁세트(원목의자4 포함),619000,https://image.hanssem.com/hsimg/gds/1050/819/819866_A1.jpg?v=20250908100848
1449,819871,room_3,fur_0000,포레 컴포트 4인 식탁 (의자 미포함),259000,https://image.hanssem.com/hsimg/gds/1050/819/819871_A1.jpg?v=20250908100849
1450,1082446,room_3,fur_0000,볼릭 세라믹 4인 식탁 1400(의자 미포함),1088000,https://image.hanssem.com/hsimg/gds/1050/1082/1082446_A1.jpg?v=20250808095949
1451,1057899,room_3,fur_0000,우디 슬릿 6인 1700식탁(의자 미포함),966000,https://image.hanssem.com/hsimg/gds/1050/1057/1057899_A1.jpg?v=20250226145238
1452,1024463,room_3,fur_0000,투티 4인 낮은 식탁(의자미포함),318000,https://image.hanssem.com/hsimg/gds/1050/1024/1024463_A1.jpg?v=20250917142439
1453,1118340,room_3,fur_0000,"리브업 세라믹 모션 리빙다이닝 6인 라운지세트(180벤치, 90벤치, 코너벤치 포함)",3030000,https://image.hanssem.com/hsimg/gds/1050/1118/1118340_A1.jpg?v=20250926151207
1454,943976,room_3,fur_0000,미나 내추럴 사각 4인 1400 식탁,305000,https://image.hanssem.com/hsimg/gds/1050/943/943976_A1.jpg?v=20250908100849
1455,909273,room_3,fur_0000,도노 엣지 세라믹 식탁세트 6인용 (슬림의자4 포함),959000,https://image.hanssem.com/hsimg/gds/1050/909/909273_A1.jpg?v=20250911100014
1456,993173,room_3,fur_0000,유로 503 디아고 세라믹 6인 스틸식탁 1800(의자 미포함),979000,https://image.hanssem.com/hsimg/gds/1050/993/993173_A1.jpg?v=20250901143248
1457,999846,room_3,fur_0000,위든 와이드 4인 식탁 1350 (블랙/의자 미포함),359000,https://image.hanssem.com/hsimg/gds/1050/999/999846_A1.jpg?v=20250908100853
1458,920465,room_3,fur_0000,도노 어반 세라믹 식탁세트 4인용(어반의자4 포함),1285000,https://image.hanssem.com/hsimg/gds/1050/920/920465_A1.jpg?v=20250626174012
1459,1084737,room_3,fur_0000,위드 세라믹 6인 식탁세트 1750 (위드라운드의자4포함),869000,https://image.hanssem.com/hsimg/gds/1050/1084/1084737_A1.jpg?v=20250908100848
1460,1118294,room_3,fur_0000,리브업 와이드 4인 모션 테이블 1600,980000,https://image.hanssem.com/hsimg/gds/1050/1118/1118294_A1.jpg?v=20250926151206
1461,1001673,room_3,fur_0000,도노 내추럴 세라믹 4인 식탁세트(컴피 의자4 포함),907000,https://image.hanssem.com/hsimg/gds/1050/1001/1001673_A1.jpg?v=20250908100847
1462,948297,room_3,fur_0000,미나 스테인리스 원형 2인 800 식탁,505000,https://image.hanssem.com/hsimg/gds/1050/948/948297_A1.jpg?v=20250908100849
1463,1118324,room_3,fur_0000,"리브업 모션 리빙다이닝 와이드4인 라운지세트(180벤치, 90벤치, 코너벤치 포함)",2660000,https://image.hanssem.com/hsimg/gds/1050/1118/1118324_A1.jpg?v=20250926151207
1464,655428,room_3,fur_0000,"포레 원목 6인 식탁세트(의자4 포함), DIY",475000,https://image.hanssem.com/hsimg/gds/1050/655/655428_A1.jpg?v=20250908100851
1465,1057915,room_3,fur_0000,우디 필로티 화이트 식탁세트 6인 1700(우디의자4 포함),774000,https://image.hanssem.com/hsimg/gds/1050/1057/1057915_A1.jpg?v=20250908100851
1466,993127,room_3,fur_0000,유로 602 오슬로 4인 식탁 1400 (의자 미포함),636000,https://image.hanssem.com/hsimg/gds/1050/993/993127_A1.jpg?v=20250221094208
1467,993717,room_3,fur_0000,유로603 일리스 세라믹 식탁 2000,1509000,https://image.hanssem.com/hsimg/gds/1050/993/993717_A1.jpg?v=20250901142843
1468,1054779,room_3,fur_0000,도노 내추럴 세라믹 와이드4인 타원식탁 (의자미포함),539000,https://image.hanssem.com/hsimg/gds/1050/1054/1054779_A1.jpg?v=20250908100847
1469,992750,room_3,fur_0000,4인 식탁 유리상판 1400,75000,https://image.hanssem.com/hsimg/gds/1050/992/992750_A1.jpg?v=20240805145608
1470,1057916,room_3,fur_0000,우디 필로티 화이트 식탁세트 6인 1700(어반의자4 포함),1314000,https://image.hanssem.com/hsimg/gds/1050/1057/1057916_A1.jpg?v=20240927105750
1471,1054786,room_3,fur_0000,도노 내추럴 세라믹 와이드4인 식탁세트 (스칸디의자4 포함),937000,https://image.hanssem.com/hsimg/gds/1050/1054/1054786_A1.jpg?v=20250908100847
1472,1082448,room_3,fur_0000,볼릭 세라믹 6인 식탁 1750(의자 미포함),1208000,https://image.hanssem.com/hsimg/gds/1050/1082/1082448_A1.jpg?v=20250808095949
1473,943975,room_3,fur_0000,미나 내추럴 사각 4인 1200 식탁,275000,https://image.hanssem.com/hsimg/gds/1050/943/943975_A1.jpg?v=20250908100849
1474,993754,room_3,fur_0000,유로 604 로쉬 식탁 1800,860000,https://image.hanssem.com/hsimg/gds/1050/993/993754_A1.jpg?v=20250221102122
1475,1038774,room_3,fur_0000,라모 스틸 4인 세라믹 타원형식탁 1500 (의자미포함),815000,https://image.hanssem.com/hsimg/gds/1050/1038/1038774_A1.jpg?v=20250808095949
1476,992755,room_3,fur_0000,유로 503 디아고 4인 세라믹 원목식탁 1350  (의자 미포함),850000,https://image.hanssem.com/hsimg/gds/1050/992/992755_A1.jpg?v=20250901142843
1477,993671,room_3,fur_0000,밀란401 아티산 원목 식탁 1400 4인 식탁,558000,https://image.hanssem.com/hsimg/gds/1050/993/993671_A1.jpg?v=20250806142157
1478,823609,room_3,fur_0000,"[특가~9/29]포레 컴포트 6인 라운지세트 (벤치1, 코너벤치1, PP의자2 포함)",1118000,https://image.hanssem.com/hsimg/gds/1050/823/823609_A1.jpg?v=20250911100014
1479,1038786,room_3,fur_0000,라모 스틸 세라믹 6인 식탁세트 (어반의자6 포함),1625000,https://image.hanssem.com/hsimg/gds/1050/1038/1038786_A1.jpg?v=20250808084916
1480,923651,room_3,fur_0000,미나 스틸 타원형 6인 1600 식탁,299000,https://image.hanssem.com/hsimg/gds/1050/923/923651_A1.jpg?v=20250908100849
1481,1054798,room_3,fur_0000,"도노 내추럴 세라믹 와이드4인 타원식탁세트 (컴피의자2, 벤치1 포함)",867000,https://image.hanssem.com/hsimg/gds/1050/1054/1054798_A1.jpg?v=20250908100847
1482,1057914,room_3,fur_0000,우디 필로티 화이트 식탁세트 4인 1400(어반의자4 포함),1264000,https://image.hanssem.com/hsimg/gds/1050/1057/1057914_A1.jpg?v=20240927105750
1483,993748,room_3,fur_0000,바흐 802 리니아 세라믹 식탁 2000,2244000,https://image.hanssem.com/hsimg/gds/1050/993/993748_A1.jpg?v=20250623132447
1484,1050991,room_3,fur_0000,"도노 어반 리빙다이닝 6인 라운지세트 (180벤치, 코너벤치 포함)",2409000,https://image.hanssem.com/hsimg/gds/1050/1050/1050991_A1.jpg?v=20250627094835
1485,1054778,room_3,fur_0000,도노 내추럴 세라믹 와이드4인 식탁 (의자미포함),539000,https://image.hanssem.com/hsimg/gds/1050/1054/1054778_A1.jpg?v=20250908100847
1486,1057913,room_3,fur_0000,우디 필로티 화이트 식탁세트 4인 1400(우디의자4 포함),764000,https://image.hanssem.com/hsimg/gds/1050/1057/1057913_A1.jpg?v=20250908100851
1487,909640,room_3,fur_0000,도노 엣지 세라믹 식탁세트 와이드4인용(위드의자4 포함),920000,https://image.hanssem.com/hsimg/gds/1050/909/909640_A1.jpg?v=20250908100848
1488,1024475,room_3,fur_0000,"투티 6인 낮은 식탁세트(스틸의자2, 벤치1 포함)",698000,https://image.hanssem.com/hsimg/gds/1050/1024/1024475_A1.jpg?v=20250917141154
1489,1064859,room_3,fur_0000,위드 세라믹  6인 식탁세트 1750(슬림의자4포함),749000,https://image.hanssem.com/hsimg/gds/1050/1064/1064859_A1.jpg?v=20250911100014
1490,909842,room_3,fur_0000,도노 새틴글래스 엣지 4인 식탁 세트 (위드의자4 포함),769000,https://image.hanssem.com/hsimg/gds/1050/909/909842_A1.jpg?v=20250908100848
1491,1118339,room_3,fur_0000,"리브업 세라믹 모션 리빙다이닝 와이드4인 라운지세트(180벤치, 90벤치, 코너벤치 포함)",2960000,https://image.hanssem.com/hsimg/gds/1050/1118/1118339_A1.jpg?v=20250926151207
1492,865073,room_3,fur_0000,도노 어반 세라믹 식탁세트 4인용(슬림의자4 포함),1129000,https://image.hanssem.com/hsimg/gds/1050/865/865073_A1.jpg?v=20250626174450
1493,923655,room_3,fur_0000,미나 다용도트레이 와이드형,48000,https://image.hanssem.com/hsimg/gds/1050/923/923655_A1.jpg?v=20250205094903
1494,823611,room_3,fur_0000,포레 컴포트 6인 식탁세트 (PP의자4 포함),499000,https://image.hanssem.com/hsimg/gds/1050/823/823611_A1.jpg?v=20250908100848
1495,1038781,room_3,fur_0000,라모 스틸 세라믹 4인 타원식탁세트 (미나의자4 포함),1371000,https://image.hanssem.com/hsimg/gds/1050/1038/1038781_A1.jpg?v=20250808095949
1496,1057911,room_3,fur_0000,우디 필로티 원목 식탁세트 6인 1700(우디의자4 포함),914000,https://image.hanssem.com/hsimg/gds/1050/1057/1057911_A1.jpg?v=20250908100851
1497,943978,room_3,fur_0000,미나 내추럴 타원형 6인 1600 식탁,319000,https://image.hanssem.com/hsimg/gds/1050/943/943978_A1.jpg?v=20250908100849
1498,948305,room_3,fur_0000,미나 스테인리스 분절사각 6인 1600 식탁,625000,https://image.hanssem.com/hsimg/gds/1050/948/948305_A1.jpg?v=20250908100849
1499,1001674,room_3,fur_0000,"도노 내추럴 세라믹 4인 식탁세트(컴피 의자2, 벤치1 포함)",837000,https://image.hanssem.com/hsimg/gds/1050/1001/1001674_A1.jpg?v=20250908100847
1500,819867,room_3,fur_0000,"포레 컴포트 4인 라운지세트 (벤치1, 코너벤치1, 원목의자2 포함)",1094000,https://image.hanssem.com/hsimg/gds/1050/819/819867_A1.jpg?v=20250908100848
1501,1024473,room_3,fur_0000,"투티 4인 낮은 식탁세트(스틸의자2, 2인의자1 포함)",733000,https://image.hanssem.com/hsimg/gds/1050/1024/1024473_A1.jpg?v=20250917141332
1502,993172,room_3,fur_0000,유로 503 디아고 세라믹 와이드 4인 스틸식탁 1600(의자 미포함),902000,https://image.hanssem.com/hsimg/gds/1050/993/993172_A1.jpg?v=20250901142843
1503,1054797,room_3,fur_0000,"도노 내추럴 세라믹 와이드4인 타원식탁세트 (스칸디의자2, 벤치1 포함)",867000,https://image.hanssem.com/hsimg/gds/1050/1054/1054797_A1.jpg?v=20250908100847
1504,948300,room_3,fur_0000,미나 스테인리스 반타원 2인 1000 식탁,525000,https://image.hanssem.com/hsimg/gds/1050/948/948300_A1.jpg?v=20250908100849
1505,392156,room_3,fur_0000,베리 라이트 아일랜드식탁 테이블형(2종/택1),508000,https://image.hanssem.com/hsimg/gds/1050/392/392156_A1.jpg?v=20250911100014
1506,1054791,room_3,fur_0000,"도노 내추럴 세라믹 와이드4인 식탁세트  (컴피의자2, 벤치1 포함)",867000,https://image.hanssem.com/hsimg/gds/1050/1054/1054791_A1.jpg?v=20250908100847
1507,909641,room_3,fur_0000,도노 엣지 세라믹 식탁세트 6인용 (위드의자4 포함),959000,https://image.hanssem.com/hsimg/gds/1050/909/909641_A1.jpg?v=20250908100848
1508,948303,room_3,fur_0000,미나 스테인리스 반타원 4인 1400 식탁,565000,https://image.hanssem.com/hsimg/gds/1050/948/948303_A1.jpg?v=20250908100849
1509,1038785,room_3,fur_0000,라모 스틸 세라믹 4인 둥근사각식탁세트 (어반의자4 포함),1335000,https://image.hanssem.com/hsimg/gds/1050/1038/1038785_A1.jpg?v=20250808095949
1510,1040862,room_3,fur_0000,"투티 6인 낮은 식탁세트 (스틸 2인의자1, 벤치1 포함)",673000,https://image.hanssem.com/hsimg/gds/1050/1040/1040862_A1.jpg?v=20250908100850
1511,617343,room_3,fur_0000,포레 원목 4인식탁(의자 미포함) DIY,135000,https://image.hanssem.com/hsimg/gds/1050/617/617343_A1.jpg?v=20250908100851
1512,788931,room_3,fur_0000,도노 세라믹 식탁세트 스칸디 4인용(의자4 포함),907000,https://image.hanssem.com/hsimg/gds/1050/788/788931_A1.jpg?v=20250908100847
1513,923652,room_3,fur_0000,미나 스틸 타원형 6인 1800 식탁,329000,https://image.hanssem.com/hsimg/gds/1050/923/923652_A1.jpg?v=20250908100849
1514,1118298,room_3,fur_0000,리브업 6인 모션 테이블 1750,1030000,https://image.hanssem.com/hsimg/gds/1050/1118/1118298_A1.jpg?v=20250926151206
1515,943974,room_3,fur_0000,미나 내추럴 반타원 2인 1000 식탁,219000,https://image.hanssem.com/hsimg/gds/1050/943/943974_A1.jpg?v=20250908100849
1516,865077,room_3,fur_0000,도노 세라믹 어반 4인 식탁(의자미포함),785000,https://image.hanssem.com/hsimg/gds/1050/865/865077_A1.jpg?v=20250626174744
1517,993716,room_3,fur_0000,유로 603 일리스 세라믹 식탁  1600,1200000,https://image.hanssem.com/hsimg/gds/1050/993/993716_A1.jpg?v=20250901142843
1518,993749,room_3,fur_0000,바흐 802 리니아 세라믹 식탁 2000 와이드,2885000,https://image.hanssem.com/hsimg/gds/1050/993/993749_A1.jpg?v=20250926160401
1519,1114005,room_3,fur_0000,라모 스틸 4인 세라믹 둥근사각형식탁 1350 (의자미포함),815000,https://image.hanssem.com/hsimg/gds/1050/1114/1114005_A1.jpg?v=20250808112655
1520,993128,room_3,fur_0000,유로 602 오슬로 6인 식탁 1800(의자 미포함),713000,https://image.hanssem.com/hsimg/gds/1050/993/993128_A1.jpg?v=20250806141945
1521,1057905,room_3,fur_0000,우디 필로티 화이트식탁 6인 1700(의자 미포함),418000,https://image.hanssem.com/hsimg/gds/1050/1057/1057905_A1.jpg?v=20250908100851
1522,1118343,room_3,fur_0000,리브업 세라믹 모션 리빙다이닝 와이드4인 베이직세트(180벤치 포함),2110000,https://image.hanssem.com/hsimg/gds/1050/1118/1118343_A1.jpg?v=20250926151207
1523,865076,room_3,fur_0000,도노 어반 세라믹 식탁세트 6인용(슬림의자4 포함),1223000,https://image.hanssem.com/hsimg/gds/1050/865/865076_A1.jpg?v=20250627095421
1524,923649,room_3,fur_0000,미나 스틸 사각 4인 1400 식탁,279000,https://image.hanssem.com/hsimg/gds/1050/923/923649_A1.jpg?v=20250908100849
1525,948298,room_3,fur_0000,미나 스테인리스 사각 2인 800 식탁,505000,https://image.hanssem.com/hsimg/gds/1050/948/948298_A1.jpg?v=20250908100849
1526,909639,room_3,fur_0000,도노 엣지 세라믹 식탁세트 4인용(위드의자4 포함),860000,https://image.hanssem.com/hsimg/gds/1050/909/909639_A1.jpg?v=20250908100848
1527,923646,room_3,fur_0000,미나 스틸 원형 4인 1000 식탁,229000,https://image.hanssem.com/hsimg/gds/1050/923/923646_A1.jpg?v=20250908100849
1528,788936,room_3,fur_0000,"도노 세라믹 식탁세트 스칸디 6인용(의자2,벤치1 포함)",887000,https://image.hanssem.com/hsimg/gds/1050/788/788936_A1.jpg?v=20250908100847
1529,1040861,room_3,fur_0000,"투티 4인 낮은 식탁세트 (스틸 2인의자1, 벤치1 포함)",623000,https://image.hanssem.com/hsimg/gds/1050/1040/1040861_A1.jpg?v=20250917140307
1530,909234,room_3,fur_0000,도노 엣지 세라믹 식탁 와이드4인용(의자미포함),650000,https://image.hanssem.com/hsimg/gds/550/909/909234_A1.jpg?v=20250908100847
1531,992756,room_3,fur_0000,유로 503 디아고 6인 세라믹 원목식탁 1800 (의자 미포함),1085000,https://image.hanssem.com/hsimg/gds/1050/992/992756_A1.jpg?v=20250212155903
1532,943972,room_3,fur_0000,미나 내추럴 사각 2인 800 식탁,209000,https://image.hanssem.com/hsimg/gds/1050/943/943972_A1.jpg?v=20250908100849
1533,1001676,room_3,fur_0000,"도노 내추럴 세라믹 6인 식탁세트(컴피 의자2, 벤치1 포함)",887000,https://image.hanssem.com/hsimg/gds/1050/1001/1001676_A1.jpg?v=20250908100847
1534,1064851,room_3,fur_0000,위드 세라믹 4인 식탁 1400(의자미포함),419000,https://image.hanssem.com/hsimg/gds/1050/1064/1064851_A1.jpg?v=20250908100848
1535,1057904,room_3,fur_0000,우디 필로티 화이트식탁 4인 1400(의자 미포함),408000,https://image.hanssem.com/hsimg/gds/1050/1057/1057904_A1.jpg?v=20250908100851
1536,1038782,room_3,fur_0000,라모 스틸 세라믹 4인 둥근사각식탁세트 (미나의자4 포함),1391000,https://image.hanssem.com/hsimg/gds/1050/1038/1038782_A1.jpg?v=20250808095949
1537,1010805,room_3,fur_0000,도노 내추럴 세라믹 4인 쉘베이지 상판 식탁세트(컴피 의자4 포함),907000,https://image.hanssem.com/hsimg/gds/1050/1010/1010805_A1.jpg?v=20250822181956
1538,923656,room_3,fur_0000,미나 다용도트레이 라운드형,42000,https://image.hanssem.com/hsimg/gds/1050/923/923656_A1.jpg?v=20250205094903
1539,891273,room_3,fur_0000,"[특가~9/29](new시즌컬러)  포레 컴포트 6인 라운지세트 (벤치1, 코너벤치1, PP의자2 포함)",1118000,https://image.hanssem.com/hsimg/gds/1050/891/891273_A1.jpg?v=20250908100849
1540,1024476,room_3,fur_0000,"투티 6인 낮은 식탁세트(스틸의자2, 2인의자1 포함)",783000,https://image.hanssem.com/hsimg/gds/1050/1024/1024476_A1.jpg?v=20250917141038
1541,1010806,room_3,fur_0000,도노 내추럴 세라믹 6인 쉘베이지 상판 식탁세트(컴피 의자4 포함),957000,https://image.hanssem.com/hsimg/gds/1050/1010/1010806_A1.jpg?v=20250822181956
1542,819872,room_3,fur_0001,포레 컴포트 2인 소파벤치세트 (식탁미포함),670000,https://image.hanssem.com/hsimg/gds/1050/819/819872_A1.jpg?v=20250908100849
1543,1038780,room_3,fur_0001,라모 스틸 식탁의자 (2종/택1),145000,https://image.hanssem.com/hsimg/gds/1050/1038/1038780_A1.jpg?v=20241203092754
1544,891274,room_3,fur_0001,(new 시즌컬러)  포레 컴포트 2인 소파벤치세트 (식탁미포함),670000,https://image.hanssem.com/hsimg/gds/1050/891/891274_A1.jpg?v=20250908100849
1545,891275,room_3,fur_0001,(new 시즌컬러)  포레 컴포트 3인 소파벤치세트 (식탁미포함),765000,https://image.hanssem.com/hsimg/gds/1050/891/891275_A1.jpg?v=20250908100849
1546,447761,room_3,fur_0002,시오 체어 1+1 (4종/택1),49900,https://image.hanssem.com/hsimg/gds/550/447/447761_A1.jpg?v=20250915132052
1547,993750,room_3,fur_0002,바흐802 리니아 슬림 식탁의자,258000,https://image.hanssem.com/hsimg/gds/1050/993/993750_A1.jpg?v=20250221100815
1548,1053453,room_3,fur_0002,(아울렛) 라모 스틸 식탁의자 (2종/택1),87000,https://image.hanssem.com/hsimg/gds/550/1053/1053453_A1.jpg?v=20250923125637
1549,993169,room_3,fur_0002,유로503 디아고 이노레더 식탁의자,104000,https://image.hanssem.com/hsimg/gds/1050/993/993169_A1.jpg?v=20240805154106
1550,1063910,room_3,fur_0002,(아울렛) 어반 크롬의자(3종/택1),88000,https://image.hanssem.com/hsimg/gds/550/1063/1063910_A1.jpg?v=20250923125637
1551,823617,room_3,fur_0002,포레 컴포트 PP 식탁의자(2개입),105000,https://image.hanssem.com/hsimg/gds/1050/823/823617_A1.jpg?v=20250911100014
1552,993755,room_3,fur_0002,유로 604 로쉬 오트밀 라운지벤치1700,836000,https://image.hanssem.com/hsimg/gds/1050/993/993755_A1.jpg?v=20250221102207
1553,630871,room_3,fur_0002,[55딜]모도 높이조절 바체어(3종/택1),55000,https://image.hanssem.com/hsimg/gds/550/630/630871_A1.jpg?v=20250915132053
1554,1061831,room_3,fur_0002,라모 원목 스퀘어 식탁의자,197000,https://image.hanssem.com/hsimg/gds/1050/1061/1061831_A1.jpg?v=20241218153348
1555,993561,room_3,fur_0002,유로 603 일리스 스퀘어 식탁 의자,217000,https://image.hanssem.com/hsimg/gds/1050/993/993561_A1.jpg?v=20250221095439
1556,1118305,room_3,fur_0002,리브업 900 벤치의자,380000,https://image.hanssem.com/hsimg/gds/1050/1118/1118305_A1.jpg?v=20250926151206
1557,1053439,room_3,fur_0002,(아울렛) 유로503 디아고 이노레더 식탁의자,67000,https://image.hanssem.com/hsimg/gds/550/1053/1053439_A1.jpg?v=20250923125637
1558,1121771,room_3,fur_0002,(아울렛) 포레 내추럴 벤치 의자 DIY,66000,https://image.hanssem.com/hsimg/gds/550/1121/1121771_A1.jpg?v=20250923125637
1559,637676,room_3,fur_0002,아망 체어 (3종/택1),55900,https://image.hanssem.com/hsimg/gds/550/637/637676_A1.jpg?v=20250915132053
1560,1024467,room_3,fur_0002,투티 스틸 벤치형 의자(2종/택1),110000,https://image.hanssem.com/hsimg/gds/1050/1024/1024467_A1.jpg?v=20250917142011
1561,992727,room_3,fur_0002,밀란 302 메이 식탁의자 라운드,109000,https://image.hanssem.com/hsimg/gds/1050/992/992727_A1.jpg?v=20240805151507
1562,1118318,room_3,fur_0002,리브업 2520 라운지벤치 세트,1680000,https://image.hanssem.com/hsimg/gds/1050/1118/1118318_A1.jpg?v=20250926151207
1563,993758,room_3,fur_0002,유로604 로쉬 오트밀 식탁의자,121000,https://image.hanssem.com/hsimg/gds/1050/993/993758_A1.jpg?v=20250221105511
1564,1024709,room_3,fur_0002,블랑 체어/스툴 (4종/택1),32900,https://image.hanssem.com/hsimg/gds/550/1024/1024709_A1.jpg?v=20250915132053
1565,918055,room_3,fur_0002,도노 어반 식탁의자(4종/택1),125000,https://image.hanssem.com/hsimg/gds/1050/918/918055_A1.jpg?v=20240806092213
1566,920135,room_3,fur_0002,모노 바체어 스마트패브릭 (화이트/그레이),49900,https://image.hanssem.com/hsimg/gds/550/920/920135_A1.jpg?v=20250915132053
1567,1053444,room_3,fur_0002,(아울렛) 도노 컴피 식탁의자(2개입),163000,https://image.hanssem.com/hsimg/gds/550/1053/1053444_A1.jpg?v=20250923125637
1568,1103567,room_3,fur_0002,라이트 체어 일반형 2P(2종/택1),69900,https://image.hanssem.com/hsimg/gds/1050/1103/1103567_A1.jpg?v=20250915132054
1569,1068560,room_3,fur_0002,[특가~9/29]PP 디자인 스툴(3종/택1),19900,https://image.hanssem.com/hsimg/gds/1050/1068/1068560_A1.jpg?v=20250915132054
1570,819876,room_3,fur_0002,포레 컴포트 코너 벤치의자,355000,https://image.hanssem.com/hsimg/gds/1050/819/819876_A1.jpg?v=20250908100849
1571,374626,room_3,fur_0002,포레 내추럴 벤치 의자 DIY,89000,https://image.hanssem.com/hsimg/gds/1050/374/374626_A1.jpg?v=20250908100851
1572,943982,room_3,fur_0002,미나 라운드 식탁의자(5종/택1),109000,https://image.hanssem.com/hsimg/gds/1050/943/943982_A1.jpg?v=20250908100852
1573,993130,room_3,fur_0002,유로602 오슬로 그레이 컴포트벤치 1600,490000,https://image.hanssem.com/hsimg/gds/1050/993/993130_A1.jpg?v=20250221094550
1574,634099,room_3,fur_0002,1+1 허드 가죽 체어(3종/택1),85900,https://image.hanssem.com/hsimg/gds/550/634/634099_A1.jpg?v=20250915132052
1575,1109148,room_3,fur_0002,(아울렛) 위드 라운드 식탁의자 2개입 (2종/택1),150000,https://image.hanssem.com/hsimg/gds/550/1109/1109148_A1.jpg?v=20250923125637
1576,1053446,room_3,fur_0002,(아울렛) 미나 라운드 식탁의자(5종/택1),75000,https://image.hanssem.com/hsimg/gds/1050/1053/1053446_A1.jpg?v=20250923125637
1577,425873,room_3,fur_0002,허드 가죽 체어(3종/택1),45900,https://image.hanssem.com/hsimg/gds/1050/425/425873_A1.jpg?v=20250915132053
1578,1024465,room_3,fur_0002,투티 스틸 1인 식탁의자(2종/택1),110000,https://image.hanssem.com/hsimg/gds/1050/1024/1024465_A1.jpg?v=20250917142249
1579,993170,room_3,fur_0002,유로503 디아고 이노레더 암체어,125000,https://image.hanssem.com/hsimg/gds/1050/993/993170_A1.jpg?v=20240805154156
1580,993133,room_3,fur_0002,유로602 오슬로 암체어,126000,https://image.hanssem.com/hsimg/gds/1050/993/993133_A1.jpg?v=20250409080829
1581,993756,room_3,fur_0002,유로 604 로쉬 오트밀 라운지 코너벤치  1600,784000,https://image.hanssem.com/hsimg/gds/1050/993/993756_A1.jpg?v=20250221102342
1582,1062634,room_3,fur_0002,(아울렛) 우디 식탁의자(2종/택1),86000,https://image.hanssem.com/hsimg/gds/550/1062/1062634_A1.jpg?v=20250923125637
1583,1001672,room_3,fur_0002,도노 컴피 식탁의자(2개입),199000,https://image.hanssem.com/hsimg/gds/1050/1001/1001672_A1.jpg?v=20250911100014
1584,993680,room_3,fur_0002,밴드 식탁의자 세이지그레이 2개입 PKG,230000,https://image.hanssem.com/hsimg/gds/1050/993/993680_A1.jpg?v=20250213141212
1585,819873,room_3,fur_0002,포레 컴포트 3인 소파벤치세트 (식탁미포함),765000,https://image.hanssem.com/hsimg/gds/1050/819/819873_A1.jpg?v=20250908100849
1586,1117451,room_3,fur_0002,1+1 허드 패브릭 체어(2종/택1),189000,https://image.hanssem.com/hsimg/gds/1050/1117/1117451_A1.jpg?v=20250911102913
1587,1103566,room_3,fur_0002,라이트 체어 2P (일반형/패드형),69900,https://image.hanssem.com/hsimg/gds/1050/1103/1103566_A1.jpg?v=20250915132054
1588,1057917,room_3,fur_0002,우디 식탁의자(2종/택1),95000,https://image.hanssem.com/hsimg/gds/1050/1057/1057917_A1.jpg?v=20250908100850
1589,1050982,room_3,fur_0002,도노 어반 1300 벤치의자,685000,https://image.hanssem.com/hsimg/gds/1050/1050/1050982_A1.jpg?v=20240814144135
1590,992730,room_3,fur_0002,밀란 302 메이 식탁벤치의자 970,163000,https://image.hanssem.com/hsimg/gds/1050/992/992730_A1.jpg?v=20240805145419
1591,1014155,room_3,fur_0002,도노 어반 식탁의자 베이지 2개입,250000,https://image.hanssem.com/hsimg/gds/550/1014/1014155_A1.jpg?v=20241011155519
1592,385684,room_3,fur_0002,로하 원목 6인 와이드 벤치의자 DIY,109000,https://image.hanssem.com/hsimg/gds/1050/385/385684_A1.jpg?v=20250908100851
1593,819874,room_3,fur_0002,포레 컴포트 1100 벤치의자,315000,https://image.hanssem.com/hsimg/gds/1050/819/819874_A1.jpg?v=20250908100849
1594,1117454,room_3,fur_0002,ABS 미니스툴(2종/택1),49900,https://image.hanssem.com/hsimg/gds/1050/1117/1117454_A1.jpg?v=20250919092749
1595,634100,room_3,fur_0002,[특가~9/29]1+1 허드 가죽 바체어(2종/택1),109000,https://image.hanssem.com/hsimg/gds/550/634/634100_A1.jpg?v=20250915132053
1596,993757,room_3,fur_0002,유로 604 로쉬 오트밀 라운지벤치  1200,631000,https://image.hanssem.com/hsimg/gds/1050/993/993757_A1.jpg?v=20250221102452
1597,1080063,room_3,fur_0002,[특가~9/29]PP 디자인 스툴 1+1 (3종/택1),39900,https://image.hanssem.com/hsimg/gds/550/1080/1080063_A1.jpg?v=20250915132052
1598,487623,room_3,fur_0002,위드 식탁의자 2개입(4종/택1),135000,https://image.hanssem.com/hsimg/gds/1050/487/487623_A1.jpg?v=20250908100852
1599,662535,room_3,fur_0002,1+1 아망 체어(3종 택1),109000,https://image.hanssem.com/hsimg/gds/550/662/662535_A1.jpg?v=20250915132052
1600,993718,room_3,fur_0002,유로603 일리스 내추럴 스퀘어 식탁의자,217000,https://image.hanssem.com/hsimg/gds/1050/993/993718_A1.jpg?v=20250221132008
1601,992309,room_3,fur_0002,위든 벤치의자,119000,https://image.hanssem.com/hsimg/gds/1050/992/992309_A1.jpg?v=20250908100853
1602,992329,room_3,fur_0002,로하 6인 식탁벤치의자,151000,https://image.hanssem.com/hsimg/gds/1050/992/992329_A1.jpg?v=20240805144044
1603,1061832,room_3,fur_0002,라모 원목 라운드 식탁의자 (2종/택1),210000,https://image.hanssem.com/hsimg/gds/1050/1061/1061832_A1.jpg?v=20240710084246
1604,993476,room_3,fur_0002,밴드식탁의자,115000,https://image.hanssem.com/hsimg/gds/1050/993/993476_A1.jpg?v=20250314101350
1605,865080,room_3,fur_0002,"도노 슬림 식탁의자(2개입,2종/택1)",135000,https://image.hanssem.com/hsimg/gds/1050/865/865080_A1.jpg?v=20250911100014
1606,1103568,room_3,fur_0002,라이트 체어 패드형 2P (2종/택1),89900,https://image.hanssem.com/hsimg/gds/1050/1103/1103568_A1.jpg?v=20250915132054
1607,1024468,room_3,fur_0002,투티 스툴의자(2종/택1),69000,https://image.hanssem.com/hsimg/gds/1050/1024/1024468_A1.jpg?v=20250917141811
1608,1057918,room_3,fur_0002,어반 크롬의자(3종/택1),150000,https://image.hanssem.com/hsimg/gds/1050/1057/1057918_A1.jpg?v=20240424193559
1609,819877,room_3,fur_0002,포레 컴포트 원목 식탁의자(2개입),165000,https://image.hanssem.com/hsimg/gds/1050/819/819877_A1.jpg?v=20250908100849
1610,1053450,room_3,fur_0002,(아울렛) 유로 604 로쉬 오트밀  식탁의자,76000,https://image.hanssem.com/hsimg/gds/550/1053/1053450_A1.jpg?v=20250923125637
1611,1032624,room_3,fur_0002,투티 내추럴 벤치형 의자,110000,https://image.hanssem.com/hsimg/gds/1050/1032/1032624_A1.jpg?v=20250917140912
1612,1053442,room_3,fur_0002,(아울렛) 도노 어반 식탁의자(4종/택1),61000,https://image.hanssem.com/hsimg/gds/550/1053/1053442_A1.jpg?v=20250923125637
1613,1023568,room_3,fur_0002,라탄체어/스툴,16900,https://image.hanssem.com/hsimg/gds/550/1023/1023568_A1.jpg?v=20250915132052
1614,993132,room_3,fur_0002,유로602 오슬로 식탁의자,115000,https://image.hanssem.com/hsimg/gds/1050/993/993132_A1.jpg?v=20250918141346
1615,1050983,room_3,fur_0002,도노 어반 1800 벤치의자,805000,https://image.hanssem.com/hsimg/gds/1050/1050/1050983_A1.jpg?v=20240814144101
1616,1117450,room_3,fur_0002,허드 패브릭 체어(2종/택1),99000,https://image.hanssem.com/hsimg/gds/1050/1117/1117450_A1.jpg?v=20250911102913
1617,1061354,room_3,fur_0002,(아울렛) 포레 컴포트 원목 식탁의자(2개입),146000,https://image.hanssem.com/hsimg/gds/550/1061/1061354_A1.jpg?v=20250923125637
1618,993759,room_3,fur_0002,유로604 로쉬 오트밀 식탁의자 기능형,142000,https://image.hanssem.com/hsimg/gds/1050/993/993759_A1.jpg?v=20250221111247
1619,1084732,room_3,fur_0002,위드 라운드 식탁의자 2개입 (2종/택1),195000,https://image.hanssem.com/hsimg/gds/1050/1084/1084732_A1.jpg?v=20250908100848
1620,992307,room_3,fur_0002,위든 식탁의자,109000,https://image.hanssem.com/hsimg/gds/1050/992/992307_A1.jpg?v=20250911100014
1621,1117455,room_3,fur_0002,ABS 다용도스툴(2종/택1),69900,https://image.hanssem.com/hsimg/gds/1050/1117/1117455_A1.jpg?v=20250919092902
1622,655429,room_3,fur_0002,미뉴엣 원목 식탁의자(2개입),145000,https://image.hanssem.com/hsimg/gds/1050/655/655429_A1.jpg?v=20250908100852
1623,819875,room_3,fur_0002,포레 컴포트 1650 벤치의자,410000,https://image.hanssem.com/hsimg/gds/1050/819/819875_A1.jpg?v=20250908100849
1624,993131,room_3,fur_0002,유로602 오슬로 그레이 컴포트벤치 코너형1400,563000,https://image.hanssem.com/hsimg/gds/1050/993/993131_A1.jpg?v=20250806142247
1625,1024466,room_3,fur_0002,투티 스틸 2인 식탁의자(2종/택1),195000,https://image.hanssem.com/hsimg/gds/1050/1024/1024466_A1.jpg?v=20250917142127
1626,967126,room_3,fur_0002,[특가~9/29]모던스퀘어 높이조절 바체어 화이트/브라운,45900,https://image.hanssem.com/hsimg/gds/550/967/967126_A1.jpg?v=20250915132053
1627,502261,room_3,fur_0002,[특가~9/29]허드 가죽 바체어 (2종/택1),55000,https://image.hanssem.com/hsimg/gds/550/502/502261_A1.jpg?v=20250915132053
1628,1048589,room_3,fur_0002,1+1 모노 바체어 스마트패브릭,99000,https://image.hanssem.com/hsimg/gds/550/1048/1048589_A1.jpg?v=20250915132053
1629,1118306,room_3,fur_0002,리브업 720 코너 벤치의자,470000,https://image.hanssem.com/hsimg/gds/1050/1118/1118306_A1.jpg?v=20250926151206
1630,1053441,room_3,fur_0002,"(아울렛) 도노 슬림 식탁의자(2개입,2종/택1)",115000,https://image.hanssem.com/hsimg/gds/550/1053/1053441_A1.jpg?v=20250923125637
1631,1118304,room_3,fur_0002,리브업 1800 벤치의자,830000,https://image.hanssem.com/hsimg/gds/1050/1118/1118304_A1.jpg?v=20250926151206
1632,1119166,room_3,fur_0002,도무스 율리아 제니아 식탁의자,240000,https://image.hanssem.com/hsimg/gds/1050/1119/1119166_A1.jpg?v=20250917095320
1633,993557,room_3,fur_0002,바흐 801 스툴 의자,148000,https://image.hanssem.com/hsimg/gds/1050/993/993557_A1.jpg?v=20240805160040
1634,943983,room_3,fur_0002,미나 스툴의자(4종/택1),55000,https://image.hanssem.com/hsimg/gds/1050/943/943983_A1.jpg?v=20250908100852
1635,634370,room_3,fur_0002,[특가~9/29]1+1 모도 높이조절 유압식 바체어 (3종/택1),99000,https://image.hanssem.com/hsimg/gds/550/634/634370_A1.jpg?v=20250915132053
1636,705829,room_3,fur_0002,도노 내추럴 벤치형 의자,129000,https://image.hanssem.com/hsimg/gds/1050/705/705829_A1.jpg?v=20250908100851
1637,1053440,room_3,fur_0002,(아울렛) 유로 602 오슬로 암체어,69000,https://image.hanssem.com/hsimg/gds/550/1053/1053440_A1.jpg?v=20250923125637
1638,1050984,room_3,fur_0002,도노 어반 코너 벤치의자,725000,https://image.hanssem.com/hsimg/gds/1050/1050/1050984_A1.jpg?v=20240627093320
1639,1053436,room_3,fur_0002,(아울렛) 밀란 302 메이 식탁의자 라운드,76000,https://image.hanssem.com/hsimg/gds/550/1053/1053436_A1.jpg?v=20250923125634
1640,788937,room_3,fur_0002,"도노 스칸디 식탁의자(2개입,2종/택1)",209000,https://image.hanssem.com/hsimg/gds/1050/788/788937_A1.jpg?v=20250205094905
1641,767303,room_3,fur_0003,재크플러스 철제 4단 다용도랙 800 (2종/택1),49900,https://image.hanssem.com/hsimg/gds/550/767/767303_A1.jpg?v=20250915132052
1642,613224,room_3,fur_0003,키친온 렌지대 테이블형 낮은장 (2종/택1),465000,https://image.hanssem.com/hsimg/gds/1050/613/613224_A1.jpg?v=20250908100853
1643,954677,room_3,fur_0003,라임 주방수납 가전수납장 80cm (와인잔걸이 포함) (2종 택1),512460,https://image.hanssem.com/hsimg/gds/1050/954/954677_A1.jpg?v=20250908100853
1644,613222,room_3,fur_0003,키친온 렌지대 수납형 낮은장(2종/택1),306000,https://image.hanssem.com/hsimg/gds/1050/613/613222_A1.jpg?v=20250908100853
1645,613221,room_3,fur_0003,키친온 아일랜드 식탁 높이74cm (2종/택1),395000,https://image.hanssem.com/hsimg/gds/1050/613/613221_A1.jpg?v=20250908100853
1646,613228,room_3,fur_0003,키친온 리빙수납장 테이블형 낮은장(2종/택1),609000,https://image.hanssem.com/hsimg/gds/1050/613/613228_A1.jpg?v=20250908100853
1647,883382,room_3,fur_0003,모디 주방수납 카페장 100cm 수납형 12종 택1,426580,https://image.hanssem.com/hsimg/gds/1050/883/883382_A1.jpg?v=20250908100852
1648,883389,room_3,fur_0003,모디 주방수납 아일랜드식탁 120cm (2종 택1),419000,https://image.hanssem.com/hsimg/gds/1050/883/883389_A1.jpg?v=20250908100852
1649,613229,room_3,fur_0003,[55딜]키친온 리빙수납장 테이블형 높은장 (2종/택1),550000,https://image.hanssem.com/hsimg/gds/1050/613/613229_A1.jpg?v=20250908100853
1650,613225,room_3,fur_0003,키친온 렌지대 테이블형 높은장 (2종/택1),569000,https://image.hanssem.com/hsimg/gds/1050/613/613225_A1.jpg?v=20250908100853
1651,928605,room_3,fur_0003,라임 주방수납 단독하부장 80cm (2종 택1),258180,https://image.hanssem.com/hsimg/gds/1050/928/928605_A1.jpg?v=20250908100852
1652,185741,room_3,fur_0003,머그 아일랜드 주방수납장(의자 미포함),209000,https://image.hanssem.com/hsimg/gds/1050/185/185741_A1.jpg?v=20250908100853
1653,883381,room_3,fur_0003,모디 주방수납 카페장 100cm 가전형 (6종 택1),428120,https://image.hanssem.com/hsimg/gds/1050/883/883381_A1.jpg?v=20250908100852
1654,613223,room_3,fur_0003,키친온 렌지대 수납형 높은장 (2종/택1),406000,https://image.hanssem.com/hsimg/gds/1050/613/613223_A1.jpg?v=20250908100853
1655,883388,room_3,fur_0003,모디 주방수납 틈새장 25/30cm (2종 택1),187980,https://image.hanssem.com/hsimg/gds/1050/883/883388_A1.jpg?v=20250911100014
1656,954678,room_3,fur_0003,라임 주방수납 가전수납장 80cm (와인잔걸이 미포함) (2종 택1),485160,https://image.hanssem.com/hsimg/gds/1050/954/954678_A1.jpg?v=20250908100853
1657,883384,room_3,fur_0003,모디 주방수납 하부장 100cm 수납형 (4종 택1),326820,https://image.hanssem.com/hsimg/gds/1050/883/883384_A1.jpg?v=20250908100852
1658,928597,room_3,fur_0003,라임 주방수납 가전수납장 80cm (4종 택1),485160,https://image.hanssem.com/hsimg/gds/1050/928/928597_A1.jpg?v=20250908100852
1659,883385,room_3,fur_0003,모디 주방수납 팬트리장 60cm (6종 택1),319550,https://image.hanssem.com/hsimg/gds/1050/883/883385_A1.jpg?v=20250911100014
1660,883387,room_3,fur_0003,모디 주방수납 코너렌지대 85cm (2종 택1),519000,https://image.hanssem.com/hsimg/gds/1050/883/883387_A1.jpg?v=20250908100852
1661,883386,room_3,fur_0003,모디 주방수납 렌지대 60cm (2종 택1),309000,https://image.hanssem.com/hsimg/gds/1050/883/883386_A1.jpg?v=20250911100014
1662,392155,room_3,fur_0003,베리 라이트 아일랜드 식탁 수납형(2종/택1),398000,https://image.hanssem.com/hsimg/gds/1050/392/392155_A1.jpg?v=20250908100853
1663,613227,room_3,fur_0003,키친온 리빙수납장 수납형 높은장 (2종/택1),459000,https://image.hanssem.com/hsimg/gds/1050/613/613227_A1.jpg?v=20250908100853
1664,928602,room_3,fur_0003,라임 주방수납 카페장 80cm (2종 택1),365040,https://image.hanssem.com/hsimg/gds/1050/928/928602_A1.jpg?v=20250908100852
1665,613226,room_3,fur_0003,키친온 리빙수납장 수납형 낮은장 (2종/택1),409000,https://image.hanssem.com/hsimg/gds/1050/613/613226_A1.jpg?v=20250908100853
1666,928607,room_3,fur_0003,라임 주방수납 렌지대 식탁 60cm (2종 택1) (의자 미포함),495200,https://image.hanssem.com/hsimg/gds/1050/928/928607_A1.jpg?v=20250908100852
1667,14651,room_3,fur_0003,코모 렌지대 화이트,195000,https://image.hanssem.com/hsimg/gds/1050/14/14651_A1.jpg?v=20250911100014
1668,883383,room_3,fur_0003,모디 주방수납 하부장 100cm 가전형,349000,https://image.hanssem.com/hsimg/gds/1050/883/883383_A1.jpg?v=20250908100852
1669,928611,room_3,fur_0003,라임 주방수납 트롤리 55cm,175000,https://image.hanssem.com/hsimg/gds/1050/928/928611_A1.jpg?v=20250908100853
1670,1060154,room_3,fur_0003,[특가~9/29]1+1 모로 3단 트롤리 화이트,35900,https://image.hanssem.com/hsimg/gds/550/1060/1060154_A1.jpg?v=20250915132053
1671,1081939,room_4,fur_0000,스위브 크리모 패브릭 스윙소파 스툴,289000,https://image.hanssem.com/hsimg/gds/1050/1081/1081939_A1.jpg?v=20250109174201
1672,994734,room_4,fur_0000,레이어드 패브릭 소파 2인 부클 원단 (4종/택1),1000000,https://image.hanssem.com/hsimg/gds/1050/994/994734_A1.jpg?v=20250804101312
1673,876536,room_4,fur_0000,노르딕 패브릭소파 3.5인용 코튼베이지,799000,https://image.hanssem.com/hsimg/gds/1050/876/876536_A1.jpg?v=20250804101312
1674,1074780,room_4,fur_0000,(아울렛)MVME 어폰 패브릭 리클라이너 소파 3인(3종/택1),873000,https://image.hanssem.com/hsimg/gds/550/1074/1074780_A1.jpg?v=20250908160713
1675,916928,room_4,fur_0000,프리야 패브릭소파 스툴(2종/택1),269000,https://image.hanssem.com/hsimg/gds/1050/916/916928_A1.jpg?v=20250113101138
1676,1081937,room_4,fur_0000,스위브 크리모 패브릭 스윙소파 4인용,2349000,https://image.hanssem.com/hsimg/gds/1050/1081/1081937_A1.jpg?v=20250909131410
1677,992473,room_4,fur_0000,[20만원 할인]MVME 키안티 천연가죽 리클라이너 3인,2390000,https://image.hanssem.com/hsimg/gds/1050/992/992473_A1.jpg?v=20250904184252
1678,1070294,room_4,fur_0000,플랩 패브릭 소파 3인용 (크림베이지),1508000,https://image.hanssem.com/hsimg/gds/1050/1070/1070294_A1.jpg?v=20241118154332
1679,1098824,room_4,fur_0000,테이즈 천연가죽 소파 4인(3종/택1),1689000,https://image.hanssem.com/hsimg/gds/1050/1098/1098824_A1.jpg?v=20250610141534
1680,993701,room_4,fur_0000,바흐 709 토브 소파 4인용(2종/택1),2748000,https://image.hanssem.com/hsimg/gds/1050/993/993701_A1.jpg?v=20241115145730
1681,1017758,room_4,fur_0000,레이어드 패브릭 소파 2인 에페원단 (2종/택1),1000000,https://image.hanssem.com/hsimg/gds/1050/1017/1017758_A1.jpg?v=20250820154646
1682,1017284,room_4,fur_0000,포네플러스 패브릭소파 등쿠션세트,140000,https://image.hanssem.com/hsimg/gds/1050/1017/1017284_A1.jpg?v=20250414144203
1683,994732,room_4,fur_0000,레이어드 패브릭 소파 코너형 (6종/택1),670000,https://image.hanssem.com/hsimg/gds/1050/994/994732_A1.jpg?v=20250820155531
1684,777040,room_4,fur_0000,밀로 패브릭소파 4인용(2종/택1),899000,https://image.hanssem.com/hsimg/gds/1050/777/777040_A1.jpg?v=20250804101311
1685,1017283,room_4,fur_0000,포네플러스 패브릭소파 좌방석쿠션 스툴형,250000,https://image.hanssem.com/hsimg/gds/1050/1017/1017283_A1.jpg?v=20240219184821
1686,1078433,room_4,fur_0000,MVME 리프 패브릭 리클라이너 4인(2종/택1),2390000,https://image.hanssem.com/hsimg/gds/1050/1078/1078433_A1.jpg?v=20250210104350
1687,1068569,room_4,fur_0000,휴 모드 좌식의자,45900,https://image.hanssem.com/hsimg/gds/1050/1068/1068569_A1.jpg?v=20250915132051
1688,992470,room_4,fur_0000,[14만원 할인]유로 601 키안티  소파 3인용(3종/택1),1590000,https://image.hanssem.com/hsimg/gds/1050/992/992470_A1.jpg?v=20250904184201
1689,904012,room_4,fur_0000,보네르 모듈형 패브릭소파 4인 오픈형(6종/택1),1053500,https://image.hanssem.com/hsimg/gds/1050/904/904012_A1.jpg?v=20250918163854
1690,888245,room_4,fur_0000,보네르 모듈형 패브릭소파 3인 오픈형(4종/택1),729000,https://image.hanssem.com/hsimg/gds/1050/888/888245_A1.jpg?v=20250918164500
1691,1076835,room_4,fur_0000,뉴인피니 모드 크리모 패브릭 3인 소파(2종/택1),1704000,https://image.hanssem.com/hsimg/gds/1050/1076/1076835_A1.jpg?v=20250103142730
1692,993411,room_4,fur_0000,유로 603 리에 소파 펫스텝(2종/택1),215000,https://image.hanssem.com/hsimg/gds/550/993/993411_A1.jpg?v=20240930095217
1693,940021,room_4,fur_0000,노마딕 천연가죽 소파 3인(4종/택1),1699000,https://image.hanssem.com/hsimg/gds/1050/940/940021_A1.jpg?v=20250804101312
1694,1023249,room_4,fur_0000,MVME 프라임 리츠 천연가죽 리클라이너 소파 4인 그레이에디션,1799000,https://image.hanssem.com/hsimg/gds/1050/1023/1023249_A1.jpg?v=20250804101313
1695,786626,room_4,fur_0000,MVME 프라임 리츠 홈바형 천연가죽 리클라이너 소파 4인 화이트에디션,2199000,https://image.hanssem.com/hsimg/gds/1050/786/786626_A1.jpg?v=20250804101311
1696,1113255,room_4,fur_0000,MVME 포지 패브릭 리클라이너 소파 3인 크림베이지,1818000,https://image.hanssem.com/hsimg/gds/1050/1113/1113255_A1.jpg?v=20250925112651
1697,1005272,room_4,fur_0000,도무스 IMG 시네마2 1인 리클라이너,799000,https://image.hanssem.com/hsimg/gds/1050/1005/1005272_A1.jpg?v=20250804101313
1698,746526,room_4,fur_0000,[특가~9/29]MVME 프라임 노블 천연가죽 리클라이너 소파 3인,1059000,https://image.hanssem.com/hsimg/gds/1050/746/746526_A1.jpg?v=20250804101311
1699,1113252,room_4,fur_0000,MVME 포지 천연가죽 리클라이너 소파 3인 화이트,1968000,https://image.hanssem.com/hsimg/gds/1050/1113/1113252_A1.jpg?v=20250925112104
1700,1113254,room_4,fur_0000,MVME 포지 천연가죽 리클라이너 소파 4인 화이트,2490000,https://image.hanssem.com/hsimg/gds/1050/1113/1113254_A1.jpg?v=20250925112229
1701,1058863,room_4,fur_0000,MVME 어폰 패브릭 리클라이너 소파 3인(3종/택1),1099000,https://image.hanssem.com/hsimg/gds/1050/1058/1058863_A1.jpg?v=20250804101314
1702,1118212,room_4,fur_0000,(소진완료) MVME 프라임 리츠 홈바형 천연가죽 리클라이너 소파 4인 (페더화이트),2299000,https://image.hanssem.com/hsimg/gds/1050/1118/1118212_A1.jpg?v=20250923081756
1703,992488,room_4,fur_0000,MVME 시어터 천연가죽 리클라이너 4인,2999000,https://image.hanssem.com/hsimg/gds/1050/992/992488_A1.jpg?v=20250901095124
1704,993694,room_4,fur_0000,MVME 루아 패브릭 리클라이너 3인,2119000,https://image.hanssem.com/hsimg/gds/1050/993/993694_A1.jpg?v=20240930100337
1705,888247,room_4,fur_0000,보네르 모듈형 패브릭소파 스툴(2종/택1),220000,https://image.hanssem.com/hsimg/gds/1050/888/888247_A1.jpg?v=20250918164338
1706,1076833,room_4,fur_0000,뉴인피니 모드 에코크레아 패브릭 코너형 소파(5종/택1),2935000,https://image.hanssem.com/hsimg/gds/1050/1076/1076833_A1.jpg?v=20250103142334
1707,799215,room_4,fur_0000,엠마 컴포트 천연가죽 소파 3인(3종/택1),829000,https://image.hanssem.com/hsimg/gds/1050/799/799215_A1.jpg?v=20250804101311
1708,1014308,room_4,fur_0000,선데이 패브릭소파 스툴 SIC 원단 (2종/택1),815000,https://image.hanssem.com/hsimg/gds/1050/1014/1014308_A1.jpg?v=20250527162134
1709,1017277,room_4,fur_0000,포네플러스 패브릭소파 스툴,500000,https://image.hanssem.com/hsimg/gds/1050/1017/1017277_A1.jpg?v=20240219184821
1710,1031906,room_4,fur_0000,스노어 패브릭 소파 3인,550000,https://image.hanssem.com/hsimg/gds/1050/1031/1031906_A1.jpg?v=20250612130720
1711,993710,room_4,fur_0000,[20만원 할인]MVME 고다 천연가죽 리클라이너 4인,3599000,https://image.hanssem.com/hsimg/gds/1050/993/993710_A1.jpg?v=20250804101312
1712,1017762,room_4,fur_0000,레이어드 패브릭 소파 3인오픈(스툴) 에페원단 (2종/택1),990000,https://image.hanssem.com/hsimg/gds/1050/1017/1017762_A1.jpg?v=20250820154506
1713,1065629,room_4,fur_0000,뉴플루드 천연가죽 소파 코너형(2종/택1),3099000,https://image.hanssem.com/hsimg/gds/1050/1065/1065629_A1.jpg?v=20250103141825
1714,940023,room_4,fur_0000,MVME 노마딕 천연가죽 리클라이너 소파 3인,2299000,https://image.hanssem.com/hsimg/gds/1050/940/940023_A1.jpg?v=20250828113239
1715,1065837,room_4,fur_0000,[특가~9/29]휴 시티드핏 좌식의자,45900,https://image.hanssem.com/hsimg/gds/1050/1065/1065837_A1.jpg?v=20250915132052
1716,1027053,room_4,fur_0000,뉴인피니 천연가죽 소파 4인,2099000,https://image.hanssem.com/hsimg/gds/1050/1027/1027053_A1.jpg?v=20250804101313
1717,992474,room_4,fur_0000,[30만원 할인]MVME 키안티 천연가죽 리클라이너 4인,2990000,https://image.hanssem.com/hsimg/gds/1050/992/992474_A1.jpg?v=20250904184101
1718,799761,room_4,fur_0000,모아 모듈형 패브릭소파 1인 카우치,264000,https://image.hanssem.com/hsimg/gds/1050/799/799761_A1.jpg?v=20250804101311
1719,1099110,room_4,fur_0000,스위브 에코크레아 패브릭 스윙소파 코너형(5종/택1),3199000,https://image.hanssem.com/hsimg/gds/1050/1099/1099110_A1.jpg?v=20250909132054
1720,1078543,room_4,fur_0000,리프 패브릭 소파 3인용 아이보리,1190000,https://image.hanssem.com/hsimg/gds/1050/1078/1078543_A1.jpg?v=20250210104643
1721,786842,room_4,fur_0000,모아 모듈형 패브릭소파 4인 오픈형,610000,https://image.hanssem.com/hsimg/gds/1050/786/786842_A1.jpg?v=20250804101311
1722,1027050,room_4,fur_0000,뉴인피니 천연가죽 소파 3인,1599000,https://image.hanssem.com/hsimg/gds/1050/1027/1027050_A1.jpg?v=20250804101313
1723,1017268,room_4,fur_0000,포네플러스 패브릭소파 4인용,2090000,https://image.hanssem.com/hsimg/gds/1050/1017/1017268_A1.jpg?v=20240718111212
1724,993408,room_4,fur_0000,유로 603 리에 소파 3.5인용(2종/택1),1952000,https://image.hanssem.com/hsimg/gds/1050/993/993408_A1.jpg?v=20240424111734
1725,993719,room_4,fur_0000,바흐 709 토브 소파 1인용 (에코 크레아),993000,https://image.hanssem.com/hsimg/gds/1050/993/993719_A1.jpg?v=20240509101640
1726,1099111,room_4,fur_0000,스위브 에코크레아 패브릭 스윙소파 스툴(5종/택1),395000,https://image.hanssem.com/hsimg/gds/1050/1099/1099111_A1.jpg?v=20250630152600
1727,876535,room_4,fur_0000,노르딕 패브릭소파 3인용_코튼베이지,699000,https://image.hanssem.com/hsimg/gds/1050/876/876535_A1.jpg?v=20250804101312
1728,1118177,room_4,fur_0000,(소진완료) MVME 프라임 노블 천연가죽 리클라이너 소파 4인 (페더화이트),1785000,https://image.hanssem.com/hsimg/gds/1050/1118/1118177_A1.jpg?v=20250916092439
1729,786841,room_4,fur_0000,모아 모듈형 패브릭소파 3인 카우치형,670000,https://image.hanssem.com/hsimg/gds/1050/786/786841_A1.jpg?v=20250804101311
1730,1037701,room_4,fur_0000,MVME 페타 천연가죽 리클라이너 와이드 4인용,3879000,https://image.hanssem.com/hsimg/gds/1050/1037/1037701_A1.jpg?v=20250804101314
1731,995041,room_4,fur_0000,레이어드 패브릭 소파 스툴 커버 (3종/택1),120000,https://image.hanssem.com/hsimg/gds/1050/995/995041_A1.jpg?v=20250820154948
1732,992272,room_4,fur_0000,유로 403 스테이 천연가죽 소파 4인(3종/택1),1249000,https://image.hanssem.com/hsimg/gds/1050/992/992272_A1.jpg?v=20250826094348
1733,1027791,room_4,fur_0000,리도 천연가죽 소파 루즈핏쿠션,75000,https://image.hanssem.com/hsimg/gds/1050/1027/1027791_A1.jpg?v=20250113101138
1734,1078546,room_4,fur_0000,리프 패브릭 소파 4인용 아이보리,1490000,https://image.hanssem.com/hsimg/gds/1050/1078/1078546_A1.jpg?v=20250401113637
1735,944136,room_4,fur_0000,MVME 클레이 패브릭 리클라이너 소파 1인,449000,https://image.hanssem.com/hsimg/gds/1050/944/944136_A1.jpg?v=20250804101312
1736,817734,room_4,fur_0000,"아르떼 천연가죽 소파 4인(스툴포함, 3종/택1)",1659000,https://image.hanssem.com/hsimg/gds/1050/817/817734_A1.jpg?v=20250804101312
1737,1027790,room_4,fur_0000,리도 천연가죽 소파 스툴,328000,https://image.hanssem.com/hsimg/gds/1050/1027/1027790_A1.jpg?v=20250113101138
1738,1017276,room_4,fur_0000,포네플러스 패브릭소파 암리스모듈,640000,https://image.hanssem.com/hsimg/gds/1050/1017/1017276_A1.jpg?v=20250716111232
1739,1017270,room_4,fur_0000,포네플러스 패브릭소파 세미라운지형,2870000,https://image.hanssem.com/hsimg/gds/1050/1017/1017270_A1.jpg?v=20240712153628
1740,786845,room_4,fur_0000,모아 모듈형 패브릭소파 4인 라운지형,949000,https://image.hanssem.com/hsimg/gds/1050/786/786845_A1.jpg?v=20250804101311
1741,993176,room_4,fur_0000,유로 601 키안티 소파 가죽쿠션,50000,https://image.hanssem.com/hsimg/gds/1050/993/993176_A1.jpg?v=20250828102346
1742,1021355,room_4,fur_0000,네피 패브릭 소파 4인 린넨 에디션,2799000,https://image.hanssem.com/hsimg/gds/1050/1021/1021355_A1.jpg?v=20240509133142
1743,1021881,room_4,fur_0000,퍼즈 천연가죽 소파 3인용 라이트베이지,2155000,https://image.hanssem.com/hsimg/gds/1050/1021/1021881_A1.jpg?v=20240509133142
1744,993725,room_4,fur_0000,바흐 709 토브 소파 암리스(2종/택1),576000,https://image.hanssem.com/hsimg/gds/1050/993/993725_A1.jpg?v=20240628111837
1745,786844,room_4,fur_0000,모아 모듈형 패브릭소파 와이드 4인 카우치형,866000,https://image.hanssem.com/hsimg/gds/1050/786/786844_A1.jpg?v=20250804101311
1746,992489,room_4,fur_0000,밀란 201 머랭 소파,373000,https://image.hanssem.com/hsimg/gds/1050/992/992489_A1.jpg?v=20241223105028
1747,817732,room_4,fur_0000,아르떼 천연가죽 소파 3인(2종/택1),1099000,https://image.hanssem.com/hsimg/gds/1050/817/817732_A1.jpg?v=20250821113305
1748,775672,room_4,fur_0000,(아울렛)MVME 프라임 노블 천연면피가죽 전동 리클라이너 소파 4인,1144000,https://image.hanssem.com/hsimg/gds/1050/775/775672_A1.jpg?v=20250908160713
1749,888246,room_4,fur_0000,보네르 모듈형 패브릭소파 암리스(2종/택1),324500,https://image.hanssem.com/hsimg/gds/1050/888/888246_A1.jpg?v=20250918164417
1750,993720,room_4,fur_0000,바흐 709 토브 소파 3인용(4종/택1),2111000,https://image.hanssem.com/hsimg/gds/1050/993/993720_A1.jpg?v=20241004180225
1751,1014305,room_4,fur_0000,선데이 패브릭소파 4인용 SIC원단(2종/택1),2930000,https://image.hanssem.com/hsimg/gds/1050/1014/1014305_A1.jpg?v=20250421160702
1752,1099101,room_4,fur_0000,스위브 에코크레아 패브릭 스윙소파 4인용(5종/택1),2849000,https://image.hanssem.com/hsimg/gds/1050/1099/1099101_A1.jpg?v=20250909131846
1753,1017262,room_4,fur_0000,포네플러스 패브릭소파 3인용,1460000,https://image.hanssem.com/hsimg/gds/1050/1017/1017262_A1.jpg?v=20240712152924
1754,1062162,room_4,fur_0000,럼피 패브릭 소파 3인용(2종/택1),1520000,https://image.hanssem.com/hsimg/gds/1050/1062/1062162_A1.jpg?v=20250512131348
1755,1113256,room_4,fur_0000,MVME 포지 패브릭 리클라이너 소파 4인 크림베이지,2290000,https://image.hanssem.com/hsimg/gds/1050/1113/1113256_A1.jpg?v=20250925112806
1756,955436,room_4,fur_0000,엠마 컴포트 천연가죽 스툴(3종/택1),225000,https://image.hanssem.com/hsimg/gds/1050/955/955436_A1.jpg?v=20250113101138
1757,1023288,room_4,fur_0000,MVME 프라임 리츠 홈바형 천연가죽 리클라이너 소파 4인 그레이 에디션,1999000,https://image.hanssem.com/hsimg/gds/1050/1023/1023288_A1.jpg?v=20250804101313
1758,993695,room_4,fur_0000,MVME 루아 패브릭 리클라이너 4인,2539000,https://image.hanssem.com/hsimg/gds/1050/993/993695_A1.jpg?v=20240930100337
1759,1001542,room_4,fur_0000,[20만원 할인]MVME 고다 슬림 천연가죽 리클라이너 3인용,2985000,https://image.hanssem.com/hsimg/gds/1050/1001/1001542_A1.jpg?v=20250804101313
1760,1021363,room_4,fur_0000,네피 패브릭 소파 암리스 포인트 에디션,645000,https://image.hanssem.com/hsimg/gds/1050/1021/1021363_A1.jpg?v=20240509101012
1761,1031838,room_4,fur_0000,바흐 709 토브 소파 컴팩트 3인용,1883000,https://image.hanssem.com/hsimg/gds/1050/1031/1031838_A1.jpg?v=20250903154008
1762,1027331,room_4,fur_0000,리도 천연가죽 소파 4인용,1158000,https://image.hanssem.com/hsimg/gds/1050/1027/1027331_A1.jpg?v=20250804101313
1763,993093,room_4,fur_0000,코타 천연가죽 소파 3인용,759000,https://image.hanssem.com/hsimg/gds/1050/993/993093_A1.jpg?v=20250804101312
1764,1017764,room_4,fur_0000,레이어드 패브릭 소파 3인오픈(암리스) 에페원단 (2종/택1),1170000,https://image.hanssem.com/hsimg/gds/1050/1017/1017764_A1.jpg?v=20250820154423
1765,1076831,room_4,fur_0000,뉴인피니 모드 에코크레아 패브릭 3인 소파(5종/택1),1804000,https://image.hanssem.com/hsimg/gds/1050/1076/1076831_A1.jpg?v=20250103142108
1766,1018490,room_4,fur_0000,[30만원 할인]MVME 키안티 부클아이보리 패브릭 리클라이너 4인,2890000,https://image.hanssem.com/hsimg/gds/1050/1018/1018490_A1.jpg?v=20250804101313
1767,995043,room_4,fur_0000,레이어드 패브릭 소파 테이블 (2종/택1),60000,https://image.hanssem.com/hsimg/gds/1050/995/995043_A1.jpg?v=20250113101138
1768,992271,room_4,fur_0000,유로 403 스테이 천연가죽 소파 3인(3종/택1),949000,https://image.hanssem.com/hsimg/gds/1050/992/992271_A1.jpg?v=20250804101312
1769,992490,room_4,fur_0000,밀란 202 쉘 소파,399000,https://image.hanssem.com/hsimg/gds/1050/992/992490_A1.jpg?v=20240628104638
1770,993729,room_4,fur_0000,바흐 709 토브 소파 사각쿠션(2종/택1),39000,https://image.hanssem.com/hsimg/gds/1050/993/993729_A1.jpg?v=20240424110117
1771,1065612,room_4,fur_0000,뉴플루드 천연가죽 소파 3인용(2종/택1),1899000,https://image.hanssem.com/hsimg/gds/1050/1065/1065612_A1.jpg?v=20250103141602
1772,1070295,room_4,fur_0000,플랩 패브릭 소파 4인용 (크림베이지),1978000,https://image.hanssem.com/hsimg/gds/1050/1070/1070295_A1.jpg?v=20241118152842
1773,1021356,room_4,fur_0000,네피 패브릭 소파 3인 린넨 에디션,2349000,https://image.hanssem.com/hsimg/gds/1050/1021/1021356_A1.jpg?v=20240509133142
1774,1001540,room_4,fur_0000,[20만원 할인]MVME 고다 슬림 천연가죽 리클라이너 3.5인용,3495000,https://image.hanssem.com/hsimg/gds/1050/1001/1001540_A1.jpg?v=20250804101313
1775,992471,room_4,fur_0000,[20만원 할인]유로 601 키안티 소파 4인용(3종/택1),2090000,https://image.hanssem.com/hsimg/gds/1050/992/992471_A1.jpg?v=20250806135416
1776,1017761,room_4,fur_0000,레이어드 패브릭 소파 3인 에페원단 (2종/택1),1340000,https://image.hanssem.com/hsimg/gds/1050/1017/1017761_A1.jpg?v=20250820154556
1777,994736,room_4,fur_0000,레이어드 패브릭 소파 컴팩트 3인오픈(스툴) 부클 원단 (4종/택1),990000,https://image.hanssem.com/hsimg/gds/1050/994/994736_A1.jpg?v=20250804101312
1778,993721,room_4,fur_0000,바흐 709 토브 소파 3.5인용(2종/택1),2431000,https://image.hanssem.com/hsimg/gds/1050/993/993721_A1.jpg?v=20250311160428
1779,1021361,room_4,fur_0000,네피 패브릭 소파 3인 포인트 에디션,1740000,https://image.hanssem.com/hsimg/gds/1050/1021/1021361_A1.jpg?v=20250716111700
1780,817730,room_4,fur_0000,아르떼 천연가죽 소파 4인(3종/택1),1359000,https://image.hanssem.com/hsimg/gds/1050/817/817730_A1.jpg?v=20250829154456
1781,992655,room_4,fur_0000,유로 601 키안티 소파 스툴(3종/택1),350000,https://image.hanssem.com/hsimg/gds/1050/992/992655_A1.jpg?v=20240703101953
1782,1078571,room_4,fur_0000,리프 천연가죽 소파 4인용 크림화이트,1890000,https://image.hanssem.com/hsimg/gds/1050/1078/1078571_A1.jpg?v=20250604111902
1783,799769,room_4,fur_0000,모아 모듈형 패브릭소파 스툴,113000,https://image.hanssem.com/hsimg/gds/1050/799/799769_A1.jpg?v=20250804101311
1784,1076837,room_4,fur_0000,뉴인피니 모드 크리모 패브릭 코너형 소파(2종/택1),2783000,https://image.hanssem.com/hsimg/gds/1050/1076/1076837_A1.jpg?v=20250103143033
1785,1081938,room_4,fur_0000,스위브 크리모 패브릭 스윙소파 코너형,2549000,https://image.hanssem.com/hsimg/gds/1050/1081/1081938_A1.jpg?v=20250909131506
1786,628128,room_4,fur_0000,레더바이탈 가죽 윤활제,35000,https://image.hanssem.com/hsimg/gds/1050/628/628128_A1.jpg?v=20231121084653
1787,799767,room_4,fur_0000,모아 모듈형 패브릭소파 암리스,196000,https://image.hanssem.com/hsimg/gds/1050/799/799767_A1.jpg?v=20250804101311
1788,993727,room_4,fur_0000,바흐709 토브 소파 원통쿠션,59000,https://image.hanssem.com/hsimg/gds/1050/993/993727_A1.jpg?v=20240509101640
1789,1014304,room_4,fur_0000,선데이 패브릭소파 4인 라운지형 SIC 원단 (4종/ 택1),2930000,https://image.hanssem.com/hsimg/gds/1050/1014/1014304_A1.jpg?v=20250527174307
1790,1071649,room_4,fur_0000,휴 모드 좌식 소파베드 아이보리,145900,https://image.hanssem.com/hsimg/gds/1050/1071/1071649_A1.jpg?v=20250915132051
1791,1083880,room_4,fur_0000,[특가~9/29]휴 모드 좌식 리클라이너 2인 단품(쿠션/방석 미포함),79900,https://image.hanssem.com/hsimg/gds/1050/1083/1083880_A1.jpg?v=20250915132054
1792,1099100,room_4,fur_0000,스위브 에코크레아 패브릭 스윙소파 3인용(5종/택1),2469000,https://image.hanssem.com/hsimg/gds/1050/1099/1099100_A1.jpg?v=20250909131940
1793,1099774,room_4,fur_0000,도도 부클 패브릭 암체어(2종/택1),308000,https://image.hanssem.com/hsimg/gds/1050/1099/1099774_A1.jpg?v=20250610141227
1794,995040,room_4,fur_0000,레이어드 패브릭 소파 암리스 커버 (3종/택1),175000,https://image.hanssem.com/hsimg/gds/1050/995/995040_A1.jpg?v=20250820155155
1795,1018478,room_4,fur_0000,[20만원 할인]MVME 키안티 부클아이보리 패브릭 리클라이너 3인,2290000,https://image.hanssem.com/hsimg/gds/1050/1018/1018478_A1.jpg?v=20250804101313
1796,1027335,room_4,fur_0000,리도 천연가죽 소파 3인용,828000,https://image.hanssem.com/hsimg/gds/1050/1027/1027335_A1.jpg?v=20250804101313
1797,994735,room_4,fur_0000,레이어드 패브릭 소파 3인 부클 원단 (4종/택1),1340000,https://image.hanssem.com/hsimg/gds/1050/994/994735_A1.jpg?v=20250804101312
1798,1068566,room_4,fur_0000,휴 회전팔걸이형 리클라이너 뉴그레이,139000,https://image.hanssem.com/hsimg/gds/550/1068/1068566_A1.jpg?v=20250915132051
1799,1019516,room_4,fur_0000,선데이 패브릭소파 스툴 트위드 원단,950000,https://image.hanssem.com/hsimg/gds/1050/1019/1019516_A1.jpg?v=20241022155949
1800,1076834,room_4,fur_0000,뉴인피니 모드 에코크레아 패브릭 소파 스툴(5종/택1),450000,https://image.hanssem.com/hsimg/gds/1050/1076/1076834_A1.jpg?v=20250103142540
1801,940022,room_4,fur_0000,MVME 노마딕 천연가죽 리클라이너 소파 4인,2799000,https://image.hanssem.com/hsimg/gds/1050/940/940022_A1.jpg?v=20250828113309
1802,737686,room_4,fur_0000,브리오 이태리 천연가죽 4인용 소파 (3종 택1),1499000,https://image.hanssem.com/hsimg/gds/1050/737/737686_A1.jpg?v=20250827143637
1803,1068567,room_4,fur_0000,휴 모드 좌식 리클라이너 2인 세트(쿠션/방석 포함),99000,https://image.hanssem.com/hsimg/gds/1050/1068/1068567_A1.jpg?v=20250915132051
1804,993728,room_4,fur_0000,바흐709 토브 소파 대쿠션,102000,https://image.hanssem.com/hsimg/gds/1050/993/993728_A1.jpg?v=20240315151724
1805,1069121,room_4,fur_0000,휴 컴포트 좌식의자,49900,https://image.hanssem.com/hsimg/gds/1050/1069/1069121_A1.jpg?v=20250915132051
1806,993726,room_4,fur_0000,바흐709 토브 소파 스툴,358000,https://image.hanssem.com/hsimg/gds/1050/993/993726_A1.jpg?v=20240509101640
1807,746525,room_4,fur_0000,MVME 프라임 노블 천연가죽 리클라이너 소파 4인,1359000,https://image.hanssem.com/hsimg/gds/1050/746/746525_A1.jpg?v=20250829154456
1808,1031934,room_4,fur_0000,베이크 패브릭소파 3인,549000,https://image.hanssem.com/hsimg/gds/1050/1031/1031934_A1.jpg?v=20250804101313
1809,992487,room_4,fur_0000,MVME 시어터 천연가죽 리클라이너 3인,2499000,https://image.hanssem.com/hsimg/gds/1050/992/992487_A1.jpg?v=20250901095124
1810,740582,room_4,fur_0000,벤트 로우 스퀘어 암체어,64900,https://image.hanssem.com/hsimg/gds/550/740/740582_A1.jpg?v=20250915132053
1811,1014307,room_4,fur_0000,선데이 패브릭소파 데이베드형(4종/택1),1655000,https://image.hanssem.com/hsimg/gds/1050/1014/1014307_A1.jpg?v=20250716103540
1812,1099086,room_4,fur_0000,모디프 패브릭 스윙소파 4인,929000,https://image.hanssem.com/hsimg/gds/1050/1099/1099086_A1.jpg?v=20250804101314
1813,1070293,room_4,fur_0000,플랩 천연가죽 소파 4인용 (화이트),2495000,https://image.hanssem.com/hsimg/gds/1050/1070/1070293_A1.jpg?v=20240828141208
1814,786840,room_4,fur_0000,모아 모듈형 패브릭소파 3인,602000,https://image.hanssem.com/hsimg/gds/1050/786/786840_A1.jpg?v=20250804101311
1815,1078569,room_4,fur_0000,리프 천연가죽 소파 3인용 크림화이트,1490000,https://image.hanssem.com/hsimg/gds/1050/1078/1078569_A1.jpg?v=20250604111604
1816,1019513,room_4,fur_0000,선데이  패브릭소파 4인용 트위드 원단,3695000,https://image.hanssem.com/hsimg/gds/1050/1019/1019513_A1.jpg?v=20250421161238
1817,940024,room_4,fur_0000,노마딕 천연가죽 소파 4인 카우치(4종/택1),1955000,https://image.hanssem.com/hsimg/gds/1050/940/940024_A1.jpg?v=20250804101312
1818,888244,room_4,fur_0000,[특가~9/29]보네르 모듈형 패브릭소파 4인용(2종/택1),988000,https://image.hanssem.com/hsimg/gds/1050/888/888244_A1.jpg?v=20250918164538
1819,1089604,room_4,fur_0000,(아울렛)MVME 고다 패브릭 리클라이너 3인용 팝블루,1694000,https://image.hanssem.com/hsimg/gds/550/1089/1089604_A1.jpg?v=20250908160713
1820,1099085,room_4,fur_0000,모디프 패브릭 스윙소파 3.5인,799000,https://image.hanssem.com/hsimg/gds/1050/1099/1099085_A1.jpg?v=20250804101314
1821,1031937,room_4,fur_0000,마요 패브릭소파 3인,529000,https://image.hanssem.com/hsimg/gds/1050/1031/1031937_A1.jpg?v=20250804101314
1822,1076836,room_4,fur_0000,뉴인피니 모드 크리모 패브릭 4인 소파(2종/택1),2205000,https://image.hanssem.com/hsimg/gds/1050/1076/1076836_A1.jpg?v=20250103142859
1823,1017766,room_4,fur_0000,레이어드 패브릭 소파 4인 에페원단 (2종/택1),1840000,https://image.hanssem.com/hsimg/gds/1050/1017/1017766_A1.jpg?v=20250820154326
1824,992484,room_4,fur_0000,바흐 702 인피니 소파 3인용,1899000,https://image.hanssem.com/hsimg/gds/550/992/992484_A1.jpg?v=20250827144251
1825,1076189,room_4,fur_0000,MVME 어폰 홈바형 천연가죽 리클라이너 소파 4인,1559000,https://image.hanssem.com/hsimg/gds/1050/1076/1076189_A1.jpg?v=20250804101314
1826,746540,room_4,fur_0000,MVME 프라임 리츠 천연가죽 리클라이너 소파 4인 화이트에디션,1999000,https://image.hanssem.com/hsimg/gds/1050/746/746540_A1.jpg?v=20250804101311
1827,1058866,room_4,fur_0000,MVME 어폰 천연가죽 리클라이너 소파 3인,1179000,https://image.hanssem.com/hsimg/gds/1050/1058/1058866_A1.jpg?v=20250804101314
1828,1081936,room_4,fur_0000,스위브 크리모 패브릭 스윙소파 3인용,1979000,https://image.hanssem.com/hsimg/gds/1050/1081/1081936_A1.jpg?v=20250909131330
1829,1017274,room_4,fur_0000,포네플러스 패브릭소파 코너모듈,780000,https://image.hanssem.com/hsimg/gds/1050/1017/1017274_A1.jpg?v=20240321165150
1830,302794,room_4,fur_0000,매그 라운지 소파베드 스마트패브릭 오트밀,569000,https://image.hanssem.com/hsimg/gds/1050/302/302794_A1.jpg?v=20250812143736
1831,1019509,room_4,fur_0000,(아울렛)레이어드 패브릭 소파 3인오픈(암리스) 에페원단,1109000,https://image.hanssem.com/hsimg/gds/550/1019/1019509_A1.jpg?v=20250908160712
1832,786843,room_4,fur_0000,모아 모듈형 패브릭소파 와이드 4인,798000,https://image.hanssem.com/hsimg/gds/1050/786/786843_A1.jpg?v=20250804101311
1833,1027088,room_4,fur_0000,뉴인피니 천연가죽소파 코너형,2699000,https://image.hanssem.com/hsimg/gds/1050/1027/1027088_A1.jpg?v=20250804101313
1834,1021357,room_4,fur_0000,네피 패브릭 소파 1.5인 린넨 에디션,1474000,https://image.hanssem.com/hsimg/gds/1050/1021/1021357_A1.jpg?v=20240509133142
1835,1076832,room_4,fur_0000,뉴인피니 모드 에코크레아 패브릭 4인 소파(5종/택1),2350000,https://image.hanssem.com/hsimg/gds/1050/1076/1076832_A1.jpg?v=20250103142235
1836,777039,room_4,fur_0000,밀로 패브릭소파 3인용(3종/택1),649000,https://image.hanssem.com/hsimg/gds/1050/777/777039_A1.jpg?v=20250804101311
1837,1076191,room_4,fur_0000,[특가~9/29]MVME 어폰 홈바형 패브릭 리클라이너 소파 4인,1399000,https://image.hanssem.com/hsimg/gds/1050/1076/1076191_A1.jpg?v=20250804101314
1838,1118838,room_4,fur_0000,[550만원딜 특가]페타 리클라이너 4인/밀란 블랑 테이블+인칸토 식탁세트,5500000,https://image.hanssem.com/hsimg/gds/1050/1118/1118838_A1.jpg?v=20250908091539
1839,1069332,room_4,fur_0000,휴 회전형 좌식리클라이너 스마트패브릭 노블그레이,149900,https://image.hanssem.com/hsimg/gds/1050/1069/1069332_A1.jpg?v=20250915132051
1840,817733,room_4,fur_0000,아르떼 천연가죽 스툴(3종/택1),300000,https://image.hanssem.com/hsimg/gds/1050/817/817733_A1.jpg?v=20250113101138
1841,1098826,room_4,fur_0000,테이즈 천연가죽 소파 3인(3종/택1),1299000,https://image.hanssem.com/hsimg/gds/1050/1098/1098826_A1.jpg?v=20250610141419
1842,1031935,room_4,fur_0000,베이크 패브릭소파 3.5인,798000,https://image.hanssem.com/hsimg/gds/1050/1031/1031935_A1.jpg?v=20250804101313
1843,993094,room_4,fur_0000,코타 천연가죽 소파 4인용,899000,https://image.hanssem.com/hsimg/gds/1050/993/993094_A1.jpg?v=20250804101312
1844,1021360,room_4,fur_0000,네피 패브릭 소파 4인 포인트 에디션,2119000,https://image.hanssem.com/hsimg/gds/1050/1021/1021360_A1.jpg?v=20240509100911
1845,916927,room_4,fur_0000,프리야 패브릭소파 3인용(2종/택1),1399000,https://image.hanssem.com/hsimg/gds/1050/916/916927_A1.jpg?v=20250804101312
1846,995035,room_4,fur_0000,레이어드 패브릭 소파 코너형 커버 (3종/택1),220000,https://image.hanssem.com/hsimg/gds/1050/995/995035_A1.jpg?v=20250820155244
1847,958513,room_4,fur_0000,MVME 트라움 라토 천연가죽 전동 리클라이너 소파 1인(2종/택1),949000,https://image.hanssem.com/hsimg/gds/1050/958/958513_A1.jpg?v=20250804101312
1848,1019500,room_4,fur_0000,선데이 패브릭소파 4인 라운지형 트위드 원단 (2종/택1),3695000,https://image.hanssem.com/hsimg/gds/1050/1019/1019500_A1.jpg?v=20250421160920
1849,994737,room_4,fur_0000,레이어드 패브릭 소파 컴팩트 3인오픈(암리스)_부클 원단 (4종/택1),1170000,https://image.hanssem.com/hsimg/gds/1050/994/994737_A1.jpg?v=20250804101312
1850,904011,room_4,fur_0000,보네르 모듈형 패브릭소파 2인용(3종/택1),649000,https://image.hanssem.com/hsimg/gds/1050/904/904011_A1.jpg?v=20250918164231
1851,1070289,room_4,fur_0000,플랩 천연가죽 소파 3인용 (화이트),1865000,https://image.hanssem.com/hsimg/gds/1050/1070/1070289_A1.jpg?v=20240828141208
1852,1078555,room_4,fur_0000,MVME 리프 천연가죽 리클라이너 3인(2종/택1),2290000,https://image.hanssem.com/hsimg/gds/1050/1078/1078555_A1.jpg?v=20250604111948
1853,1023275,room_4,fur_0000,MVME 프라임 리츠 천연가죽 리클라이너 소파 3인 그레이 에디션,1399000,https://image.hanssem.com/hsimg/gds/1050/1023/1023275_A1.jpg?v=20250804101313
1854,1058864,room_4,fur_0000,MVME 어폰 천연가죽 리클라이너 소파 4인,1459000,https://image.hanssem.com/hsimg/gds/1050/1058/1058864_A1.jpg?v=20250804101314
1855,1098835,room_4,fur_0000,(아울렛)레이어드 패브릭 소파 3인오픈(스툴) 에페원단,782000,https://image.hanssem.com/hsimg/gds/550/1098/1098835_A1.jpg?v=20250908160710
1856,994692,room_4,fur_0000,레이어드 패브릭 소파 암리스 (6종/택1),500000,https://image.hanssem.com/hsimg/gds/1050/994/994692_A1.jpg?v=20250820155639
1857,993722,room_4,fur_0000,바흐 709 토브 소파 코너형(2종/택1),3171000,https://image.hanssem.com/hsimg/gds/1050/993/993722_A1.jpg?v=20240819092754
1858,1114136,room_4,fur_0000,(아울렛)레이어드 패브릭 소파 암리스,380000,https://image.hanssem.com/hsimg/gds/550/1114/1114136_A1.jpg?v=20250908160712
1859,1062156,room_4,fur_0000,럼피 패브릭 소파 3.5인용(2종/택1),1698000,https://image.hanssem.com/hsimg/gds/1050/1062/1062156_A1.jpg?v=20240829154308
1860,1021362,room_4,fur_0000,네피 패브릭 소파 1.5인 포인트 에디션,1069000,https://image.hanssem.com/hsimg/gds/1050/1021/1021362_A1.jpg?v=20240510165303
1861,302795,room_4,fur_0000,매그 라운지 가죽 소파 소파베드,569000,https://image.hanssem.com/hsimg/gds/1050/302/302795_A1.jpg?v=20250804101311
1862,800783,room_4,fur_0000,모아 모듈형 패브릭소파 1인 코너형,256000,https://image.hanssem.com/hsimg/gds/1050/800/800783_A1.jpg?v=20250804101311
1863,746541,room_4,fur_0000,MVME 프라임 리츠 천연가죽 리클라이너 소파 3인 화이트에디션,1599000,https://image.hanssem.com/hsimg/gds/1050/746/746541_A1.jpg?v=20250804101311
1864,451861,room_4,fur_0000,휴 회전형 좌식 리클라이너 스마트패브릭(오트밀/그레이/노블그레이),126900,https://image.hanssem.com/hsimg/gds/1050/451/451861_A1.jpg?v=20250915132051
1865,1058860,room_4,fur_0000,[특가~9/29]MVME 어폰 패브릭 리클라이너 소파 4인(3종/택1),1299000,https://image.hanssem.com/hsimg/gds/1050/1058/1058860_A1.jpg?v=20250804101314
1866,810823,room_4,fur_0000,(아울렛)프라임 더홈 홈바형 전동 리클라이너 4인용 소파,879000,https://image.hanssem.com/hsimg/gds/550/810/810823_A1.jpg?v=20250908160712
1867,786625,room_4,fur_0000,[특가~9/29]MVME 프라임 노블 홈바형 천연가죽 리클라이너 소파 4인,1459000,https://image.hanssem.com/hsimg/gds/1050/786/786625_A1.jpg?v=20250829154456
1868,993409,room_4,fur_0000,유로 603 리에 소파 4인용(2종/택1),2289000,https://image.hanssem.com/hsimg/gds/1050/993/993409_A1.jpg?v=20240628125542
1869,1017281,room_4,fur_0000,포네플러스 패브릭소파 좌방석쿠션,190000,https://image.hanssem.com/hsimg/gds/1050/1017/1017281_A1.jpg?v=20250414144203
1870,737687,room_4,fur_0000,브리오 이태리 천연가죽 3.5인용 소파 (3종/택1),1299000,https://image.hanssem.com/hsimg/gds/1050/737/737687_A1.jpg?v=20250804101311
1871,1065616,room_4,fur_0000,뉴플루드 천연가죽 소파 4인용(2종/택1),2599000,https://image.hanssem.com/hsimg/gds/1050/1065/1065616_A1.jpg?v=20250103141741
1872,993770,room_4,fur_0000,패브릭 케어 키트,33000,https://image.hanssem.com/hsimg/gds/1050/993/993770_A1.jpg?v=20250211161857
1873,1078558,room_4,fur_0000,MVME 리프 천연가죽 리클라이너 4인(2종/택1),2790000,https://image.hanssem.com/hsimg/gds/1050/1078/1078558_A1.jpg?v=20250604112025
1874,1037694,room_4,fur_0000,MVME 페타 천연가죽 리클라이너 4인용,3299000,https://image.hanssem.com/hsimg/gds/1050/1037/1037694_A1.jpg?v=20250804101314
1875,1089700,room_4,fur_0000,(아울렛)뉴인피니 모드 크리모 패브릭 4인 소파,1130000,https://image.hanssem.com/hsimg/gds/550/1089/1089700_A1.jpg?v=20250908160713
1876,799760,room_4,fur_0000,모아 모듈형 패브릭소파 팔걸이,105000,https://image.hanssem.com/hsimg/gds/1050/799/799760_A1.jpg?v=20250804101311
1877,994739,room_4,fur_0000,레이어드 패브릭 소파 4인 부클 원단 (4종/택1),1840000,https://image.hanssem.com/hsimg/gds/1050/994/994739_A1.jpg?v=20250804101313
1878,994733,room_4,fur_0000,레이어드 패브릭 소파 스툴 (6종/택1),320000,https://image.hanssem.com/hsimg/gds/1050/994/994733_A1.jpg?v=20250820155408
1879,993709,room_4,fur_0000,[최대52만원할인]MVME 고다 천연가죽 리클라이너 3인,3069000,https://image.hanssem.com/hsimg/gds/1050/993/993709_A1.jpg?v=20250901095236
1880,1021364,room_4,fur_0000,네피 패브릭 소파 스툴 포인트 에디션,485000,https://image.hanssem.com/hsimg/gds/1050/1021/1021364_A1.jpg?v=20250331155953
1881,993771,room_4,fur_0000,바흐 709 토브 소파 1인용 (에코 워터케어),718000,https://image.hanssem.com/hsimg/gds/1050/993/993771_A1.jpg?v=20250115092456
1882,1076838,room_4,fur_0000,뉴인피니 모드 크리모 패브릭 소파 스툴(2종/택1),450000,https://image.hanssem.com/hsimg/gds/1050/1076/1076838_A1.jpg?v=20250103143102
1883,866512,room_4,fur_0000,모아 모듈형 패브릭소파 3인+스툴,715000,https://image.hanssem.com/hsimg/gds/1050/866/866512_A1.jpg?v=20250804101312
1884,1037702,room_4,fur_0000,MVME 페타 천연가죽 리클라이너 암리스,580000,https://image.hanssem.com/hsimg/gds/1050/1037/1037702_A1.jpg?v=20250804101314
1885,1068568,room_4,fur_0000,[특가~9/29]휴 조이 하이백 좌식의자 샌드베이지,55900,https://image.hanssem.com/hsimg/gds/1050/1068/1068568_A1.jpg?v=20250915132051
1886,948785,room_4,fur_0000,MVME 플로에 패브릭 리클라이너 소파 3인,1899000,https://image.hanssem.com/hsimg/gds/1050/948/948785_A1.jpg?v=20250904184431
1887,1091968,room_4,fur_0000,(아울렛)뉴인피니 모드 에코크레아 패브릭 4인 소파,1404000,https://image.hanssem.com/hsimg/gds/550/1091/1091968_A1.jpg?v=20250908160713
1888,799220,room_4,fur_0000,엠마 컴포트 천연가죽 소파 4인(3종/택1),1049000,https://image.hanssem.com/hsimg/gds/1050/799/799220_A1.jpg?v=20250829154456
1889,780391,room_4,fur_0000,[특가~9/29]휴 스테이 회전팔걸이형 리클라이너 (2종/택1),89900,https://image.hanssem.com/hsimg/gds/1050/780/780391_A1.jpg?v=20250915132052
1890,1065630,room_4,fur_0000,뉴플루드 천연가죽 소파 스툴(2종/택1),499000,https://image.hanssem.com/hsimg/gds/1050/1065/1065630_A1.jpg?v=20250103141907
1891,1005271,room_4,fur_0000,도무스 IMG 노르딕85 1인 리클라이너,1199000,https://image.hanssem.com/hsimg/gds/1050/1005/1005271_A1.jpg?v=20250822084218
1892,948786,room_4,fur_0000,MVME 플로에 패브릭 리클라이너 소파 4인,2399000,https://image.hanssem.com/hsimg/gds/1050/948/948786_A1.jpg?v=20250904184353
1893,817735,room_4,fur_0000,"아르떼 천연가죽 소파 3인(스툴포함, 2종/택1)",1399000,https://image.hanssem.com/hsimg/gds/1050/817/817735_A1.jpg?v=20250804101312
1894,1078532,room_4,fur_0000,MVME 리프 패브릭 리클라이너 3인(2종/택1),1990000,https://image.hanssem.com/hsimg/gds/1050/1078/1078532_A1.jpg?v=20250210104517
1895,1091145,room_4,fur_0001,재크 라운드 테이블 매트 400,12900,https://image.hanssem.com/hsimg/gds/1050/1091/1091145_A1.jpg?v=20250915132052
1896,1049200,room_4,fur_0001,블랑 루버 보조수납장 500 낮은장,170000,https://image.hanssem.com/hsimg/gds/1050/1049/1049200_A1.jpg?v=20250210171925
1897,1021381,room_4,fur_0001,오브제 글라스 사이드장 월넛 900,1490000,https://image.hanssem.com/hsimg/gds/1050/1021/1021381_A1.jpg?v=20240710143149
1898,992502,room_4,fur_0001,밀란 디오 소파테이블 800,171000,https://image.hanssem.com/hsimg/gds/1050/992/992502_A1.jpg?v=20240222183153
1899,737701,room_4,fur_0001,클린트 모던 높은 거실장 120cm 일반형 수납장 (3종 택1),229000,https://image.hanssem.com/hsimg/gds/1050/737/737701_A1.jpg?v=20250805110815
1900,1098810,room_4,fur_0001,[웰컴딜 전용]재크 라운드 테이블 매트 400,23000,https://image.hanssem.com/hsimg/gds/550/1098/1098810_A1.jpg?v=20250310172049
1901,822926,room_4,fur_0001,클린트 어반 수납장 80cm,150000,https://image.hanssem.com/hsimg/gds/1050/822/822926_A1.jpg?v=20250113101141
1902,993875,room_4,fur_0001,유로 503 파사드 듀얼 거실장 2000,656000,https://image.hanssem.com/hsimg/gds/1050/993/993875_A1.jpg?v=20240404142757
1903,993617,room_4,fur_0001,유로 506 플라타 소파테이블 880,378000,https://image.hanssem.com/hsimg/gds/1050/993/993617_A1.jpg?v=20240222183306
1904,992992,room_4,fur_0001,유로 503 파사드 거실장 유리상판 450,46000,https://image.hanssem.com/hsimg/gds/1050/992/992992_A1.jpg?v=20231121084653
1905,992534,room_4,fur_0001,유로 미스티 소파테이블 직사각형,427000,https://image.hanssem.com/hsimg/gds/1050/992/992534_A1.jpg?v=20240222183306
1906,688057,room_4,fur_0001,클린트 모던 사이드테이블(4종 택1),59900,https://image.hanssem.com/hsimg/gds/1050/688/688057_A1.jpg?v=20250804101311
1907,1049167,room_4,fur_0001,블랑 루버 거실장 2000,600000,https://image.hanssem.com/hsimg/gds/1050/1049/1049167_A1.jpg?v=20250210172342
1908,716395,room_4,fur_0001,클린트 프렌치 거실장 180cm 서랍형(2종 택1),245000,https://image.hanssem.com/hsimg/gds/1050/716/716395_A1.jpg?v=20250113101141
1909,1010704,room_4,fur_0001,유로 506 플라타 마일드 거실장 월넛 콘솔장 1800,1275000,https://image.hanssem.com/hsimg/gds/1050/1010/1010704_A1.jpg?v=20240808153221
1910,1059892,room_4,fur_0001,플리츠 플러스 거실장 210cm 코타오렌지,669000,https://image.hanssem.com/hsimg/gds/1050/1059/1059892_A1.jpg?v=20250804101314
1911,992994,room_4,fur_0001,유로 503 파사드 거실장 유리상판 2160,167000,https://image.hanssem.com/hsimg/gds/1050/992/992994_A1.jpg?v=20231121084653
1912,1079239,room_4,fur_0001,재크 400 라운드 사이드테이블,29900,https://image.hanssem.com/hsimg/gds/1050/1079/1079239_A1.jpg?v=20250915132051
1913,992536,room_4,fur_0001,유로 큐브 소파테이블,193000,https://image.hanssem.com/hsimg/gds/1050/992/992536_A1.jpg?v=20240315142522
1914,1059893,room_4,fur_0001,플리츠 거실장 210cm 오트밀,649000,https://image.hanssem.com/hsimg/gds/1050/1059/1059893_A1.jpg?v=20250804101314
1915,821210,room_4,fur_0001,클린트 어반 180cm 거실장 일반형 (3종 택1),299000,https://image.hanssem.com/hsimg/gds/1050/821/821210_A1.jpg?v=20250804101312
1916,1075311,room_4,fur_0001,아카이브 150cm 거실장 (2종 택1),519000,https://image.hanssem.com/hsimg/gds/550/1075/1075311_A1.jpg?v=20250804101314
1917,1075314,room_4,fur_0001,아카이브 300cm 거실장 (2종 택1),950000,https://image.hanssem.com/hsimg/gds/1050/1075/1075314_A1.jpg?v=20250804101314
1918,1095198,room_4,fur_0001,[웰컴딜 전용]468라운드 사이드테이블,29000,https://image.hanssem.com/hsimg/gds/550/1095/1095198_A1.jpg?v=20250306155525
1919,992980,room_4,fur_0001,밀란 304 블랑 보조수납장 500(2종/택1),178000,https://image.hanssem.com/hsimg/gds/1050/992/992980_A1.jpg?v=20240826164635
1920,737706,room_4,fur_0001,클린트 모던 협탁 사이드 테이블(3종 택1),135000,https://image.hanssem.com/hsimg/gds/1050/737/737706_A1.jpg?v=20250804101311
1921,1062608,room_4,fur_0001,플래지어 엘레판테 소파테이블(2종/택1),359000,https://image.hanssem.com/hsimg/gds/1050/1062/1062608_A1.jpg?v=20250804101314
1922,1021377,room_4,fur_0001,오브제 글라스 거실장 월넛 2000,2050000,https://image.hanssem.com/hsimg/gds/1050/1021/1021377_A1.jpg?v=20240710143149
1923,993413,room_4,fur_0001,유로 파사드 디럭스 사이드테이블(2종/택1),203000,https://image.hanssem.com/hsimg/gds/1050/993/993413_A1.jpg?v=20240712152418
1924,1021380,room_4,fur_0001,오브제 글라스 사이드장 루나화이트/딥그린 900,1590000,https://image.hanssem.com/hsimg/gds/1050/1021/1021380_A1.jpg?v=20240710143149
1925,993873,room_4,fur_0001,유로 503 파사드 듀얼 거실장 3000,1062000,https://image.hanssem.com/hsimg/gds/1050/993/993873_A1.jpg?v=20240321170127
1926,992748,room_4,fur_0001,유로 503 파사드 거실장 1450,537000,https://image.hanssem.com/hsimg/gds/1050/992/992748_A1.jpg?v=20250320133508
1927,993478,room_4,fur_0001,밀란 카린 사이드테이블(3종/택1),87000,https://image.hanssem.com/hsimg/gds/1050/993/993478_A1.jpg?v=20250806135949
1928,992747,room_4,fur_0001,유로 503 파사드 거실장 보조수납장 450,147000,https://image.hanssem.com/hsimg/gds/1050/992/992747_A1.jpg?v=20250116104049
1929,885924,room_4,fur_0001,클린트 어반 높이조절 리프트업 사이드테이블 60cm (3종 택1),165000,https://image.hanssem.com/hsimg/gds/1050/885/885924_A1.jpg?v=20250804101312
1930,916186,room_4,fur_0001,[55딜]디어 오보에 거실장 세트 220cm (거실장 140cm + 보조수납장 83cm) (2종 택1),550000,https://image.hanssem.com/hsimg/gds/1050/916/916186_A1.jpg?v=20250804101312
1931,1075321,room_4,fur_0001,아카이브 120cm 멀티서랍장 (2종 택1),510000,https://image.hanssem.com/hsimg/gds/1050/1075/1075321_A1.jpg?v=20250804101314
1932,822928,room_4,fur_0001,클린트 어반 매거진랙 수납장 80cm_서랍형,200000,https://image.hanssem.com/hsimg/gds/1050/822/822928_A1.jpg?v=20250113101141
1933,688059,room_4,fur_0001,클린트 모던 거실테이블(4종 택1),89000,https://image.hanssem.com/hsimg/gds/1050/688/688059_A1.jpg?v=20250804101311
1934,688056,room_4,fur_0001,클린트 모던 거실장 180cm 서랍형(3종/택1),245000,https://image.hanssem.com/hsimg/gds/1050/688/688056_A1.jpg?v=20250804101311
1935,1049183,room_4,fur_0001,블랑 루버 거실장 2500 낮은장,720000,https://image.hanssem.com/hsimg/gds/1050/1049/1049183_A1.jpg?v=20250210172021
1936,913330,room_4,fur_0001,디어 오보에 보조수납장  83cm (2종 택1),190000,https://image.hanssem.com/hsimg/gds/1050/913/913330_A1.jpg?v=20250113101140
1937,1062612,room_4,fur_0001,플래지어 아티피코 소파테이블(2종/택1),351000,https://image.hanssem.com/hsimg/gds/1050/1062/1062612_A1.jpg?v=20250804101314
1938,1021376,room_4,fur_0001,오브제 글라스 거실장 루나화이트/딥그린 2000,2150000,https://image.hanssem.com/hsimg/gds/1050/1021/1021376_A1.jpg?v=20250414145201
1939,737700,room_4,fur_0001,클린트 모던 높은 거실장 160cm 서랍형 수납장 (3종 택1),315000,https://image.hanssem.com/hsimg/gds/1050/737/737700_A1.jpg?v=20250113101140
1940,1049171,room_4,fur_0001,블랑 루버 거실장 2500,820000,https://image.hanssem.com/hsimg/gds/1050/1049/1049171_A1.jpg?v=20250918173218
1941,998964,room_4,fur_0001,아카이브 200cm 거실장 (2종 택1),579000,https://image.hanssem.com/hsimg/gds/1050/998/998964_A1.jpg?v=20250804101313
1942,992533,room_4,fur_0001,유로 미스티 소파테이블 원형,273000,https://image.hanssem.com/hsimg/gds/1050/992/992533_A1.jpg?v=20240222183306
1943,822917,room_4,fur_0001,클린트 어반 리프트업 소파테이블 플랩도어형105cm (2종 택1),335000,https://image.hanssem.com/hsimg/gds/1050/822/822917_A1.jpg?v=20250804101312
1944,688054,room_4,fur_0001,클린트 모던 거실장 120cm 서랍형(3종/택1),169000,https://image.hanssem.com/hsimg/gds/1050/688/688054_A1.jpg?v=20250804101311
1945,1075313,room_4,fur_0001,아카이브 250cm 거실장 (2종 택1),890000,https://image.hanssem.com/hsimg/gds/1050/1075/1075313_A1.jpg?v=20250804101314
1946,1075317,room_4,fur_0001,아카이브 80cm 유리수납장 (2종 택1),515000,https://image.hanssem.com/hsimg/gds/1050/1075/1075317_A1.jpg?v=20250804101314
1947,716394,room_4,fur_0001,클린트 프렌치 거실장 180cm 오픈형(2종 택1),235000,https://image.hanssem.com/hsimg/gds/1050/716/716394_A1.jpg?v=20250113101140
1948,821211,room_4,fur_0001,클린트 어반 180cm 콘솔 높은 거실장_도어형 (2종 택1),269000,https://image.hanssem.com/hsimg/gds/1050/821/821211_A1.jpg?v=20250113101140
1949,822937,room_4,fur_0001,클린트 어반 매거진랙 수납장 200cm (수납장80cm+매거진랙 수납장120cm_북진열대형),420000,https://image.hanssem.com/hsimg/gds/1050/822/822937_A1.jpg?v=20250113101141
1950,885923,room_4,fur_0001,클린트 어반 높이조절 리프트업 소파테이블 140cm (3종 택1),455000,https://image.hanssem.com/hsimg/gds/1050/885/885923_A1.jpg?v=20250804101312
1951,1062610,room_4,fur_0001,플래지어 라고네 소파테이블(2종/택1),285000,https://image.hanssem.com/hsimg/gds/1050/1062/1062610_A1.jpg?v=20250923102748
1952,822938,room_4,fur_0001,클린트 어반 매거진랙 수납장 200cm (수납장80cm+매거진랙 수납장120cm 서랍형),400000,https://image.hanssem.com/hsimg/gds/1050/822/822938_A1.jpg?v=20250113101141
1953,992501,room_4,fur_0001,밀란 디오 소파테이블 500,148000,https://image.hanssem.com/hsimg/gds/1050/992/992501_A1.jpg?v=20240222183153
1954,821209,room_4,fur_0001,클린트 어반 180cm 거실장 다릿발형 (3종/택1),329000,https://image.hanssem.com/hsimg/gds/1050/821/821209_A1.jpg?v=20250804101312
1955,822930,room_4,fur_0001,클린트 어반 매거진랙 수납장 120cm_서랍형,250000,https://image.hanssem.com/hsimg/gds/1050/822/822930_A1.jpg?v=20250113101141
1956,742354,room_4,fur_0001,클린트 모던 높은 거실장 160cm 서랍형 수납장(80cm 서랍형 +80cm 서랍형) (3종 택1),398000,https://image.hanssem.com/hsimg/gds/1050/742/742354_A1.jpg?v=20250113101140
1957,1021379,room_4,fur_0001,오브제 글로시 거실장 2000,1770000,https://image.hanssem.com/hsimg/gds/1050/1021/1021379_A1.jpg?v=20240710143149
1958,145700,room_4,fur_0001,클린트2 거실장 180cm 북유럽형(3종/택1),195000,https://image.hanssem.com/hsimg/gds/1050/145/145700_A1.jpg?v=20250804101310
1959,1079241,room_4,fur_0001,재크 700 라운드 좌식테이블,52900,https://image.hanssem.com/hsimg/gds/1050/1079/1079241_A1.jpg?v=20250915132051
1960,1062630,room_4,fur_0001,플래지어 어바노 유리 소파테이블,369000,https://image.hanssem.com/hsimg/gds/1050/1062/1062630_A1.jpg?v=20250804101314
1961,993412,room_4,fur_0001,유로 코지 사이드테이블(5종/택1),150000,https://image.hanssem.com/hsimg/gds/1050/993/993412_A1.jpg?v=20250806135641
1962,992295,room_4,fur_0001,피코 리프트업 소파테이블,339000,https://image.hanssem.com/hsimg/gds/1050/992/992295_A1.jpg?v=20250804101312
1963,992979,room_4,fur_0001,밀란 304 블랑 보조수납장 500 낮은장,155000,https://image.hanssem.com/hsimg/gds/1050/992/992979_A1.jpg?v=20240826164759
1964,1059891,room_4,fur_0001,플리츠 플러스 거실장 210cm 뉴트럴화이트,899000,https://image.hanssem.com/hsimg/gds/1050/1059/1059891_A1.jpg?v=20250210172747
1965,885925,room_4,fur_0001,클린트 어반 사이드테이블 스퀘어(3종 택1),120000,https://image.hanssem.com/hsimg/gds/1050/885/885925_A1.jpg?v=20250804101312
1966,1090259,room_4,fur_0001,아카이브+ 155cm 콘솔장 타공형,835000,https://image.hanssem.com/hsimg/gds/1050/1090/1090259_A1.jpg?v=20250804101314
1967,1090263,room_4,fur_0001,아카이브+ 78cm 콘솔장 손잡이형,459000,https://image.hanssem.com/hsimg/gds/1050/1090/1090263_A1.jpg?v=20250804101314
1968,1090243,room_4,fur_0001,아카이브+ 233cm 거실장 루버형 (2종 택1),819000,https://image.hanssem.com/hsimg/gds/1050/1090/1090243_A1.jpg?v=20250804101314
1969,1090242,room_4,fur_0001,아카이브+ 233cm 거실장 손잡이형 (2종 택1),819000,https://image.hanssem.com/hsimg/gds/1050/1090/1090242_A1.jpg?v=20250804101314
1970,999006,room_4,fur_0001,아카이브 120cm 멀티수납장 (2종 택1),465000,https://image.hanssem.com/hsimg/gds/1050/999/999006_A1.jpg?v=20250827135624
1971,992978,room_4,fur_0001,밀란 304 블랑 AV장 2000(2종/택1),523000,https://image.hanssem.com/hsimg/gds/1050/992/992978_A1.jpg?v=20250408150316
1972,1090272,room_4,fur_0001,아카이브+ 78cm 높은오픈수납장 손잡이형,589000,https://image.hanssem.com/hsimg/gds/1050/1090/1090272_A1.jpg?v=20250804101314
1973,1090269,room_4,fur_0001,아카이브+ 78cm 콘솔장 타공형,495000,https://image.hanssem.com/hsimg/gds/1050/1090/1090269_A1.jpg?v=20250804101314
1974,1049201,room_4,fur_0001,블랑 루버 AV수납장 500 낮은장,185000,https://image.hanssem.com/hsimg/gds/1050/1049/1049201_A1.jpg?v=20250210172632
1975,999019,room_4,fur_0001,아카이브 80cm 멀티수납장 (2종 택1),389000,https://image.hanssem.com/hsimg/gds/1050/999/999019_A1.jpg?v=20250804101313
1976,737705,room_4,fur_0001,클린트 모던 높은 거실장 80cm 서랍형 수납장 (3종 택1),199000,https://image.hanssem.com/hsimg/gds/1050/737/737705_A1.jpg?v=20250113101140
1977,992749,room_4,fur_0001,유로 503 파사드 거실장 2160,672000,https://image.hanssem.com/hsimg/gds/1050/992/992749_A1.jpg?v=20250116103944
1978,1090244,room_4,fur_0001,아카이브+ 78cm 보조수납장 손잡이형 (2종 택1),355000,https://image.hanssem.com/hsimg/gds/1050/1090/1090244_A1.jpg?v=20250804101314
1979,916185,room_4,fur_0001,디어 오보에 거실장 세트 260cm (거실장 180cm + 보조수납장 83cm) (2종 택1),599000,https://image.hanssem.com/hsimg/gds/1050/916/916185_A1.jpg?v=20250804101312
1980,737702,room_4,fur_0001,클린트 모던 높은 거실장 120cm 서랍형 수납장 (3종 택1),259000,https://image.hanssem.com/hsimg/gds/1050/737/737702_A1.jpg?v=20250113101140
1981,999022,room_4,fur_0001,아카이브 120cm 오픈수납장 (3종 택1),465000,https://image.hanssem.com/hsimg/gds/1050/999/999022_A1.jpg?v=20250804101313
1982,999020,room_4,fur_0001,아카이브 160cm 멀티수납장 높은선반형 (2종 택1),815000,https://image.hanssem.com/hsimg/gds/1050/999/999020_A1.jpg?v=20250804101313
1983,992786,room_4,fur_0001,바흐 801 바론 수납장 900,863000,https://image.hanssem.com/hsimg/gds/1050/992/992786_A1.jpg?v=20240424110117
1984,742374,room_4,fur_0001,클린트 모던 높은 거실장 200cm 일반형 수납장(80cm 일반형 +120cm 일반형) (3종 택1),398000,https://image.hanssem.com/hsimg/gds/1050/742/742374_A1.jpg?v=20250113101140
1985,1049170,room_4,fur_0001,블랑 루버 거실장 2000 낮은장,550000,https://image.hanssem.com/hsimg/gds/1050/1049/1049170_A1.jpg?v=20250210171606
1986,822934,room_4,fur_0001,클린트 어반 매거진랙 수납장 160cm (수납장80cm+매거진랙 수납장80cm 북진열대형),370000,https://image.hanssem.com/hsimg/gds/1050/822/822934_A1.jpg?v=20250113101141
1987,913328,room_4,fur_0001,디어 오보에 거실장 180cm (2종 택1),409000,https://image.hanssem.com/hsimg/gds/1050/913/913328_A1.jpg?v=20250113101141
1988,993477,room_4,fur_0001,밀란 카린 소파테이블(3종/택1),112000,https://image.hanssem.com/hsimg/gds/1050/993/993477_A1.jpg?v=20250806135820
1989,145702,room_4,fur_0001,클린트2 거실장 120cm 선반형,129000,https://image.hanssem.com/hsimg/gds/1050/145/145702_A1.jpg?v=20250804101311
1990,992835,room_4,fur_0001,밀리언4 AV장 유리상판 1560,76000,https://image.hanssem.com/hsimg/gds/1050/992/992835_A1.jpg?v=20231121084653
1991,392540,room_4,fur_0001,클린트 피코 리프트업 소파테이블 플랩도어형 105cm(4종/택1),319000,https://image.hanssem.com/hsimg/gds/1050/392/392540_A1.jpg?v=20250804101311
1992,1075318,room_4,fur_0001,아카이브 120cm 유리수납장 (2종 택1),540000,https://image.hanssem.com/hsimg/gds/1050/1075/1075318_A1.jpg?v=20250804101314
1993,1090248,room_4,fur_0001,아카이브+ 78cm 보조수납장 루버형 (2종 택1),355000,https://image.hanssem.com/hsimg/gds/1050/1090/1090248_A1.jpg?v=20250804101314
1994,1091149,room_4,fur_0001,재크 라운드 테이블 매트 400+700 SET,39900,https://image.hanssem.com/hsimg/gds/1050/1091/1091149_A1.jpg?v=20250915132052
1995,1075319,room_4,fur_0001,아카이브 80cm 멀티서랍장 (2종 택1),465000,https://image.hanssem.com/hsimg/gds/1050/1075/1075319_A1.jpg?v=20250804101314
1996,1090274,room_4,fur_0001,아카이브+ 78cm 높은오픈수납장 타공형,625000,https://image.hanssem.com/hsimg/gds/1050/1090/1090274_A1.jpg?v=20250804101314
1997,992535,room_4,fur_0001,유로 큐브 사이드테이블,136000,https://image.hanssem.com/hsimg/gds/1050/992/992535_A1.jpg?v=20240712153853
1998,821213,room_4,fur_0001,클린트 어반 180cm 콘솔 높은 거실장 스틸도어형 (2종 택1),379000,https://image.hanssem.com/hsimg/gds/1050/821/821213_A1.jpg?v=20250113101140
1999,1049196,room_4,fur_0001,블랑 루버 보조수납장 500,220000,https://image.hanssem.com/hsimg/gds/1050/1049/1049196_A1.jpg?v=20250210172702
2000,1075315,room_4,fur_0001,아카이브 175cm 와이드서랍장 (2종 택1),890000,https://image.hanssem.com/hsimg/gds/1050/1075/1075315_A1.jpg?v=20250804101314
2001,897875,room_4,fur_0001,카인드 미니 리프트업 테이블 (2종/택1),249000,https://image.hanssem.com/hsimg/gds/1050/897/897875_A1.jpg?v=20250804101312
2002,822929,room_4,fur_0001,클린트 어반 매거진랙 수납장 120cm_북진열대형,270000,https://image.hanssem.com/hsimg/gds/1050/822/822929_A1.jpg?v=20250113101141
2003,999021,room_4,fur_0001,아카이브 80cm 멀티수납장 높은선반형 (2종 택1),490000,https://image.hanssem.com/hsimg/gds/1050/999/999021_A1.jpg?v=20250804101313
2004,1090258,room_4,fur_0001,아카이브+ 155cm 콘솔장 루버형,785000,https://image.hanssem.com/hsimg/gds/1050/1090/1090258_A1.jpg?v=20250804101314
2005,913329,room_4,fur_0001,디어 오보에 거실장 140cm (2종 택1),379000,https://image.hanssem.com/hsimg/gds/1050/913/913329_A1.jpg?v=20250113101140
2006,993013,room_4,fur_0001,밀란 304 블랑 소파테이블,245000,https://image.hanssem.com/hsimg/gds/1050/993/993013_A1.jpg?v=20240404142757
2007,999023,room_4,fur_0001,아카이브 80cm 오픈수납장 (3종 택1),415000,https://image.hanssem.com/hsimg/gds/1050/999/999023_A1.jpg?v=20250804101313
2008,992975,room_4,fur_0001,밀란 304 블랑 사이드테이블,130000,https://image.hanssem.com/hsimg/gds/1050/992/992975_A1.jpg?v=20240704141221
2009,737704,room_4,fur_0001,클린트 모던 높은 거실장 80cm 일반형 수납장 (3종 택1),169000,https://image.hanssem.com/hsimg/gds/1050/737/737704_A1.jpg?v=20250113101140
2010,992974,room_4,fur_0001,밀란 304 블랑 AV장 2000 낮은장,477000,https://image.hanssem.com/hsimg/gds/1050/992/992974_A1.jpg?v=20240826164321
2011,993012,room_4,fur_0001,밀란 304 블랑 카페테이블,224000,https://image.hanssem.com/hsimg/gds/1050/993/993012_A1.jpg?v=20240222183153
2012,1062621,room_4,fur_0001,플래지어 프링글 소파테이블,456000,https://image.hanssem.com/hsimg/gds/1050/1062/1062621_A1.jpg?v=20250804101314
2013,992296,room_4,fur_0001,피코 소파테이블 모던(2종/택1),419000,https://image.hanssem.com/hsimg/gds/1050/992/992296_A1.jpg?v=20250804101312
2014,688055,room_4,fur_0001,클린트 모던 거실장 180cm 오픈형(3종/택1),235000,https://image.hanssem.com/hsimg/gds/1050/688/688055_A1.jpg?v=20250113101140
2015,993067,room_4,fur_0001,밀란 304 블랑 사이드테이블_협탁형,130000,https://image.hanssem.com/hsimg/gds/1050/993/993067_A1.jpg?v=20240404142757
2016,999004,room_4,fur_0001,[55딜]아카이브 160cm 멀티수납장 (2종 택1),550000,https://image.hanssem.com/hsimg/gds/1050/999/999004_A1.jpg?v=20250804101313
2017,1091148,room_4,fur_0001,재크 라운드 테이블 매트 700,29900,https://image.hanssem.com/hsimg/gds/1050/1091/1091148_A1.jpg?v=20250915132052
2018,1049198,room_4,fur_0001,블랑 루버 AV수납장 500,235000,https://image.hanssem.com/hsimg/gds/1050/1049/1049198_A1.jpg?v=20250210171730
2019,885926,room_4,fur_0001,클린트 어반 사이드테이블 라운드(3종 택1),120000,https://image.hanssem.com/hsimg/gds/1050/885/885926_A1.jpg?v=20250804101312
2020,993874,room_4,fur_0001,유로 503 파사드 듀얼 거실장 2000 기능형,814000,https://image.hanssem.com/hsimg/gds/1050/993/993874_A1.jpg?v=20250901143355
2021,145701,room_4,fur_0001,클린트2 거실장 120cm 서랍형,149000,https://image.hanssem.com/hsimg/gds/1050/145/145701_A1.jpg?v=20250804101310
2022,993876,room_4,fur_0001,유로 503 파사드 듀얼 보조수납장 1000,406000,https://image.hanssem.com/hsimg/gds/1050/993/993876_A1.jpg?v=20240404142757
2023,1075322,room_4,fur_0001,아카이브 80cm 멀티서랍장 높은선반형 (2종 택1),575000,https://image.hanssem.com/hsimg/gds/1050/1075/1075322_A1.jpg?v=20250804101314
2024,1090273,room_4,fur_0001,아카이브+ 78cm 높은오픈수납장 루버형,605000,https://image.hanssem.com/hsimg/gds/1050/1090/1090273_A1.jpg?v=20250804101314
2025,1090275,room_4,fur_0001,아카이브+ 벽고정서비스,10000,https://image.hanssem.com/hsimg/gds/1050/1090/1090275_A1.jpg?v=20250124140905
2026,1090251,room_4,fur_0001,아카이브+ 155cm 콘솔장 손잡이형,749000,https://image.hanssem.com/hsimg/gds/1050/1090/1090251_A1.jpg?v=20250804101314
2027,822927,room_4,fur_0001,클린트 어반 매거진랙 수납장 80cm_북진열대형,220000,https://image.hanssem.com/hsimg/gds/1050/822/822927_A1.jpg?v=20250113101141
2028,1090267,room_4,fur_0001,아카이브+ 78cm 콘솔장 루버형,475000,https://image.hanssem.com/hsimg/gds/1050/1090/1090267_A1.jpg?v=20250804101314
2029,992993,room_4,fur_0001,유로 503 파사드 거실장 유리상판 1450,122000,https://image.hanssem.com/hsimg/gds/1050/992/992993_A1.jpg?v=20231121084653
2030,822935,room_4,fur_0001,클린트 어반 매거진랙 수납장 160cm (수납장80cm+매거진랙 수납장80cm_서랍형),350000,https://image.hanssem.com/hsimg/gds/1050/822/822935_A1.jpg?v=20250113101141
2031,1068559,room_4,fur_0001,468라운드 사이드테이블,13900,https://image.hanssem.com/hsimg/gds/1050/1068/1068559_A1.jpg?v=20250915132051
2032,993291,room_4,fur_0001,유로 503 파사드 거실장 2900,1074000,https://image.hanssem.com/hsimg/gds/1050/993/993291_A1.jpg?v=20250116103813
2033,742366,room_4,fur_0001,클린트 모던 높은 거실장 200cm 서랍형 수납장(80cm 일반형 +120cm 서랍형) (3종 택1),428000,https://image.hanssem.com/hsimg/gds/1050/742/742366_A1.jpg?v=20250113101141
2034,1066289,room_5,fur_0000,[특가~9/29]샘베딩 퓨어 옷장세트 160cm (높이194cm) 서랍형,477750,https://image.hanssem.com/hsimg/gds/1050/1066/1066289_A1.jpg?v=20241205133138
2035,993868,room_5,fur_0000,조이S 2 옷장800,291000,https://image.hanssem.com/hsimg/gds/1050/993/993868_A1.jpg?v=20250401131026
2036,993871,room_5,fur_0000,조이S 2  수납행거,194000,https://image.hanssem.com/hsimg/gds/1050/993/993871_A1.jpg?v=20250811085740
2037,39650,room_5,fur_0000,샘베딩 베이직 옷장 80cm(높이194cm) 2단행거형 4종,179900,https://image.hanssem.com/hsimg/gds/1050/39/39650_A1.jpg?v=20241205133301
2038,1066292,room_5,fur_0000,[특가~9/29]샘베딩 퓨어 옷장세트 240cm (높이194cm) 서랍형,690750,https://image.hanssem.com/hsimg/gds/1050/1066/1066292_A1.jpg?v=20241205133404
2039,992443,room_5,fur_0000,아이디S 낮은T장  900,409000,https://image.hanssem.com/hsimg/gds/550/992/992443_A1.jpg?v=20250811090356
2040,993231,room_5,fur_0000,플렉스Z  슬라이딩 옷장 일반형,744000,https://image.hanssem.com/hsimg/gds/550/993/993231_A1.jpg?v=20250519105112
2041,993872,room_5,fur_0000,조이S 2 4단 서랍장600,332000,https://image.hanssem.com/hsimg/gds/1050/993/993872_A1.jpg?v=20250519105112
2042,171733,room_5,fur_0000,샘베딩 베이직 옷장 80cm(높이194cm) 행거서랍형 4종,269900,https://image.hanssem.com/hsimg/gds/1050/171/171733_A1.jpg?v=20241205133824
2043,1066285,room_5,fur_0000,[특가~9/29]샘베딩 퓨어 옷장세트 120cm (높이194cm) 서랍형,422730,https://image.hanssem.com/hsimg/gds/1050/1066/1066285_A1.jpg?v=20250717163133
2044,39571,room_5,fur_0000,[특가~9/29]샘베딩 베이직 옷장세트 240cm(높이194cm) 행거형 4종,547700,https://image.hanssem.com/hsimg/gds/1050/39/39571_A1.jpg?v=20241205133431
2045,1066611,room_5,fur_0000,샘베딩 퓨어 옷장 80cm (높이194cm) 2단 행거형,193500,https://image.hanssem.com/hsimg/gds/1050/1066/1066611_A1.jpg?v=20241205133617
2046,992445,room_5,fur_0000,아이디S 짧은장  900,377000,https://image.hanssem.com/hsimg/gds/550/992/992445_A1.jpg?v=20250811090748
2047,993240,room_5,fur_0000,플렉스Z 수납스툴 370,96000,https://image.hanssem.com/hsimg/gds/550/993/993240_A1.jpg?v=20250519105112
2048,993230,room_5,fur_0000,플렉스Z  슬라이딩 옷장 선반형,951000,https://image.hanssem.com/hsimg/gds/1050/993/993230_A1.jpg?v=20250519105112
2049,927015,room_5,fur_0000,[특가~9/29]1+1 재크플러스 철제 5단 서랍장,99000,https://image.hanssem.com/hsimg/gds/550/927/927015_A1.jpg?v=20250915132053
2050,993867,room_5,fur_0000,조이S 2 옷장400,187000,https://image.hanssem.com/hsimg/gds/1050/993/993867_A1.jpg?v=20250401140804
2051,1071020,room_5,fur_0000,조이S 2 등교장 600,329000,https://image.hanssem.com/hsimg/gds/1050/1071/1071020_A1.jpg?v=20250106102136
2052,992444,room_5,fur_0000,아이디S 이불장  900,388000,https://image.hanssem.com/hsimg/gds/550/992/992444_A1.jpg?v=20250811090526
2053,289959,room_5,fur_0000,[특가~9/29]샘베딩 스테디 옷장세트 160cm(높이194cm) 서랍형 10종,453800,https://image.hanssem.com/hsimg/gds/1050/289/289959_A1.jpg?v=20241205134032
2054,289954,room_5,fur_0000,샘베딩 스테디 옷장 80cm(높이194cm) 행거서랍형 10종,277900,https://image.hanssem.com/hsimg/gds/1050/289/289954_A1.jpg?v=20250214163950
2055,262290,room_5,fur_0000,샘베딩 스테디 옷장 80cm(높이194cm)2단행거형,189900,https://image.hanssem.com/hsimg/gds/1050/262/262290_A1.jpg?v=20250818103748
2056,993232,room_5,fur_0000,플렉스Z 수납화장대 600,380000,https://image.hanssem.com/hsimg/gds/1050/993/993232_A1.jpg?v=20250519105112
2057,992442,room_5,fur_0000,아이디S 긴장  900,388000,https://image.hanssem.com/hsimg/gds/550/992/992442_A1.jpg?v=20241209180107
2058,993870,room_5,fur_0000,조이S 2 사이드장300,314000,https://image.hanssem.com/hsimg/gds/1050/993/993870_A1.jpg?v=20241205094955
2059,993869,room_5,fur_0000,조이S 2 슬라이딩 옷장1000,668000,https://image.hanssem.com/hsimg/gds/1050/993/993869_A1.jpg?v=20241205150543
2060,975161,room_5,fur_0001,윌링 책상의자(2종/택1),219900,https://image.hanssem.com/hsimg/gds/1050/975/975161_A1.jpg?v=20250612112301
2061,1032598,room_5,fur_0001,웨이브 책상의자 (2종/택1),397000,https://image.hanssem.com/hsimg/gds/1050/1032/1032598_A1.jpg?v=20250519105112
2062,993689,room_5,fur_0001,코티에어 책상의자(컬러 택1),262000,https://image.hanssem.com/hsimg/gds/1050/993/993689_A1.jpg?v=20250123102204
2063,975191,room_5,fur_0001,다이브 책상의자(3종/택1),169900,https://image.hanssem.com/hsimg/gds/1050/975/975191_A1.jpg?v=20250121080816
2064,425873,room_5,fur_0001,허드 가죽 체어(3종/택1),45900,https://image.hanssem.com/hsimg/gds/1050/425/425873_A1.jpg?v=20250915132053
2065,993139,room_5,fur_0001,유로 501 플랫 바체어,169000,https://image.hanssem.com/hsimg/gds/1050/993/993139_A1.jpg?v=20250519105112
2066,288044,room_5,fur_0001,조앤라이트 책상의자 인조가죽형(컬러 1택) DIY,205900,https://image.hanssem.com/hsimg/gds/1050/288/288044_A1.jpg?v=20240805101534
2067,1024709,room_5,fur_0001,블랑 체어/스툴 (4종/택1),32900,https://image.hanssem.com/hsimg/gds/550/1024/1024709_A1.jpg?v=20250915132053
2068,1117930,room_5,fur_0001,비스포크 프로 책상의자 (2종/택1),450000,https://image.hanssem.com/hsimg/gds/1050/1117/1117930_A1.jpg?v=20250926144111
2069,993691,room_5,fur_0001,조앤 책상의자-회전/무회전형(컬러 택1),234000,https://image.hanssem.com/hsimg/gds/1050/993/993691_A1.jpg?v=20240702132826
2070,1072080,room_5,fur_0001,노바 책상의자 DIY,135900,https://image.hanssem.com/hsimg/gds/1050/1072/1072080_A1.jpg?v=20250407180425
2071,1112413,room_5,fur_0001,데오 책상의자 DIY (2종/택1),149900,https://image.hanssem.com/hsimg/gds/1050/1112/1112413_A1.jpg?v=20250922150202
2072,1120857,room_5,fur_0001,(아울렛)비스포크 핏 책상의자,200000,https://image.hanssem.com/hsimg/gds/550/1120/1120857_A1.jpg?v=20250922151405
2073,1032597,room_5,fur_0001,누보 책상의자(2종/택1),597000,https://image.hanssem.com/hsimg/gds/1050/1032/1032597_A1.jpg?v=20250822112909
2074,281399,room_5,fur_0001,조앤라이트 책상의자 패브릭형(컬러 택1)DIY,195900,https://image.hanssem.com/hsimg/gds/1050/281/281399_A1.jpg?v=20240805101534
2075,1084431,room_5,fur_0001,티오 책상의자 DIY (컬러 택1),155900,https://image.hanssem.com/hsimg/gds/1050/1084/1084431_A1.jpg?v=20250210133622
2076,1046153,room_5,fur_0001,시디즈 T20의자 DIY,214000,https://image.hanssem.com/hsimg/gds/1050/1046/1046153_A1.jpg?v=20250519105112
2077,1046148,room_5,fur_0001,시디즈 링고의자 DIY (발받침 포함),189000,https://image.hanssem.com/hsimg/gds/1050/1046/1046148_A1.jpg?v=20240702133623
2078,1061427,room_5,fur_0001,(아울렛) 윌링 책상의자,171000,https://image.hanssem.com/hsimg/gds/550/1061/1061427_A1.jpg?v=20250922151404
2079,993692,room_5,fur_0001,조앤 책상의자-집중형(컬러 택1),224000,https://image.hanssem.com/hsimg/gds/1050/993/993692_A1.jpg?v=20240702132900
2080,1046150,room_5,fur_0001,시디즈 T50 의자,359000,https://image.hanssem.com/hsimg/gds/1050/1046/1046150_A1.jpg?v=20250901101831
2081,1072472,room_5,fur_0001,뮤 홈리빙의자 DIY,115900,https://image.hanssem.com/hsimg/gds/1050/1072/1072472_A1.jpg?v=20250121080817
2082,607627,room_5,fur_0001,모리 컴포트 책상의자 발받침 DIY (모리 컴포트 전용),26000,https://image.hanssem.com/hsimg/gds/1050/607/607627_A1.jpg?v=20240805101534
2083,288043,room_5,fur_0001,조앤라이트 책상의자 발받침형(컬러 택1) DIY,189000,https://image.hanssem.com/hsimg/gds/1050/288/288043_A1.jpg?v=20240805101534
2084,992402,room_5,fur_0001,조이 책상의자 고정형 (컬러 택1),299000,https://image.hanssem.com/hsimg/gds/550/992/992402_A1.jpg?v=20241105164428
2085,1032599,room_5,fur_0001,알로 책상의자,239000,https://image.hanssem.com/hsimg/gds/1050/1032/1032599_A1.jpg?v=20250922105759
2086,993682,room_5,fur_0001,K60 책상의자 (옵션 택1),457000,https://image.hanssem.com/hsimg/gds/1050/993/993682_A1.jpg?v=20250519105112
2087,1060256,room_5,fur_0001,(아울렛) 알로 책상의자,176000,https://image.hanssem.com/hsimg/gds/550/1060/1060256_A1.jpg?v=20250922151404
2088,288042,room_5,fur_0001,조앤라이트 책상의자 패브릭/발받침형(컬러 택1) DIY,209000,https://image.hanssem.com/hsimg/gds/1050/288/288042_A1.jpg?v=20241216114346
2089,1059051,room_5,fur_0001,(아울렛) K60 책상의자 다크그레이,457000,https://image.hanssem.com/hsimg/gds/550/1059/1059051_A1.jpg?v=20250908183418
2090,637676,room_5,fur_0001,아망 체어 (3종/택1),55900,https://image.hanssem.com/hsimg/gds/550/637/637676_A1.jpg?v=20250915132053
2091,281402,room_5,fur_0001,조앤라이트 책상의자(컬러 택1) DIY,175900,https://image.hanssem.com/hsimg/gds/1050/281/281402_A1.jpg?v=20240805101534
2092,288046,room_5,fur_0001,조앤라이트 책상의자 인조가죽/발받침형(컬러 택1) DIY,219000,https://image.hanssem.com/hsimg/gds/1050/288/288046_A1.jpg?v=20240805101535
2093,350375,room_5,fur_0001,모리 스마트 책상의자 DIY (6종/택1),209000,https://image.hanssem.com/hsimg/gds/1050/350/350375_A1.jpg?v=20240805101534
2094,1112420,room_5,fur_0001,비스포크 핏 책상의자 (2종/택1),311000,https://image.hanssem.com/hsimg/gds/1050/1112/1112420_A1.jpg?v=20250922150250
2095,993370,room_5,fur_0001,모리스마트 책상의자,395000,https://image.hanssem.com/hsimg/gds/1050/993/993370_A1.jpg?v=20240911111833
2096,1023568,room_5,fur_0001,라탄체어/스툴,16900,https://image.hanssem.com/hsimg/gds/550/1023/1023568_A1.jpg?v=20250915132052
2097,1039295,room_5,fur_0002,"티오 각도조절책상 세트 (플랩도어,조명 포함)",640690,https://image.hanssem.com/hsimg/gds/1050/1039/1039295_A1.jpg?v=20250903085343
2098,993475,room_5,fur_0002,유닛 h형 책상 세트 1600,1177000,https://image.hanssem.com/hsimg/gds/1050/993/993475_A1.jpg?v=20250813114207
2099,1085902,room_5,fur_0002,티오의자 DIY+티오 일자책상 세트,443220,https://image.hanssem.com/hsimg/gds/1050/1085/1085902_A1.jpg?v=20250903083706
2100,604571,room_5,fur_0002,샘 책상 120cm 하부서랍형 DIY(컬러 택1),189900,https://image.hanssem.com/hsimg/gds/1050/604/604571_A1.jpg?v=20250514103155
2101,993471,room_5,fur_0002,유닛 일반 책상 1200 D70,309000,https://image.hanssem.com/hsimg/gds/1050/993/993471_A1.jpg?v=20250519105112
2102,882453,room_5,fur_0002,샘 책상 120cm 일반형 시공 (화이트),139900,https://image.hanssem.com/hsimg/gds/1050/882/882453_A1.jpg?v=20240805101532
2103,1085903,room_5,fur_0002,티오의자 DIY+티오 멀티 일자책상 세트,684250,https://image.hanssem.com/hsimg/gds/1050/1085/1085903_A1.jpg?v=20250903084705
2104,992439,room_5,fur_0002,아이디S 6단 일자책상set 1400,774000,https://image.hanssem.com/hsimg/gds/1050/992/992439_A1.jpg?v=20241209175824
2105,1071023,room_5,fur_0002,조이S 2 매직데스크set 시리즈,949000,https://image.hanssem.com/hsimg/gds/1050/1071/1071023_A1.jpg?v=20250919140128
2106,1077500,room_5,fur_0002,티오 하부수납 단독책상 세트 (옵션 택1),378300,https://image.hanssem.com/hsimg/gds/1050/1077/1077500_A1.jpg?v=20250903084307
2107,1028805,room_5,fur_0002,티오 단독책상 세트 (옵션 택1),365200,https://image.hanssem.com/hsimg/gds/1050/1028/1028805_A1.jpg?v=20250901093934
2108,337211,room_5,fur_0002,샘스마트 전면 책상 112.5cm (컬러 택1),299900,https://image.hanssem.com/hsimg/gds/1050/337/337211_A1.jpg?v=20250519105112
2109,337208,room_5,fur_0002,샘스마트 책상 112.5cm (컬러 택1),219900,https://image.hanssem.com/hsimg/gds/1050/337/337208_A1.jpg?v=20250519105112
2110,1060360,room_5,fur_0002,티오 단독 책상세트+조앤 책상의자,532460,https://image.hanssem.com/hsimg/gds/1050/1060/1060360_A1.jpg?v=20250903084128
2111,604588,room_5,fur_0002,샘 책상 150cm 하부서랍형 시공(컬러 택1),229900,https://image.hanssem.com/hsimg/gds/1050/604/604588_A1.jpg?v=20240805101532
2112,993472,room_5,fur_0002,유닛 일반 책상 1400 D70,367000,https://image.hanssem.com/hsimg/gds/1050/993/993472_A1.jpg?v=20250519105112
2113,993843,room_5,fur_0002,그랩잇거치대,94000,https://image.hanssem.com/hsimg/gds/1050/993/993843_A1.jpg?v=20250519105112
2114,992606,room_5,fur_0002,아이디S 스마트 조명,124000,https://image.hanssem.com/hsimg/gds/550/992/992606_A1.jpg?v=20250519105112
2115,882455,room_5,fur_0002,샘 책상 120cm 책상서랍형 시공 (화이트),199900,https://image.hanssem.com/hsimg/gds/1050/882/882455_A1.jpg?v=20240805101532
2116,993201,room_5,fur_0002,플렉스Z 일반책상 1400 D60,206000,https://image.hanssem.com/hsimg/gds/1050/993/993201_A1.jpg?v=20241129090653
2117,1039294,room_5,fur_0002,"티오 일자책상세트 (플랩도어,조명 포함)",465850,https://image.hanssem.com/hsimg/gds/1050/1039/1039294_A1.jpg?v=20250903083451
2118,1028868,room_5,fur_0002,티오 책상부착용 콘센트,29000,https://image.hanssem.com/hsimg/gds/1050/1028/1028868_A1.jpg?v=20240724143132
2119,992704,room_5,fur_0002,플러스 모션데스크 1400 일반형,1114000,https://image.hanssem.com/hsimg/gds/1050/992/992704_A1.jpg?v=20250519105112
2120,1031976,room_5,fur_0002,조이S 2 데스크패드 (논슬립),55000,https://image.hanssem.com/hsimg/gds/1050/1031/1031976_A1.jpg?v=20240905165734
2121,993474,room_5,fur_0002,유닛 h형 책상 세트 1400,1159000,https://image.hanssem.com/hsimg/gds/1050/993/993474_A1.jpg?v=20250808110621
2122,993832,room_5,fur_0002,조이S 2 컴팩트 일자책상 set,439000,https://image.hanssem.com/hsimg/gds/1050/993/993832_A1.jpg?v=20250401140501
2123,1077503,room_5,fur_0002,"티오 하부수납 단독책상 세트 (플랩도어,조명 포함)",578270,https://image.hanssem.com/hsimg/gds/1050/1077/1077503_A1.jpg?v=20250903084413
2124,1083399,room_5,fur_0002,티오 멀티 일자 책상세트+ 시디즈 링고의자 DIY,655200,https://image.hanssem.com/hsimg/gds/1050/1083/1083399_A1.jpg?v=20250903084629
2125,1083400,room_5,fur_0002,티오 파티션일자 책상세트+ 시디즈 링고의자 DIY,567290,https://image.hanssem.com/hsimg/gds/1050/1083/1083400_A1.jpg?v=20250903084943
2126,992438,room_5,fur_0002,아이디S 5단 일자책상set 1400,724000,https://image.hanssem.com/hsimg/gds/1050/992/992438_A1.jpg?v=20241209175756
2127,992467,room_5,fur_0002,아이디S 책상장 ACC set,32000,https://image.hanssem.com/hsimg/gds/1050/992/992467_A1.jpg?v=20250519105112
2128,604592,room_5,fur_0002,샘 책상 120cm h형 시공(컬러 택1),189900,https://image.hanssem.com/hsimg/gds/1050/604/604592_A1.jpg?v=20250519105112
2129,1077506,room_5,fur_0002,티오 멀티 일자책상 세트 (옵션 택1),518500,https://image.hanssem.com/hsimg/gds/1050/1077/1077506_A1.jpg?v=20250903084545
2130,973895,room_5,fur_0002,티오 LED 클램프조명 (플렉스Z 공용),75000,https://image.hanssem.com/hsimg/gds/1050/973/973895_A1.jpg?v=20241206135829
2131,1071022,room_5,fur_0002,조이S 2 LITE매직데스크set 시리즈,769000,https://image.hanssem.com/hsimg/gds/1050/1071/1071022_A1.jpg?v=20250919140300
2132,1085884,room_5,fur_0002,티오의자 DIY+티오 파티션 일자책상 세트,576020,https://image.hanssem.com/hsimg/gds/1050/1085/1085884_A1.jpg?v=20250903085020
2133,1077502,room_5,fur_0002,티오 각도조절책상 세트 (옵션 택1),419650,https://image.hanssem.com/hsimg/gds/1050/1077/1077502_A1.jpg?v=20250903085305
2134,667832,room_5,fur_0002,티오 책상장 LED 스터디 조명80cm,99900,https://image.hanssem.com/hsimg/gds/1050/667/667832_A1.jpg?v=20250519105112
2135,993846,room_5,fur_0002,조이S 2 매직데스크패드 set,101000,https://image.hanssem.com/hsimg/gds/1050/993/993846_A1.jpg?v=20240906092207
2136,993845,room_5,fur_0002,조이S2 소서랍,14000,https://image.hanssem.com/hsimg/gds/1050/993/993845_A1.jpg?v=20240906094531
2137,882452,room_5,fur_0002,샘 책상 150cm 하부서랍형 시공 (화이트),239900,https://image.hanssem.com/hsimg/gds/1050/882/882452_A1.jpg?v=20240805101532
2138,882451,room_5,fur_0002,샘 책상 150cm 일반형 시공 (화이트),159900,https://image.hanssem.com/hsimg/gds/1050/882/882451_A1.jpg?v=20250113113754
2139,604574,room_5,fur_0002,샘 책상 150cm 일반형 DIY(컬러 택1),139900,https://image.hanssem.com/hsimg/gds/1050/604/604574_A1.jpg?v=20250514103023
2140,337210,room_5,fur_0002,샘스마트 책상 112.5cm 오픈형 (컬러 택1),209900,https://image.hanssem.com/hsimg/gds/1050/337/337210_A1.jpg?v=20250519105112
2141,993619,room_5,fur_0002,아이디S 6단 일자책상set 1200 (온라인 전용),699000,https://image.hanssem.com/hsimg/gds/550/993/993619_A1.jpg?v=20241209181611
2142,604575,room_5,fur_0002,샘 책상 150cm 하부서랍형 DIY(컬러 택1),219900,https://image.hanssem.com/hsimg/gds/1050/604/604575_A1.jpg?v=20250514103315
2143,667815,room_5,fur_0002,티오 일반책상 120cm (컬러 택1),125900,https://image.hanssem.com/hsimg/gds/1050/667/667815_A1.jpg?v=20250903082642
2144,992434,room_5,fur_0002,아이디S 5단 단독책상set 1400,774000,https://image.hanssem.com/hsimg/gds/1050/992/992434_A1.jpg?v=20241209175605
2145,992437,room_5,fur_0002,아이디S 6단 일자책상set 1200,714000,https://image.hanssem.com/hsimg/gds/1050/992/992437_A1.jpg?v=20241209175730
2146,1077505,room_5,fur_0002,티오 멀티 단독책상 세트 (옵션 택1),535350,https://image.hanssem.com/hsimg/gds/1050/1077/1077505_A1.jpg?v=20250903084735
2147,715241,room_5,fur_0002,[특가~9/29]티오 단독 책상세트+시디즈 링고의자 DIY,473600,https://image.hanssem.com/hsimg/gds/1050/715/715241_A1.jpg?v=20250912093121
2148,804114,room_5,fur_0002,티오 일자 책상세트+시디즈 링고의자 DIY,453690,https://image.hanssem.com/hsimg/gds/1050/804/804114_A1.jpg?v=20250903083619
2149,1077501,room_5,fur_0002,티오 일자책상 세트 (옵션 택1),267810,https://image.hanssem.com/hsimg/gds/1050/1077/1077501_A1.jpg?v=20250903083401
2150,993618,room_5,fur_0002,아이디S 5단 일자책상set 1200 (온라인 전용),637000,https://image.hanssem.com/hsimg/gds/550/993/993618_A1.jpg?v=20241209181346
2151,993834,room_5,fur_0002,조이S 2 컴팩트 LITE매직데스크 set,649000,https://image.hanssem.com/hsimg/gds/1050/993/993834_A1.jpg?v=20250919140359
2152,882456,room_5,fur_0002,샘 책상 120cm 오픈수납형 시공 (화이트),179900,https://image.hanssem.com/hsimg/gds/1050/882/882456_A1.jpg?v=20240805101532
2153,992436,room_5,fur_0002,아이디S 5단 일자책상set 1200,644000,https://image.hanssem.com/hsimg/gds/1050/992/992436_A1.jpg?v=20240903160151
2154,604587,room_5,fur_0002,샘 책상 150cm 일반형 시공(컬러 택1),159900,https://image.hanssem.com/hsimg/gds/1050/604/604587_A1.jpg?v=20250121080816
2155,1071021,room_5,fur_0002,조이S 2 일자책상set 시리즈,559000,https://image.hanssem.com/hsimg/gds/1050/1071/1071021_A1.jpg?v=20250401140340
2156,337218,room_5,fur_0002,샘스마트 책상 확장수납장 (컬러 택1),90000,https://image.hanssem.com/hsimg/gds/1050/337/337218_A1.jpg?v=20250519105112
2157,992767,room_5,fur_0002,아이디S 단독 책상 1400,246000,https://image.hanssem.com/hsimg/gds/550/992/992767_A1.jpg?v=20241209181249
2158,992873,room_5,fur_0002,플러스 모션 행잉PC홀더,102000,https://image.hanssem.com/hsimg/gds/1050/992/992873_A1.jpg?v=20250519105112
2159,993621,room_5,fur_0002,아이디S 6단 단독책상set 1400 (온라인 전용),818000,https://image.hanssem.com/hsimg/gds/550/993/993621_A1.jpg?v=20241209182134
2160,810328,room_5,fur_0002,[특가~9/29]티오 각도조절 책상세트+시디즈 링고의자 DIY,591500,https://image.hanssem.com/hsimg/gds/1050/810/810328_A1.jpg?v=20250903085508
2161,604570,room_5,fur_0002,샘 책상 120cm 일반형 DIY(컬러 택1),119900,https://image.hanssem.com/hsimg/gds/1050/604/604570_A1.jpg?v=20250514085303
2162,1077504,room_5,fur_0002,티오 하부수납 단독 책상세트+ 시디즈 링고의자 DIY,580900,https://image.hanssem.com/hsimg/gds/1050/1077/1077504_A1.jpg?v=20250903084457
2163,882454,room_5,fur_0002,샘 책상 120cm 하부서랍형 시공 (화이트),219900,https://image.hanssem.com/hsimg/gds/1050/882/882454_A1.jpg?v=20240805101532
2164,1078665,room_5,fur_0002,"조이S 2 컨트롤 조명 (컨트롤러형, 컨트롤선반 전용)",189000,https://image.hanssem.com/hsimg/gds/1050/1078/1078665_A1.jpg?v=20250106102136
2165,993200,room_5,fur_0002,플렉스Z 일반책상 1200 D60,185000,https://image.hanssem.com/hsimg/gds/1050/993/993200_A1.jpg?v=20241129085525
2166,604583,room_5,fur_0002,샘 책상 120cm 일반형 시공(컬러 택1),129900,https://image.hanssem.com/hsimg/gds/1050/604/604583_A1.jpg?v=20250121080817
2167,1028838,room_5,fur_0002,티오 h형책상세트 (옵션 택1),238140,https://image.hanssem.com/hsimg/gds/1050/1028/1028838_A1.jpg?v=20250714102513
2168,604596,room_5,fur_0002,샘 전면책상세트 120cm 책상서랍형 시공(컬러 택1),364900,https://image.hanssem.com/hsimg/gds/1050/604/604596_A1.jpg?v=20240805101532
2169,604594,room_5,fur_0002,샘 전면책상세트 120cm 일반형 시공(컬러 택1),304900,https://image.hanssem.com/hsimg/gds/1050/604/604594_A1.jpg?v=20240805101532
2170,604585,room_5,fur_0002,샘 책상 120cm 책상서랍형 시공(컬러 택1),189900,https://image.hanssem.com/hsimg/gds/1050/604/604585_A1.jpg?v=20250121080817
2171,993202,room_5,fur_0002,플렉스Z 일반책상 1600 D60,248000,https://image.hanssem.com/hsimg/gds/1050/993/993202_A1.jpg?v=20241129085753
2172,993836,room_5,fur_0002,조이S 2 컴팩트 매직데스크 set,829000,https://image.hanssem.com/hsimg/gds/1050/993/993836_A1.jpg?v=20250919140500
2173,992435,room_5,fur_0002,아이디S 6단 단독책상set 1400,824000,https://image.hanssem.com/hsimg/gds/1050/992/992435_A1.jpg?v=20250811085528
2174,993847,room_5,fur_0002,조이S 2 책상 조명,162000,https://image.hanssem.com/hsimg/gds/1050/993/993847_A1.jpg?v=20250702132613
2175,1071024,room_5,fur_0002,조이S 2 단독책상set 시리즈,679000,https://image.hanssem.com/hsimg/gds/1050/1071/1071024_A1.jpg?v=20250401130941
2176,604579,room_5,fur_0002,샘 전면책상세트 120cm 일반형 DIY(컬러 택1),254900,https://image.hanssem.com/hsimg/gds/1050/604/604579_A1.jpg?v=20250514103728
2177,973908,room_5,fur_0002,티오 일반책상 160cm (컬러 택1),169900,https://image.hanssem.com/hsimg/gds/1050/973/973908_A1.jpg?v=20250903082922
2178,604597,room_5,fur_0002,샘 전면책상세트 120cm 오픈수납형 시공(컬러 택1),344900,https://image.hanssem.com/hsimg/gds/1050/604/604597_A1.jpg?v=20240805101532
2179,993473,room_5,fur_0002,유닛 일반 책상 1600 D70,384000,https://image.hanssem.com/hsimg/gds/1050/993/993473_A1.jpg?v=20250718152102
2180,993840,room_5,fur_0002,조이S 2 보조 책상,339000,https://image.hanssem.com/hsimg/gds/1050/993/993840_A1.jpg?v=20250401140655
2181,604584,room_5,fur_0002,샘 책상 120cm 하부서랍형 시공(컬러 택1),209900,https://image.hanssem.com/hsimg/gds/1050/604/604584_A1.jpg?v=20240930095807
2182,993591,room_5,fur_0002,코티 기능성 책상 1200,736000,https://image.hanssem.com/hsimg/gds/1050/993/993591_A1.jpg?v=20240725130752
2183,667833,room_5,fur_0002,티오 자석보드 60cm,42900,https://image.hanssem.com/hsimg/gds/1050/667/667833_A1.jpg?v=20250519105112
2184,337212,room_5,fur_0002,샘스마트 책상+확장수납장 (컬러 택1),309900,https://image.hanssem.com/hsimg/gds/1050/337/337212_A1.jpg?v=20250519105112
2185,993838,room_5,fur_0002,조이S 2 단독 책상,218000,https://image.hanssem.com/hsimg/gds/1050/993/993838_A1.jpg?v=20250401140531
2186,1077507,room_5,fur_0002,티오 파티션 일자책상 세트 (옵션 택1),414170,https://image.hanssem.com/hsimg/gds/1050/1077/1077507_A1.jpg?v=20250903084908
2187,602514,room_5,fur_0002,티오ㄱ자 데스크패드+자석바 세트,75000,https://image.hanssem.com/hsimg/gds/1050/602/602514_A1.jpg?v=20250519105112
2188,1071018,room_5,fur_0002,조이S 2 모션데스크set 시리즈,1389000,https://image.hanssem.com/hsimg/gds/1050/1071/1071018_A1.jpg?v=20250417100949
2189,1043195,room_5,fur_0002,티오 그로우 전면책상 일반형 5단 120X75cm (옵션 택1),289000,https://image.hanssem.com/hsimg/gds/1050/1043/1043195_A1.jpg?v=20250519105112
2190,1060359,room_5,fur_0002,티오 일자 책상세트+조앤 학생의자,469860,https://image.hanssem.com/hsimg/gds/1050/1060/1060359_A1.jpg?v=20250903083737
2191,992394,room_5,fur_0002,뉴ID LED 스터디 조명 블루투스,219000,https://image.hanssem.com/hsimg/gds/1050/992/992394_A1.jpg?v=20250519105112
2192,973933,room_5,fur_0002,티오 ㄱ자책상 160cm (컬러 택1),275900,https://image.hanssem.com/hsimg/gds/1050/973/973933_A1.jpg?v=20250903083108
2193,1039293,room_5,fur_0002,"티오 단독책상 세트 (플랩도어,조명 포함)",564800,https://image.hanssem.com/hsimg/gds/1050/1039/1039293_A1.jpg?v=20250903083919
2194,1071019,room_5,fur_0002,조이S 2 모션데스크,649000,https://image.hanssem.com/hsimg/gds/1050/1071/1071019_A1.jpg?v=20250507143820
2195,604593,room_5,fur_0002,샘 책상 120cm h형하부서랍 시공(컬러 택1),269900,https://image.hanssem.com/hsimg/gds/1050/604/604593_A1.jpg?v=20250519105112
2196,1043197,room_5,fur_0002,티오 데스크매트 80cm,25000,https://image.hanssem.com/hsimg/gds/1050/1043/1043197_A1.jpg?v=20240724140237
2197,691963,room_5,fur_0002,티오 일반책상 140cm (컬러 택1),129900,https://image.hanssem.com/hsimg/gds/1050/691/691963_A1.jpg?v=20250903082727
2198,604586,room_5,fur_0002,샘 책상 120cm 오픈수납형 시공(컬러 택1),179900,https://image.hanssem.com/hsimg/gds/1050/604/604586_A1.jpg?v=20240805101532
2199,1083398,room_5,fur_0002,티오 멀티 단독 책상세트+시디즈 링고의자 DIY,708750,https://image.hanssem.com/hsimg/gds/1050/1083/1083398_A1.jpg?v=20250903084804
2200,1077508,room_5,fur_0002,티오 하부수납 단독책상 (옵션 택1),168100,https://image.hanssem.com/hsimg/gds/1050/1077/1077508_A1.jpg?v=20250903083002
2201,862982,room_5,fur_0003,샘 책장 5단 120cm 모던형 시공 (컬러 택1),295900,https://image.hanssem.com/hsimg/gds/1050/862/862982_A1.jpg?v=20240930095807
2202,110968,room_5,fur_0003,샘 책장 2단 120cm 스틸다리형 시공(컬러 택1),129900,https://image.hanssem.com/hsimg/gds/1050/110/110968_A1.jpg?v=20250519105112
2203,857502,room_5,fur_0003,샘 책장 4단 80cm 매거진랙형 시공 (컬러 택1),197900,https://image.hanssem.com/hsimg/gds/1050/857/857502_A1.jpg?v=20240805101533
2204,993856,room_5,fur_0003,조이S 2 화이트보드도어,100000,https://image.hanssem.com/hsimg/gds/1050/993/993856_A1.jpg?v=20241205093822
2205,857489,room_5,fur_0003,[특가~9/29]샘 책장 5단 120cm 수납형 시공 (컬러 택1),195900,https://image.hanssem.com/hsimg/gds/1050/857/857489_A1.jpg?v=20250113113754
2206,993456,room_5,fur_0003,유닛 2단도어 600 책장용,67000,https://image.hanssem.com/hsimg/gds/1050/993/993456_A1.jpg?v=20250813135407
2207,862985,room_5,fur_0003,샘 책장 5단 120cm 서랍형 시공 (컬러 택1),214900,https://image.hanssem.com/hsimg/gds/1050/862/862985_A1.jpg?v=20240805101533
2208,71671,room_5,fur_0003,샘 인서트 십자선반 DIY  (컬러 택1),25000,https://image.hanssem.com/hsimg/gds/1050/71/71671_A1.jpg?v=20250327100450
2209,857505,room_5,fur_0003,샘 책장 4단 80cm 매거진수납형 시공 (컬러 택1),257900,https://image.hanssem.com/hsimg/gds/1050/857/857505_A1.jpg?v=20240805101533
2210,857493,room_5,fur_0003,샘 책장 5단 120cm 매거진랙형 시공 (컬러 택1),262900,https://image.hanssem.com/hsimg/gds/1050/857/857493_A1.jpg?v=20240805101533
2211,857486,room_5,fur_0003,샘 매거진랙 스윙도어 시공,49000,https://image.hanssem.com/hsimg/gds/1050/857/857486_A1.jpg?v=20240805101533
2212,736183,room_5,fur_0003,샘파레트 책장 5단 120cm X 2set 시공 (컬러 택1),231800,https://image.hanssem.com/hsimg/gds/1050/736/736183_A1.jpg?v=20240805101533
2213,857494,room_5,fur_0003,샘 책장 3단 120cm 매거진랙형 시공 (컬러 택1),246900,https://image.hanssem.com/hsimg/gds/1050/857/857494_A1.jpg?v=20250519105112
2214,862986,room_5,fur_0003,샘 책장 3단 120cm 서랍형 시공 (컬러 택1),198900,https://image.hanssem.com/hsimg/gds/1050/862/862986_A1.jpg?v=20250519105112
2215,857506,room_5,fur_0003,샘 책장 3단 80cm 매거진수납형 시공 (컬러 택1),250900,https://image.hanssem.com/hsimg/gds/1050/857/857506_A1.jpg?v=20250519105112
2216,898603,room_5,fur_0003,샘 어린이책장 2단 160cm DIY(컬러 택1),99900,https://image.hanssem.com/hsimg/gds/1050/898/898603_A1.jpg?v=20250519105112
2217,1060154,room_5,fur_0003,[특가~9/29]1+1 모로 3단 트롤리 화이트,35900,https://image.hanssem.com/hsimg/gds/550/1060/1060154_A1.jpg?v=20250915132053
2218,37959,room_5,fur_0003,샘 어린이책장 3단 80cm 시공(컬러 택1),92900,https://image.hanssem.com/hsimg/gds/1050/37/37959_A1.jpg?v=20250519105112
2219,71673,room_5,fur_0003,샘 인서트 ㄷ자선반 DIY  (컬러 택1),20000,https://image.hanssem.com/hsimg/gds/1050/71/71673_A1.jpg?v=20240805101533
2220,1028855,room_5,fur_0003,티오 수납책장 5단 60cm (옵션 택1),231200,https://image.hanssem.com/hsimg/gds/1050/1028/1028855_A1.jpg?v=20241216114347
2221,539396,room_5,fur_0003,샘 어린이책장 3단 120cm DIY(컬러 택1),85900,https://image.hanssem.com/hsimg/gds/1050/539/539396_A1.jpg?v=20250519105112
2222,767710,room_5,fur_0003,샘 와이드 책장 5단 120cm+샘 5단 65cm시공set,212800,https://image.hanssem.com/hsimg/gds/1050/767/767710_A1.jpg?v=20250113113754
2223,898604,room_5,fur_0003,샘 어린이책장 2단 200cm DIY(컬러 택1),105900,https://image.hanssem.com/hsimg/gds/1050/898/898604_A1.jpg?v=20250519105112
2224,423525,room_5,fur_0003,샘 책장 5단 120cm X 2set 시공(컬러 택1),231800,https://image.hanssem.com/hsimg/gds/1050/423/423525_A1.jpg?v=20250829165608
2225,774947,room_5,fur_0003,샘 와이드 책장 5단 120cm+샘 5단 80cm시공set,215800,https://image.hanssem.com/hsimg/gds/1050/774/774947_A1.jpg?v=20250902143636
2226,37964,room_5,fur_0003,샘 책장 5단 120cm 시공 (컬러 택1),115900,https://image.hanssem.com/hsimg/gds/1050/37/37964_A1.jpg?v=20250829160658
2227,196922,room_5,fur_0003,모로 3단 트롤리 화이트,17900,https://image.hanssem.com/hsimg/gds/550/196/196922_A1.jpg?v=20250915132052
2228,539391,room_5,fur_0003,샘 책장 5단 65cm DIY(컬러 택1),82900,https://image.hanssem.com/hsimg/gds/1050/539/539391_A1.jpg?v=20250121080816
2229,802572,room_5,fur_0003,티오 플랩도어 80cm (컬러 택1),51900,https://image.hanssem.com/hsimg/gds/1050/802/802572_A1.jpg?v=20250625133528
2230,1118427,room_5,fur_0003,(소진완료) 샘파레트 책장 5단 120cm 시공(퓨어화이트),139000,https://image.hanssem.com/hsimg/gds/1050/1118/1118427_A1.jpg?v=20250909141810
2231,993855,room_5,fur_0003,조이S 2 2단도어,69000,https://image.hanssem.com/hsimg/gds/1050/993/993855_A1.jpg?v=20241204170147
2232,1112273,room_5,fur_0003,[특가~9/29]재크 히든 수납 트롤리(2종/택1),69900,https://image.hanssem.com/hsimg/gds/1050/1112/1112273_A1.jpg?v=20250915132054
2233,992468,room_5,fur_0003,아이디S 5단 격자 책장 800,226000,https://image.hanssem.com/hsimg/gds/1050/992/992468_A1.jpg?v=20250813150505
2234,862989,room_5,fur_0003,샘 책장 4단 80cm 서랍형 시공 (컬러 택1),163900,https://image.hanssem.com/hsimg/gds/1050/862/862989_A1.jpg?v=20240805101533
2235,101683,room_5,fur_0003,샘파레트 책장 5단 120cm 시공(컬러 택1),115900,https://image.hanssem.com/hsimg/gds/1050/101/101683_A1.jpg?v=20240813104233
2236,993442,room_5,fur_0003,유닛 사이드 하부책장 350 (D40),115000,https://image.hanssem.com/hsimg/gds/1050/993/993442_A1.jpg?v=20250519105112
2237,774138,room_5,fur_0003,샘 와이드 책장 5단 120cm 시공 2set,231800,https://image.hanssem.com/hsimg/gds/1050/774/774138_A1.jpg?v=20250113113754
2238,99700,room_5,fur_0003,샘 컬러도어 2단 40cm 시공(컬러 택1),30000,https://image.hanssem.com/hsimg/gds/1050/99/99700_A1.jpg?v=20250519105112
2239,1058230,room_5,fur_0003,블랭크 데스크콘솔 공간분리 패키지 (옵션 택1),554000,https://image.hanssem.com/hsimg/gds/1050/1058/1058230_A1.jpg?v=20250519105112
2240,1058226,room_5,fur_0003,블랭크 멀티선반 공간분리 패키지 (옵션 택1),593000,https://image.hanssem.com/hsimg/gds/1050/1058/1058226_A1.jpg?v=20250519105112
2241,993452,room_5,fur_0003,유닛 특수장 600 콘센트도어포함,420000,https://image.hanssem.com/hsimg/gds/1050/993/993452_A1.jpg?v=20250519105112
2242,857491,room_5,fur_0003,샘 책장 2단 120cm 수납형 시공 (컬러 택1),185900,https://image.hanssem.com/hsimg/gds/1050/857/857491_A1.jpg?v=20250519105112
2243,1118428,room_5,fur_0003,(소진완료) 샘 어린이책장 3단 120cm 시공(크림화이트),123000,https://image.hanssem.com/hsimg/gds/1050/1118/1118428_A1.jpg?v=20250923081756
2244,857485,room_5,fur_0003,샘 책장 벽고정서비스,22000,https://image.hanssem.com/hsimg/gds/1050/857/857485_A1.jpg?v=20240805101532
2245,765132,room_5,fur_0003,샘와이드 책장 5단 120cm 시공 (컬러 택1),115900,https://image.hanssem.com/hsimg/gds/1050/765/765132_A1.jpg?v=20241216114346
2246,802575,room_5,fur_0003,티오 2단도어 60cm (컬러 택1),45000,https://image.hanssem.com/hsimg/gds/1050/802/802575_A1.jpg?v=20240805155500
2247,756888,room_5,fur_0003,재크플러스 철제 무빙 트롤리 (3종/택1),35900,https://image.hanssem.com/hsimg/gds/1050/756/756888_A1.jpg?v=20250915132052
2248,993458,room_5,fur_0003,유닛 2단 도어 700 하부장용,76000,https://image.hanssem.com/hsimg/gds/1050/993/993458_A1.jpg?v=20250718153106
2249,857488,room_5,fur_0003,샘 측면후크 2구 시공,19000,https://image.hanssem.com/hsimg/gds/1050/857/857488_A1.jpg?v=20240805101532
2250,857498,room_5,fur_0003,샘 책장 2단 120cm 매거진랙형 시공 (컬러 택1),242900,https://image.hanssem.com/hsimg/gds/1050/857/857498_A1.jpg?v=20250519105112
2251,857714,room_5,fur_0003,샘 책장 3단 120cm 매거진수납형 시공 (컬러 택1),336900,https://image.hanssem.com/hsimg/gds/1050/857/857714_A1.jpg?v=20250519105112
2252,765135,room_5,fur_0003,샘와이드 책장 3단 120cm 시공(컬러 택1),99900,https://image.hanssem.com/hsimg/gds/1050/765/765135_A1.jpg?v=20250519105112
2253,992762,room_5,fur_0003,아이디S 플랩 도어 800,54000,https://image.hanssem.com/hsimg/gds/1050/992/992762_A1.jpg?v=20250811084843
2254,993541,room_5,fur_0003,코티 인서트 수납 ACC 800,125000,https://image.hanssem.com/hsimg/gds/550/993/993541_A1.jpg?v=20250519105112
2255,862983,room_5,fur_0003,샘 책장 5단 80cm 모던형 시공 (컬러 택1),219900,https://image.hanssem.com/hsimg/gds/1050/862/862983_A1.jpg?v=20240805101533
2256,99691,room_5,fur_0003,샘 책장 4단 80cm 수납형 시공(컬러 택1),155900,https://image.hanssem.com/hsimg/gds/1050/99/99691_A1.jpg?v=20240805101533
2257,765133,room_5,fur_0003,샘와이드 책장 5단 120cm DIY(컬러 택1),105900,https://image.hanssem.com/hsimg/gds/1050/765/765133_A1.jpg?v=20250121080816
2258,1071025,room_5,fur_0003,조이S 2 책장 시리즈,140000,https://image.hanssem.com/hsimg/gds/1050/1071/1071025_A1.jpg?v=20241210111523
2259,857713,room_5,fur_0003,샘 책장 5단 120cm 매거진수납형 시공 (컬러 택1),352900,https://image.hanssem.com/hsimg/gds/1050/857/857713_A1.jpg?v=20240805101533
2260,992469,room_5,fur_0003,아이디S 6단 격자 책장 800,231000,https://image.hanssem.com/hsimg/gds/1050/992/992469_A1.jpg?v=20250811084537
2261,993463,room_5,fur_0003,유닛 모니터선반 900,99000,https://image.hanssem.com/hsimg/gds/1050/993/993463_A1.jpg?v=20250718152603
2262,1028854,room_5,fur_0003,티오 격자책장 6단 80cm (옵션 택1),180000,https://image.hanssem.com/hsimg/gds/1050/1028/1028854_A1.jpg?v=20250903085920
2263,993466,room_5,fur_0003,유닛 파티션용 행잉 ACC set,101000,https://image.hanssem.com/hsimg/gds/1050/993/993466_A1.jpg?v=20250519105112
2264,604589,room_5,fur_0003,샘 전면책상장 120cm 시공(컬러 택1),165000,https://image.hanssem.com/hsimg/gds/1050/604/604589_A1.jpg?v=20240805101533
2265,539390,room_5,fur_0003,샘 책장 4단 80cm DIY(컬러 택1),85900,https://image.hanssem.com/hsimg/gds/1050/539/539390_A1.jpg?v=20240805101533
2266,857490,room_5,fur_0003,샘 책장 3단 120cm 수납형 시공 (컬러 택1),189900,https://image.hanssem.com/hsimg/gds/1050/857/857490_A1.jpg?v=20250519105112
2267,993443,room_5,fur_0003,유닛 사이드 PC 하부장 700 (D40),153000,https://image.hanssem.com/hsimg/gds/1050/993/993443_A1.jpg?v=20250808112626
2268,539395,room_5,fur_0003,샘 어린이책장 3단 80cm DIY(컬러 택1),86900,https://image.hanssem.com/hsimg/gds/1050/539/539395_A1.jpg?v=20250519105112
2269,993854,room_5,fur_0003,조이S 2 플랩 도어,60000,https://image.hanssem.com/hsimg/gds/1050/993/993854_A1.jpg?v=20241204152425
2270,802574,room_5,fur_0003,티오 2단도어 40cm 2개입 (컬러 택1),68000,https://image.hanssem.com/hsimg/gds/1050/802/802574_A1.jpg?v=20240805155500
2271,992576,room_5,fur_0003,아이디S 5단 일반 책장 600,185000,https://image.hanssem.com/hsimg/gds/1050/992/992576_A1.jpg?v=20250813144754
2272,765136,room_5,fur_0003,샘와이드 책장 3단 120cm DIY(컬러 택1),89900,https://image.hanssem.com/hsimg/gds/1050/765/765136_A1.jpg?v=20250519105112
2273,862987,room_5,fur_0003,샘 책장 2단 120cm 서랍형 시공 (컬러 택1),194900,https://image.hanssem.com/hsimg/gds/1050/862/862987_A1.jpg?v=20250519105112
2274,993842,room_5,fur_0003,조이S 2 책장 북홀더(2개입),18000,https://image.hanssem.com/hsimg/gds/1050/993/993842_A1.jpg?v=20240906094416
2275,992763,room_5,fur_0003,아이디S 2단 도어 600,69000,https://image.hanssem.com/hsimg/gds/1050/992/992763_A1.jpg?v=20250813145807
2276,993460,room_5,fur_0003,유닛 3단도어 600 책장용,73000,https://image.hanssem.com/hsimg/gds/1050/993/993460_A1.jpg?v=20250813135132
2277,993445,room_5,fur_0003,유닛 사이드 하부책장 700 (D40),168000,https://image.hanssem.com/hsimg/gds/1050/993/993445_A1.jpg?v=20250808112111
2278,1077510,room_5,fur_0003,티오 일반책장 6단 40cm (옵션 택1),125560,https://image.hanssem.com/hsimg/gds/1050/1077/1077510_A1.jpg?v=20250714102514
2279,1111389,room_5,fur_0003,(소진완료) 샘 책장 5단 120cm 시공 (퓨어화이트),144000,https://image.hanssem.com/hsimg/gds/1050/1111/1111389_A1.jpg?v=20250916092439
2280,37963,room_5,fur_0003,샘 책장 5단 80cm 시공(컬러 택1),99900,https://image.hanssem.com/hsimg/gds/1050/37/37963_A1.jpg?v=20250902142543
2281,992764,room_5,fur_0003,아이디S 2단 도어 400 (2개입),85000,https://image.hanssem.com/hsimg/gds/1050/992/992764_A1.jpg?v=20250811091218
2282,992441,room_5,fur_0003,아이디S 6단 수납1단 책장 600,268000,https://image.hanssem.com/hsimg/gds/1050/992/992441_A1.jpg?v=20250806140144
2283,1077509,room_5,fur_0003,티오 일반책장 5단  40cm (옵션 택1),109600,https://image.hanssem.com/hsimg/gds/1050/1077/1077509_A1.jpg?v=20250121080816
2284,99692,room_5,fur_0003,[특가~9/29]샘 책장 5단 80cm 수납형 시공 (컬러 택1),149900,https://image.hanssem.com/hsimg/gds/1050/99/99692_A1.jpg?v=20250113113754
2285,604576,room_5,fur_0003,샘 전면책상장 120cm DIY(컬러 택1),135000,https://image.hanssem.com/hsimg/gds/1050/604/604576_A1.jpg?v=20250514103546
2286,992761,room_5,fur_0003,아이디S 플랩 도어 700,50000,https://image.hanssem.com/hsimg/gds/1050/992/992761_A1.jpg?v=20250813150031
2287,602515,room_5,fur_0003,티오 수납함 2칸 (컬러 택1),45000,https://image.hanssem.com/hsimg/gds/1050/602/602515_A1.jpg?v=20250519105112
2288,993462,room_5,fur_0003,유닛 상부 플랩도어 900 책장용,74000,https://image.hanssem.com/hsimg/gds/1050/993/993462_A1.jpg?v=20250813141456
2289,993459,room_5,fur_0003,유닛 3단도어 300 책장용,63000,https://image.hanssem.com/hsimg/gds/1050/993/993459_A1.jpg?v=20250813151812
2290,857711,room_5,fur_0003,샘 인서트 2단서랍 DIY,32000,https://image.hanssem.com/hsimg/gds/1050/857/857711_A1.jpg?v=20240805101532
2291,539393,room_5,fur_0003,샘 책장 5단 120cm DIY(컬러 택1),99900,https://image.hanssem.com/hsimg/gds/1050/539/539393_A1.jpg?v=20250829164925
2292,898601,room_5,fur_0003,샘 어린이책장 2단 160cm 시공(컬러 택1),109900,https://image.hanssem.com/hsimg/gds/1050/898/898601_A1.jpg?v=20250519105112
2293,862988,room_5,fur_0003,샘 책장 5단 80cm 서랍형 시공 (컬러 택1),163900,https://image.hanssem.com/hsimg/gds/1050/862/862988_A1.jpg?v=20240805101533
2294,37961,room_5,fur_0003,샘 어린이책장 3단 200cm 시공 (컬러 택1),125900,https://image.hanssem.com/hsimg/gds/1050/37/37961_A1.jpg?v=20250519105112
2295,857503,room_5,fur_0003,샘 책장 3단 80cm 매거진랙형 시공 (컬러 택1),190900,https://image.hanssem.com/hsimg/gds/1050/857/857503_A1.jpg?v=20250519105112
2296,423526,room_5,fur_0003,샘 책장 5단 80cm X 2set 시공(컬러 택1),199800,https://image.hanssem.com/hsimg/gds/1050/423/423526_A1.jpg?v=20250902142906
2297,37960,room_5,fur_0003,샘 어린이책장 3단 120cm 시공(컬러 택1),99900,https://image.hanssem.com/hsimg/gds/1050/37/37960_A1.jpg?v=20250519105112
2298,1028852,room_5,fur_0003,티오 격자책장 5단 80cm (옵션 택1),169850,https://image.hanssem.com/hsimg/gds/1050/1028/1028852_A1.jpg?v=20250903090243
2299,1028867,room_5,fur_0003,티오 2단도어 70cm (컬러 택1),49400,https://image.hanssem.com/hsimg/gds/1050/1028/1028867_A1.jpg?v=20240805155500
2300,761080,room_5,fur_0003,샘 책장 5단 120cm+80cm 시공 set (컬러 택1),215800,https://image.hanssem.com/hsimg/gds/1050/761/761080_A1.jpg?v=20250902143357
2301,423527,room_5,fur_0003,샘 어린이책장 3단 120cm X 2set 시공(컬러 택1),199800,https://image.hanssem.com/hsimg/gds/1050/423/423527_A1.jpg?v=20250519105112
2302,774938,room_5,fur_0003,샘 와이드 책장 5단 120cm+샘 5단 120cm시공set,231800,https://image.hanssem.com/hsimg/gds/1050/774/774938_A1.jpg?v=20250902143511
2303,37962,room_5,fur_0003,샘 책장 5단 65cm 시공(컬러택1),96900,https://image.hanssem.com/hsimg/gds/1050/37/37962_A1.jpg?v=20241216114347
2304,1028856,room_5,fur_0003,티오 수납책장 6단 60cm (옵션 택1),239200,https://image.hanssem.com/hsimg/gds/1050/1028/1028856_A1.jpg?v=20241216114347
2305,37957,room_5,fur_0003,샘 어린이책장 2단 120cm 시공(컬러 택1),89900,https://image.hanssem.com/hsimg/gds/1050/37/37957_A1.jpg?v=20250519105112
2306,993455,room_5,fur_0003,유닛 2단도어 300 책장용,58000,https://image.hanssem.com/hsimg/gds/1050/993/993455_A1.jpg?v=20250813134605
2307,992577,room_5,fur_0003,아이디S 6단 일반 책장 600,195000,https://image.hanssem.com/hsimg/gds/1050/992/992577_A1.jpg?v=20250813144956
2308,736187,room_5,fur_0003,샘 책장 5단 80cm 수납형 X 2set 시공 (컬러 택1),319800,https://image.hanssem.com/hsimg/gds/1050/736/736187_A1.jpg?v=20240805101533
2309,993454,room_5,fur_0003,유닛 1단 도어 350 하부장용,52000,https://image.hanssem.com/hsimg/gds/1050/993/993454_A1.jpg?v=20250813143936
2310,68929,room_5,fur_0003,샘 어린이책장 3단 160cm 시공(컬러 택1),125900,https://image.hanssem.com/hsimg/gds/1050/68/68929_A1.jpg?v=20250519105112
2311,110964,room_5,fur_0003,샘 책장 3단 80cm 수납형 시공 (컬러 택1),146900,https://image.hanssem.com/hsimg/gds/1050/110/110964_A1.jpg?v=20250519105112
2312,992760,room_5,fur_0003,아이디S 플랩 도어 600,50000,https://image.hanssem.com/hsimg/gds/1050/992/992760_A1.jpg?v=20250811085104
2313,857500,room_5,fur_0003,샘 책장 5단 80cm 매거진랙형 시공 (컬러 택1),197900,https://image.hanssem.com/hsimg/gds/1050/857/857500_A1.jpg?v=20240805101533
2314,539392,room_5,fur_0003,샘 책장 5단 80cm DIY(컬러 택1),85900,https://image.hanssem.com/hsimg/gds/1050/539/539392_A1.jpg?v=20250902142749
2315,1028853,room_5,fur_0003,티오 일반책장 6단 60cm (옵션 택1),128790,https://image.hanssem.com/hsimg/gds/1050/1028/1028853_A1.jpg?v=20250903085952
2316,862990,room_5,fur_0003,샘 책장 3단 80cm 서랍형 시공 (컬러 택1),156900,https://image.hanssem.com/hsimg/gds/1050/862/862990_A1.jpg?v=20250519105112
2317,602511,room_5,fur_0003,티오 플랩도어 70cm(컬러 택1),51850,https://image.hanssem.com/hsimg/gds/1050/602/602511_A1.jpg?v=20250625133451
2318,898602,room_5,fur_0003,샘 어린이책장 2단 200cm 시공(컬러 택1),115900,https://image.hanssem.com/hsimg/gds/1050/898/898602_A1.jpg?v=20250519105112
2319,993444,room_5,fur_0003,유닛 사이드 하부장 700 (D40)서랍장,301000,https://image.hanssem.com/hsimg/gds/1050/993/993444_A1.jpg?v=20250519105112
2320,602510,room_5,fur_0003,티오 플랩도어 60cm(컬러 택1),49800,https://image.hanssem.com/hsimg/gds/1050/602/602510_A1.jpg?v=20250901101541
2321,857712,room_5,fur_0003,샘 인서트 4단서랍 DIY,35000,https://image.hanssem.com/hsimg/gds/1050/857/857712_A1.jpg?v=20240805101533
2322,993450,room_5,fur_0003,유닛 콘솔장1200,452000,https://image.hanssem.com/hsimg/gds/1050/993/993450_A1.jpg?v=20250813144404
2323,993457,room_5,fur_0003,유닛 2단 도어 350 하부장용,59000,https://image.hanssem.com/hsimg/gds/1050/993/993457_A1.jpg?v=20250808112838
2324,99690,room_5,fur_0003,샘 책장 4단 80cm 시공(컬러 택1),99900,https://image.hanssem.com/hsimg/gds/1050/99/99690_A1.jpg?v=20240805101533
2325,1071026,room_5,fur_0003,조이S 2 멀티장 600,234000,https://image.hanssem.com/hsimg/gds/1050/1071/1071026_A1.jpg?v=20241210111500
2326,857504,room_5,fur_0003,샘 책장 5단 80cm 매거진수납형 시공 (컬러 택1),257900,https://image.hanssem.com/hsimg/gds/1050/857/857504_A1.jpg?v=20240805101533
2327,993453,room_5,fur_0003,유닛 1단도어 300 책장용,51000,https://image.hanssem.com/hsimg/gds/1050/993/993453_A1.jpg?v=20250808113551
2328,1028851,room_5,fur_0003,티오 일반책장 5단 60cm (옵션 택1),122180,https://image.hanssem.com/hsimg/gds/1050/1028/1028851_A1.jpg?v=20250903090324
2329,993461,room_5,fur_0003,유닛 하부 플랩 도어 600 책장용,63000,https://image.hanssem.com/hsimg/gds/1050/993/993461_A1.jpg?v=20250813135540
2330,539394,room_5,fur_0003,샘 어린이책장 2단 120cm DIY(컬러 택1),85900,https://image.hanssem.com/hsimg/gds/1050/539/539394_A1.jpg?v=20250519105112
2331,1071027,room_5,fur_0003,조이S 2 화장대장 600,388000,https://image.hanssem.com/hsimg/gds/1050/1071/1071027_A1.jpg?v=20250409112522
2332,992446,room_5,fur_0004,아이디S 다용도장  600,555000,https://image.hanssem.com/hsimg/gds/550/992/992446_A1.jpg?v=20250811090006
2333,993235,room_5,fur_0004,플렉스Z 3단 높은 서랍장,294000,https://image.hanssem.com/hsimg/gds/1050/993/993235_A1.jpg?v=20250806134740
2334,993236,room_5,fur_0004,플렉스Z 3단 이동 서랍장,231000,https://image.hanssem.com/hsimg/gds/550/993/993236_A1.jpg?v=20250519105112
2335,1059747,room_5,fur_0004,마카롱 철제 5단 서랍장(크림화이트),75400,https://image.hanssem.com/hsimg/gds/1050/1059/1059747_A1.jpg?v=20250418150133
2336,1059744,room_5,fur_0004,마카롱 철제 3단 서랍장,57600,https://image.hanssem.com/hsimg/gds/1050/1059/1059744_A1.jpg?v=20241211104846
2337,1112268,room_5,fur_0004,[특가~9/29]뉴 재크 5단 서랍장(3종/택1),79900,https://image.hanssem.com/hsimg/gds/1050/1112/1112268_A1.jpg?v=20250915132054
2338,993237,room_5,fur_0004,플렉스Z 4단서랍장 800,471000,https://image.hanssem.com/hsimg/gds/1050/993/993237_A1.jpg?v=20250519105112
2339,1112267,room_5,fur_0004,[특가~9/29]뉴 재크 철제 서랍장 화이트(2종 택1),59900,https://image.hanssem.com/hsimg/gds/1050/1112/1112267_A1.jpg?v=20250915132054
2340,993839,room_5,fur_0005,조이S 2 3단 이동 서랍장,207000,https://image.hanssem.com/hsimg/gds/1050/993/993839_A1.jpg?v=20250519105112
2341,992440,room_5,fur_0005,아이디S 3단 이동 서랍장 400,239000,https://image.hanssem.com/hsimg/gds/1050/992/992440_A1.jpg?v=20250811091025
2342,1020853,room_5,fur_0006,조앤 책상의자-커버(컬러 택1),54000,https://image.hanssem.com/hsimg/gds/1050/1020/1020853_A1.jpg?v=20250519105112
2343,992883,room_5,fur_0006,조앤 책상의자 발받침,48000,https://image.hanssem.com/hsimg/gds/1050/992/992883_A1.jpg?v=20250519105112
2344,604590,room_5,fur_0007,샘 책상선반 120cm 시공(컬러 택1),109000,https://image.hanssem.com/hsimg/gds/1050/604/604590_A1.jpg?v=20250519105112
2345,993844,room_5,fur_0007,조이S 2 소서랍set,75000,https://image.hanssem.com/hsimg/gds/1050/993/993844_A1.jpg?v=20250519105112
2346,992447,room_5,fur_0007,아이디S  등교장  614,293000,https://image.hanssem.com/hsimg/gds/1050/992/992447_A1.jpg?v=20250811090226
2347,602509,room_5,fur_0007,[특가~9/29]티오 이동서랍장(컬러 택1),125400,https://image.hanssem.com/hsimg/gds/1050/602/602509_A1.jpg?v=20250519105112
2348,1077511,room_5,fur_0007,티오 2단도어 40cm (컬러 택1),34000,https://image.hanssem.com/hsimg/gds/1050/1077/1077511_A1.jpg?v=20250519105112
2349,993841,room_5,fur_0007,조이S 2 책상장  액세서리,31000,https://image.hanssem.com/hsimg/gds/1050/993/993841_A1.jpg?v=20250519105112
2350,1037647,room_5,fur_0007,아임빅 와이드 수납책상 1200,337600,https://image.hanssem.com/hsimg/gds/1050/1037/1037647_A1.jpg?v=20250519150628
2351,604577,room_5,fur_0007,샘 책상선반 120cm DIY(컬러 택1),99000,https://image.hanssem.com/hsimg/gds/1050/604/604577_A1.jpg?v=20250519105112
2352,976074,room_5,fur_0008,티오 수납침대(매트포함)+티오 일자책상+시디즈 링고의자 DIY,1285150,https://image.hanssem.com/hsimg/gds/1050/976/976074_A1.jpg?v=20250903134542
2353,976075,room_5,fur_0008,티오 수납침대(매트포함)+티오 각도조절책상+시디즈 링고의자 DIY,1438450,https://image.hanssem.com/hsimg/gds/1050/976/976075_A1.jpg?v=20250903135101
2354,973885,room_5,fur_0009,티오 벙커침대 SS 옷장형+바조명+토퍼,1493000,https://image.hanssem.com/hsimg/gds/550/973/973885_A1.jpg?v=20250221165415
2355,973863,room_5,fur_0009,"티오 벙커침대 SS 책상형 (토퍼별도, 컬러 택1)",1283900,https://image.hanssem.com/hsimg/gds/1050/973/973863_A1.jpg?v=20250221165414
2356,993865,room_5,fur_0009,조이S 2 키즈수납침대 스텝 스툴,132000,https://image.hanssem.com/hsimg/gds/1050/993/993865_A1.jpg?v=20240905162435
2357,993532,room_5,fur_0009,코티 패브릭 침대 SS (매트 별도),734000,https://image.hanssem.com/hsimg/gds/1050/993/993532_A1.jpg?v=20240704074025
2358,973899,room_5,fur_0009,[55딜]티오 슬라이딩 딥 수납침대 SS 무헤드형+노뜨컴포트 매트,550000,https://image.hanssem.com/hsimg/gds/1050/973/973899_A1.jpg?v=20250221165415
2359,973874,room_5,fur_0009,"티오 벙커침대 SS 옷장형 (토퍼별도, 컬러 택1)",1295000,https://image.hanssem.com/hsimg/gds/1050/973/973874_A1.jpg?v=20250221165414
2360,992448,room_5,fur_0009,아이디S 멀티수납침대 SS 일반형  (매트 별도),449000,https://image.hanssem.com/hsimg/gds/1050/992/992448_A1.jpg?v=20241209180551
2361,973904,room_5,fur_0009,티오 그로우 슬라이딩 딥 수납침대 SS+가드+샘키즈 매트 (컬러 택1),857000,https://image.hanssem.com/hsimg/gds/1050/973/973904_A1.jpg?v=20250903135800
2362,1071031,room_5,fur_0009,조이S 2 키즈수납침대 SS,919000,https://image.hanssem.com/hsimg/gds/1050/1071/1071031_A1.jpg?v=20250922182845
2363,1071028,room_5,fur_0009,조이S 2 일반 침대 SS,379000,https://image.hanssem.com/hsimg/gds/1050/1071/1071028_A1.jpg?v=20250623134630
2364,1118521,room_5,fur_0009,(소진완료) 아임빅 수납침대 SS 일반헤드형 매트별도(헤드 화이트/하부 화이트),491000,https://image.hanssem.com/hsimg/gds/1050/1118/1118521_A1.jpg?v=20250909090431
2365,973892,room_5,fur_0009,티오 벙커침대용 행잉선반+후크,55000,https://image.hanssem.com/hsimg/gds/1050/973/973892_A1.jpg?v=20240805101534
2366,993534,room_5,fur_0009,코티 패브릭 침대가드,279000,https://image.hanssem.com/hsimg/gds/550/993/993534_A1.jpg?v=20240904083440
2367,795515,room_5,fur_0009,아임빅 수납침대 SS 패브릭헤드형+노뜨 매트리스,648180,https://image.hanssem.com/hsimg/gds/1050/795/795515_A1.jpg?v=20250414144604
2368,973907,room_5,fur_0009,티오(그로우) 슬라이딩 딥 수납침대용 가드,49000,https://image.hanssem.com/hsimg/gds/1050/973/973907_A1.jpg?v=20240805101534
2369,973896,room_5,fur_0009,티오 벙커침대용 하부 타공보드,85000,https://image.hanssem.com/hsimg/gds/1050/973/973896_A1.jpg?v=20240805101534
2370,973888,room_5,fur_0009,티오 벙커침대 SS 옷장 트롤리형+바조명+토퍼,1563000,https://image.hanssem.com/hsimg/gds/550/973/973888_A1.jpg?v=20250221165415
2371,992449,room_5,fur_0009,아이디S 멀티수납침대 SS 수납형 (매트 별도),619000,https://image.hanssem.com/hsimg/gds/1050/992/992449_A1.jpg?v=20241209180625
2372,644540,room_5,fur_0009,[특가~9/29]아임빅 수납침대SS 일반헤드형+노뜨 매트리스,512640,https://image.hanssem.com/hsimg/gds/1050/644/644540_A1.jpg?v=20250928122841
2373,973897,room_5,fur_0009,티오 슬라이딩 딥 수납침대 SS 무헤드형 (매트별도),509000,https://image.hanssem.com/hsimg/gds/1050/973/973897_A1.jpg?v=20250221165415
2374,973906,room_5,fur_0009,티오(그로우) 슬라이딩 딥 수납침대용 헤드,90000,https://image.hanssem.com/hsimg/gds/1050/973/973906_A1.jpg?v=20240805101534
2375,973879,room_5,fur_0009,티오 벙커침대 SS 옷장 트롤리형+토퍼,1483000,https://image.hanssem.com/hsimg/gds/1050/973/973879_A1.jpg?v=20250221165414
2376,1071030,room_5,fur_0009,조이S 2 멀티침대 SS,599000,https://image.hanssem.com/hsimg/gds/1050/1071/1071030_A1.jpg?v=20250623134524
2377,973864,room_5,fur_0009,"티오 벙커침대 SS ㄱ자책상형 (토퍼별도, 컬러 택1)",1373900,https://image.hanssem.com/hsimg/gds/1050/973/973864_A1.jpg?v=20250221165414
2378,973903,room_5,fur_0009,티오 그로우 슬라이딩 딥 수납침대 SS+샘키즈 매트 (컬러 택1),751200,https://image.hanssem.com/hsimg/gds/1050/973/973903_A1.jpg?v=20250903135634
2379,644541,room_5,fur_0009,아임빅 수납침대 SS 슬림수납헤드형+노뜨 매트리스,582750,https://image.hanssem.com/hsimg/gds/1050/644/644541_A1.jpg?v=20250829154456
2380,973876,room_5,fur_0009,티오 벙커침대 SS 옷장형+토퍼,1413000,https://image.hanssem.com/hsimg/gds/1050/973/973876_A1.jpg?v=20250221165414
2381,795512,room_5,fur_0009,아임빅 수납침대 SS 조명헤드형+노뜨 매트리스,636020,https://image.hanssem.com/hsimg/gds/1050/795/795512_A1.jpg?v=20250630105703
2382,973900,room_5,fur_0009,티오 슬라이딩 딥 수납침대 SS 무헤드형+가드+노뜨컴포트 매트 (컬러 택1),737000,https://image.hanssem.com/hsimg/gds/1050/973/973900_A1.jpg?v=20250221165415
2383,795503,room_5,fur_0009,아임빅 수납침대 SS 조명헤드형 (매트별도),469000,https://image.hanssem.com/hsimg/gds/1050/795/795503_A1.jpg?v=20250623100241
2384,993866,room_5,fur_0009,조이S 2 침대 가드,75000,https://image.hanssem.com/hsimg/gds/1050/993/993866_A1.jpg?v=20241204152741
2385,973868,room_5,fur_0009,티오 벙커침대 SS 책상형+토퍼,1401900,https://image.hanssem.com/hsimg/gds/1050/973/973868_A1.jpg?v=20250714102514
2386,973871,room_5,fur_0009,티오 벙커침대 SS ㄱ자책상형+토퍼,1389610,https://image.hanssem.com/hsimg/gds/1050/973/973871_A1.jpg?v=20250221165414
2387,973875,room_5,fur_0009,"티오 벙커침대 SS 옷장 트롤리형 (토퍼별도, 컬러 택1)",1365000,https://image.hanssem.com/hsimg/gds/1050/973/973875_A1.jpg?v=20250221165414
2388,1071029,room_5,fur_0009,조이S 2 조명 침대 SS,479000,https://image.hanssem.com/hsimg/gds/1050/1071/1071029_A1.jpg?v=20250623134601
2389,1064592,room_5,fur_0009,아임빅 수납침대SS 일반헤드형 + 밸런스 매트리스(2종),676830,https://image.hanssem.com/hsimg/gds/1050/1064/1064592_A1.jpg?v=20250609154035
2390,644539,room_5,fur_0009,아임빅 수납침대 SS 무헤드형+노뜨 매트리스,529620,https://image.hanssem.com/hsimg/gds/1050/644/644539_A1.jpg?v=20250630105703
2391,1058205,room_5,fur_0009,블랭크 무헤드침대 SS (옵션 택1),260000,https://image.hanssem.com/hsimg/gds/1050/1058/1058205_A1.jpg?v=20241128095803
2392,1064594,room_5,fur_0009,아임빅 수납침대 SS 조명헤드형 + 밸런스 매트리스(2종),764610,https://image.hanssem.com/hsimg/gds/1050/1064/1064594_A1.jpg?v=20250609154035
2393,973865,room_5,fur_0009,티오 벙커침대 SS + 토퍼,1216000,https://image.hanssem.com/hsimg/gds/1050/973/973865_A1.jpg?v=20250714102514
2394,973778,room_5,fur_0009,"티오 벙커침대 SS (토퍼별도, 컬러 택1)",1098000,https://image.hanssem.com/hsimg/gds/1050/973/973778_A1.jpg?v=20250221165414
2395,973902,room_5,fur_0009,"[55딜]티오 그로우 슬라이딩 딥 수납침대 SS+가드 (매트별도, 컬러 택1)",550000,https://image.hanssem.com/hsimg/gds/1050/973/973902_A1.jpg?v=20250221165415
2396,973884,room_5,fur_0009,"티오 벙커침대 SS 옷장 트롤리형+바조명 (토퍼별도, 컬러 택1)",1445000,https://image.hanssem.com/hsimg/gds/550/973/973884_A1.jpg?v=20250221165414
2397,973883,room_5,fur_0009,"티오 벙커침대 SS 옷장형+바조명 (토퍼별도, 컬러 택1)",1375000,https://image.hanssem.com/hsimg/gds/550/973/973883_A1.jpg?v=20250221165414
2398,973894,room_5,fur_0009,티오 벙커침대용 하부 바 조명,80000,https://image.hanssem.com/hsimg/gds/1050/973/973894_A1.jpg?v=20240805101534
2399,973905,room_5,fur_0009,티오(그로우) 슬라이딩 딥 수납침대 헤드용 조명,55000,https://image.hanssem.com/hsimg/gds/1050/973/973905_A1.jpg?v=20240805101534
2400,973898,room_5,fur_0009,"티오 슬라이딩 딥 수납침대 SS 무헤드형+가드 (매트별도, 컬러 택1)",558000,https://image.hanssem.com/hsimg/gds/1050/973/973898_A1.jpg?v=20250221165415
2401,973891,room_5,fur_0009,티오 벙커침대용 행잉선반+조명,109000,https://image.hanssem.com/hsimg/gds/1050/973/973891_A1.jpg?v=20240805101534
2402,993533,room_5,fur_0009,코티 패브릭 연결패널,246000,https://image.hanssem.com/hsimg/gds/550/993/993533_A1.jpg?v=20240704074025
2403,973893,room_5,fur_0009,티오 벙커침대용 행잉거울,105000,https://image.hanssem.com/hsimg/gds/1050/973/973893_A1.jpg?v=20240805101534
2404,973901,room_5,fur_0009,"티오 그로우 슬라이딩 딥 수납침대 SS (매트별도, 컬러 택1)",557280,https://image.hanssem.com/hsimg/gds/1050/973/973901_A1.jpg?v=20250221165415
2405,1059052,room_6,fur_0000,(아울렛) 웨이브 책상의자,245000,https://image.hanssem.com/hsimg/gds/550/1059/1059052_A1.jpg?v=20250922151405
2406,993139,room_6,fur_0000,유로 501 플랫 바체어,169000,https://image.hanssem.com/hsimg/gds/1050/993/993139_A1.jpg?v=20250519105112
2407,1117930,room_6,fur_0000,비스포크 프로 책상의자 (2종/택1),450000,https://image.hanssem.com/hsimg/gds/1050/1117/1117930_A1.jpg?v=20250926144111
2408,993692,room_6,fur_0000,조앤 책상의자-집중형(컬러 택1),224000,https://image.hanssem.com/hsimg/gds/1050/993/993692_A1.jpg?v=20240702132900
2409,425873,room_6,fur_0000,허드 가죽 체어(3종/택1),45900,https://image.hanssem.com/hsimg/gds/1050/425/425873_A1.jpg?v=20250915132053
2410,993370,room_6,fur_0000,모리스마트 책상의자,395000,https://image.hanssem.com/hsimg/gds/1050/993/993370_A1.jpg?v=20240911111833
2411,1032598,room_6,fur_0000,웨이브 책상의자 (2종/택1),397000,https://image.hanssem.com/hsimg/gds/1050/1032/1032598_A1.jpg?v=20250519105112
2412,975191,room_6,fur_0000,다이브 책상의자(3종/택1),169900,https://image.hanssem.com/hsimg/gds/1050/975/975191_A1.jpg?v=20250121080816
2413,1032597,room_6,fur_0000,누보 책상의자(2종/택1),597000,https://image.hanssem.com/hsimg/gds/1050/1032/1032597_A1.jpg?v=20250822112909
2414,607627,room_6,fur_0000,모리 컴포트 책상의자 발받침 DIY (모리 컴포트 전용),26000,https://image.hanssem.com/hsimg/gds/1050/607/607627_A1.jpg?v=20240805101534
2415,1112420,room_6,fur_0000,비스포크 핏 책상의자 (2종/택1),311000,https://image.hanssem.com/hsimg/gds/1050/1112/1112420_A1.jpg?v=20250922150250
2416,1046150,room_6,fur_0000,시디즈 T50 의자,359000,https://image.hanssem.com/hsimg/gds/1050/1046/1046150_A1.jpg?v=20250901101831
2417,1046153,room_6,fur_0000,시디즈 T20의자 DIY,214000,https://image.hanssem.com/hsimg/gds/1050/1046/1046153_A1.jpg?v=20250519105112
2418,1023568,room_6,fur_0000,라탄체어/스툴,16900,https://image.hanssem.com/hsimg/gds/550/1023/1023568_A1.jpg?v=20250915132052
2419,1072472,room_6,fur_0000,뮤 홈리빙의자 DIY,115900,https://image.hanssem.com/hsimg/gds/1050/1072/1072472_A1.jpg?v=20250121080817
2420,350375,room_6,fur_0000,모리 스마트 책상의자 DIY (6종/택1),209000,https://image.hanssem.com/hsimg/gds/1050/350/350375_A1.jpg?v=20240805101534
2421,1032599,room_6,fur_0000,알로 책상의자,239000,https://image.hanssem.com/hsimg/gds/1050/1032/1032599_A1.jpg?v=20250922105759
2422,975161,room_6,fur_0000,윌링 책상의자(2종/택1),219900,https://image.hanssem.com/hsimg/gds/1050/975/975161_A1.jpg?v=20250612112301
2423,1046148,room_6,fur_0000,시디즈 링고의자 DIY (발받침 포함),189000,https://image.hanssem.com/hsimg/gds/1050/1046/1046148_A1.jpg?v=20240702133623
2424,993682,room_6,fur_0000,K60 책상의자 (옵션 택1),457000,https://image.hanssem.com/hsimg/gds/1050/993/993682_A1.jpg?v=20250519105112
2425,1024709,room_6,fur_0000,블랑 체어/스툴 (4종/택1),32900,https://image.hanssem.com/hsimg/gds/550/1024/1024709_A1.jpg?v=20250915132053
2426,993691,room_6,fur_0000,조앤 책상의자-회전/무회전형(컬러 택1),234000,https://image.hanssem.com/hsimg/gds/1050/993/993691_A1.jpg?v=20240702132826
2427,1072080,room_6,fur_0000,노바 책상의자 DIY,135900,https://image.hanssem.com/hsimg/gds/1050/1072/1072080_A1.jpg?v=20250407180425
2428,1120857,room_6,fur_0000,(아울렛)비스포크 핏 책상의자,200000,https://image.hanssem.com/hsimg/gds/550/1120/1120857_A1.jpg?v=20250922151405
2429,1112413,room_6,fur_0000,데오 책상의자 DIY (2종/택1),149900,https://image.hanssem.com/hsimg/gds/1050/1112/1112413_A1.jpg?v=20250922150202
2430,637676,room_6,fur_0000,아망 체어 (3종/택1),55900,https://image.hanssem.com/hsimg/gds/550/637/637676_A1.jpg?v=20250915132053
2431,993244,room_6,fur_0001,플렉스Z 파티션 트레이,31000,https://image.hanssem.com/hsimg/gds/1050/993/993244_A1.jpg?v=20241129092342
2432,884227,room_6,fur_0001,플롯 원형 테이블 70cm (컬러 택1),138000,https://image.hanssem.com/hsimg/gds/1050/884/884227_A1.jpg?v=20240805101535
2433,993099,room_6,fur_0001,유로 501 플랫 테이블 1800,383000,https://image.hanssem.com/hsimg/gds/550/993/993099_A1.jpg?v=20240226154832
2434,993227,room_6,fur_0001,플렉스Z  전면 파티션 1200,108000,https://image.hanssem.com/hsimg/gds/1050/993/993227_A1.jpg?v=20241128092344
2435,993308,room_6,fur_0001,플렉스Z 컴퓨터책상1200 D80+독서실형파티션,422000,https://image.hanssem.com/hsimg/gds/1050/993/993308_A1.jpg?v=20241129100919
2436,884228,room_6,fur_0001,플롯 원형 테이블 86cm (컬러 택1),148000,https://image.hanssem.com/hsimg/gds/1050/884/884228_A1.jpg?v=20250113113754
2437,1028868,room_6,fur_0001,티오 책상부착용 콘센트,29000,https://image.hanssem.com/hsimg/gds/1050/1028/1028868_A1.jpg?v=20240724143132
2438,993301,room_6,fur_0001,플렉스Z 일반책상1400 D60+측면파티션,291000,https://image.hanssem.com/hsimg/gds/1050/993/993301_A1.jpg?v=20241129094553
2439,336861,room_6,fur_0001,샘스틸 책상 타공보드(DIY),45000,https://image.hanssem.com/hsimg/gds/1050/336/336861_A1.jpg?v=20240805101535
2440,992516,room_6,fur_0001,바흐 701 서랍책상 1800,1240000,https://image.hanssem.com/hsimg/gds/1050/992/992516_A1.jpg?v=20240723130312
2441,993306,room_6,fur_0001,플렉스Z 일반책상1200 D60+독서실형파티션,378000,https://image.hanssem.com/hsimg/gds/1050/993/993306_A1.jpg?v=20241129095802
2442,993440,room_6,fur_0001,유닛 책상 1200 D70 하부PC장형,515000,https://image.hanssem.com/hsimg/gds/1050/993/993440_A1.jpg?v=20250718153845
2443,993205,room_6,fur_0001,플렉스Z 컴퓨터책상 1600 D80,297000,https://image.hanssem.com/hsimg/gds/1050/993/993205_A1.jpg?v=20250429141434
2444,993469,room_6,fur_0001,유닛 책상 1400 D70 하부PC장형,562000,https://image.hanssem.com/hsimg/gds/1050/993/993469_A1.jpg?v=20250718160229
2445,993225,room_6,fur_0001,플렉스Z 스크린 파티션  1400,120000,https://image.hanssem.com/hsimg/gds/1050/993/993225_A1.jpg?v=20241129091308
2446,993296,room_6,fur_0001,플렉스Z 일반책상1200 D60+스크린파티션,288000,https://image.hanssem.com/hsimg/gds/1050/993/993296_A1.jpg?v=20241129093835
2447,993200,room_6,fur_0001,플렉스Z 일반책상 1200 D60,185000,https://image.hanssem.com/hsimg/gds/1050/993/993200_A1.jpg?v=20241129085525
2448,1028867,room_6,fur_0001,티오 2단도어 70cm (컬러 택1),49400,https://image.hanssem.com/hsimg/gds/1050/1028/1028867_A1.jpg?v=20240805155500
2449,893120,room_6,fur_0001,플롯 h형 책상세트 5단 120x60cm (옵션 택1),375760,https://image.hanssem.com/hsimg/gds/1050/893/893120_A1.jpg?v=20250113113754
2450,992706,room_6,fur_0001,플러스 모션데스크 1400 선반형 120,1157000,https://image.hanssem.com/hsimg/gds/1050/992/992706_A1.jpg?v=20250414145201
2451,884221,room_6,fur_0001,플롯 책상 120x60cm(옵션 택1),119250,https://image.hanssem.com/hsimg/gds/1050/884/884221_A1.jpg?v=20240805101535
2452,993472,room_6,fur_0001,유닛 일반 책상 1400 D70,367000,https://image.hanssem.com/hsimg/gds/1050/993/993472_A1.jpg?v=20250519105112
2453,992513,room_6,fur_0001,바흐 701 다용도PKG책상 1200,684000,https://image.hanssem.com/hsimg/gds/1050/992/992513_A1.jpg?v=20240725134235
2454,993441,room_6,fur_0001,유닛 책상 1200 D70 하부책장형,533000,https://image.hanssem.com/hsimg/gds/1050/993/993441_A1.jpg?v=20250813144540
2455,992705,room_6,fur_0001,플러스 모션데스크 1400 선반형 70,1157000,https://image.hanssem.com/hsimg/gds/1050/992/992705_A1.jpg?v=20250414145201
2456,993446,room_6,fur_0001,유닛 일반 책상 1200 D60,249000,https://image.hanssem.com/hsimg/gds/1050/993/993446_A1.jpg?v=20250718155918
2457,993471,room_6,fur_0001,유닛 일반 책상 1200 D70,309000,https://image.hanssem.com/hsimg/gds/1050/993/993471_A1.jpg?v=20250519105112
2458,884223,room_6,fur_0001,플롯 컴퓨터 책상 120x70cm (옵션 택1),168750,https://image.hanssem.com/hsimg/gds/1050/884/884223_A1.jpg?v=20240805101535
2459,993229,room_6,fur_0001,플렉스Z  전면 파티션 1600,166000,https://image.hanssem.com/hsimg/gds/1050/993/993229_A1.jpg?v=20241129091937
2460,337211,room_6,fur_0001,샘스마트 전면 책상 112.5cm (컬러 택1),299900,https://image.hanssem.com/hsimg/gds/1050/337/337211_A1.jpg?v=20250519105112
2461,993097,room_6,fur_0001,유로 501 플랫 테이블 1200 (H950),323000,https://image.hanssem.com/hsimg/gds/1050/993/993097_A1.jpg?v=20240723160244
2462,1058200,room_6,fur_0001,블랭크 컴퓨터데스크 D80cm (옵션 택1),223000,https://image.hanssem.com/hsimg/gds/1050/1058/1058200_A1.jpg?v=20250306143043
2463,337208,room_6,fur_0001,샘스마트 책상 112.5cm (컬러 택1),219900,https://image.hanssem.com/hsimg/gds/1050/337/337208_A1.jpg?v=20250519105112
2464,737730,room_6,fur_0001,홀리라이트 책상 160X80cm (컬러 택1),209900,https://image.hanssem.com/hsimg/gds/1050/737/737730_A1.jpg?v=20240805101535
2465,993243,room_6,fur_0001,플렉스Z  데스크패드,81000,https://image.hanssem.com/hsimg/gds/550/993/993243_A1.jpg?v=20241129092219
2466,993098,room_6,fur_0001,유로 501 플랫 테이블 1400,334000,https://image.hanssem.com/hsimg/gds/550/993/993098_A1.jpg?v=20240226154832
2467,993223,room_6,fur_0001,플렉스Z  측면 파티션 800,91000,https://image.hanssem.com/hsimg/gds/1050/993/993223_A1.jpg?v=20241128091836
2468,993309,room_6,fur_0001,플렉스Z 컴퓨터책상1400 D80+독서실형파티션,483000,https://image.hanssem.com/hsimg/gds/1050/993/993309_A1.jpg?v=20241129095938
2469,993451,room_6,fur_0001,유닛 h형 책상 세트 1200,1112000,https://image.hanssem.com/hsimg/gds/1050/993/993451_A1.jpg?v=20250718154029
2470,993439,room_6,fur_0001,유닛 책상 1200 D60 하부서랍형,560000,https://image.hanssem.com/hsimg/gds/1050/993/993439_A1.jpg?v=20250808110434
2471,993096,room_6,fur_0001,유로 501 플랫 테이블 1200,279000,https://image.hanssem.com/hsimg/gds/550/993/993096_A1.jpg?v=20240226154832
2472,993467,room_6,fur_0001,유닛 책상 1400 D70 하부책장형,580000,https://image.hanssem.com/hsimg/gds/1050/993/993467_A1.jpg?v=20250808111327
2473,992873,room_6,fur_0001,플러스 모션 행잉PC홀더,102000,https://image.hanssem.com/hsimg/gds/1050/992/992873_A1.jpg?v=20250519105112
2474,893116,room_6,fur_0001,플롯 전면 책상세트 5단 80x70cm (옵션 택1),409500,https://image.hanssem.com/hsimg/gds/1050/893/893116_A1.jpg?v=20240805101535
2475,993095,room_6,fur_0001,유로 501 플랫 테이블 950,279000,https://image.hanssem.com/hsimg/gds/550/993/993095_A1.jpg?v=20240226154832
2476,337210,room_6,fur_0001,샘스마트 책상 112.5cm 오픈형 (컬러 택1),209900,https://image.hanssem.com/hsimg/gds/1050/337/337210_A1.jpg?v=20250519105112
2477,271427,room_6,fur_0001,홀리라이트 책상 120cm (컬러 택1),169900,https://image.hanssem.com/hsimg/gds/1050/271/271427_A1.jpg?v=20250121080817
2478,993222,room_6,fur_0001,플렉스Z  측면 파티션 600,85000,https://image.hanssem.com/hsimg/gds/1050/993/993222_A1.jpg?v=20241129100707
2479,993300,room_6,fur_0001,플렉스Z 일반책상1200 D60+측면파티션,270000,https://image.hanssem.com/hsimg/gds/1050/993/993300_A1.jpg?v=20241128092042
2480,993473,room_6,fur_0001,유닛 일반 책상 1600 D70,384000,https://image.hanssem.com/hsimg/gds/1050/993/993473_A1.jpg?v=20250718152102
2481,993245,room_6,fur_0001,플렉스Z 슬림콘센트 2구,38000,https://image.hanssem.com/hsimg/gds/550/993/993245_A1.jpg?v=20241129092822
2482,884225,room_6,fur_0001,플롯 테이블 140x70cm (옵션 택1),211560,https://image.hanssem.com/hsimg/gds/1050/884/884225_A1.jpg?v=20240930095807
2483,993208,room_6,fur_0001,플렉스Z 수납책상set 1600 D80,480000,https://image.hanssem.com/hsimg/gds/1050/993/993208_A1.jpg?v=20250214130544
2484,993242,room_6,fur_0001,플렉스Z LED 클램프조명,108000,https://image.hanssem.com/hsimg/gds/1050/993/993242_A1.jpg?v=20250414145201
2485,893119,room_6,fur_0001,플롯 전면 책상세트 5단 120x70cm (옵션 택1),596140,https://image.hanssem.com/hsimg/gds/1050/893/893119_A1.jpg?v=20250113113754
2486,993297,room_6,fur_0001,플렉스Z 일반책상1400 D60+스크린파티션,326000,https://image.hanssem.com/hsimg/gds/1050/993/993297_A1.jpg?v=20241129100803
2487,993438,room_6,fur_0001,유닛 책상 1200 D60 하부PC장형,451000,https://image.hanssem.com/hsimg/gds/1050/993/993438_A1.jpg?v=20250718153629
2488,993206,room_6,fur_0001,플렉스Z 수납책상set 1200 D80,406000,https://image.hanssem.com/hsimg/gds/1050/993/993206_A1.jpg?v=20250214130431
2489,993207,room_6,fur_0001,플렉스Z 수납책상set 1400 D80,427000,https://image.hanssem.com/hsimg/gds/1050/993/993207_A1.jpg?v=20250214130507
2490,1058201,room_6,fur_0001,블랭크 데스크콘솔 (옵션 택1),313650,https://image.hanssem.com/hsimg/gds/1050/1058/1058201_A1.jpg?v=20241128100401
2491,992704,room_6,fur_0001,플러스 모션데스크 1400 일반형,1114000,https://image.hanssem.com/hsimg/gds/1050/992/992704_A1.jpg?v=20250519105112
2492,993202,room_6,fur_0001,플렉스Z 일반책상 1600 D60,248000,https://image.hanssem.com/hsimg/gds/1050/993/993202_A1.jpg?v=20241129085753
2493,992517,room_6,fur_0001,바흐 701 수납확장형책상 1800,1872000,https://image.hanssem.com/hsimg/gds/1050/992/992517_A1.jpg?v=20240723114845
2494,993228,room_6,fur_0001,플렉스Z  전면 파티션 1400,148000,https://image.hanssem.com/hsimg/gds/1050/993/993228_A1.jpg?v=20241128093003
2495,993475,room_6,fur_0001,유닛 h형 책상 세트 1600,1177000,https://image.hanssem.com/hsimg/gds/1050/993/993475_A1.jpg?v=20250813114207
2496,993203,room_6,fur_0001,플렉스Z 컴퓨터책상 1200 D80,223000,https://image.hanssem.com/hsimg/gds/1050/993/993203_A1.jpg?v=20250213130738
2497,993299,room_6,fur_0001,플렉스Z 컴퓨터책상1400 D80+스크린파티션,364000,https://image.hanssem.com/hsimg/gds/1050/993/993299_A1.jpg?v=20241129094122
2498,993224,room_6,fur_0001,플렉스Z  스크린 파티션 1200,103000,https://image.hanssem.com/hsimg/gds/1050/993/993224_A1.jpg?v=20241129095049
2499,993470,room_6,fur_0001,유닛 책상 1600 D70 하부PC장형,580000,https://image.hanssem.com/hsimg/gds/1050/993/993470_A1.jpg?v=20250718154559
2500,993226,room_6,fur_0001,플렉스Z  스크린 파티션 1600,131000,https://image.hanssem.com/hsimg/gds/1050/993/993226_A1.jpg?v=20241128093237
2501,884224,room_6,fur_0001,플롯 컴퓨터 책상 140x70cm (옵션 택1),218250,https://image.hanssem.com/hsimg/gds/1050/884/884224_A1.jpg?v=20250113113754
2502,993303,room_6,fur_0001,플렉스Z 컴퓨터책상1400 D80+측면파티션,335000,https://image.hanssem.com/hsimg/gds/1050/993/993303_A1.jpg?v=20241129094718
2503,993468,room_6,fur_0001,유닛 책상 1600 D70 하부책장형,598000,https://image.hanssem.com/hsimg/gds/1050/993/993468_A1.jpg?v=20250808110918
2504,993298,room_6,fur_0001,플렉스Z 컴퓨터책상1200 D80+스크린파티션,326000,https://image.hanssem.com/hsimg/gds/1050/993/993298_A1.jpg?v=20241129094010
2505,1058199,room_6,fur_0001,블랭크 베이직데스크 D60cm (옵션 택1),185000,https://image.hanssem.com/hsimg/gds/1050/1058/1058199_A1.jpg?v=20241128094753
2506,993201,room_6,fur_0001,플렉스Z 일반책상 1400 D60,206000,https://image.hanssem.com/hsimg/gds/1050/993/993201_A1.jpg?v=20241129090653
2507,993204,room_6,fur_0001,플렉스Z 컴퓨터책상 1400 D80,244000,https://image.hanssem.com/hsimg/gds/1050/993/993204_A1.jpg?v=20241128112407
2508,993302,room_6,fur_0001,플렉스Z 컴퓨터책상1200 D80+측면파티션,314000,https://image.hanssem.com/hsimg/gds/1050/993/993302_A1.jpg?v=20241128093458
2509,993463,room_6,fur_0001,유닛 모니터선반 900,99000,https://image.hanssem.com/hsimg/gds/1050/993/993463_A1.jpg?v=20250718152603
2510,1058212,room_6,fur_0001,블랭크 파티션 (옵션 택1),85000,https://image.hanssem.com/hsimg/gds/1050/1058/1058212_A1.jpg?v=20241128100220
2511,884226,room_6,fur_0001,플롯 테이블 160x70cm (옵션 택1),230420,https://image.hanssem.com/hsimg/gds/1050/884/884226_A1.jpg?v=20240805101535
2512,271428,room_6,fur_0001,홀리라이트 책상 160cm (컬러 택1),189900,https://image.hanssem.com/hsimg/gds/1050/271/271428_A1.jpg?v=20250121080817
2513,993474,room_6,fur_0001,유닛 h형 책상 세트 1400,1159000,https://image.hanssem.com/hsimg/gds/1050/993/993474_A1.jpg?v=20250808110621
2514,993307,room_6,fur_0001,플렉스Z 일반책상1400 D60+독서실형파티션,439000,https://image.hanssem.com/hsimg/gds/1050/993/993307_A1.jpg?v=20241128093658
2515,884222,room_6,fur_0001,플롯 책상 140x60cm (옵션 택1),166050,https://image.hanssem.com/hsimg/gds/1050/884/884222_A1.jpg?v=20240805101535
2516,884351,room_6,fur_0002,플롯 2단도어 60cm (컬러 택1),40000,https://image.hanssem.com/hsimg/gds/1050/884/884351_A1.jpg?v=20240805101535
2517,992511,room_6,fur_0002,바흐 701 6단 일반책장 600 장식박스용,360000,https://image.hanssem.com/hsimg/gds/1050/992/992511_A1.jpg?v=20250117145929
2518,1118428,room_6,fur_0002,(소진완료) 샘 어린이책장 3단 120cm 시공(크림화이트),123000,https://image.hanssem.com/hsimg/gds/1050/1118/1118428_A1.jpg?v=20250923081756
2519,993231,room_6,fur_0002,플렉스Z  슬라이딩 옷장 일반형,744000,https://image.hanssem.com/hsimg/gds/550/993/993231_A1.jpg?v=20250519105112
2520,893156,room_6,fur_0002,플롯 S자고리 5개입 (알레 공용),12000,https://image.hanssem.com/hsimg/gds/550/893/893156_A1.jpg?v=20250103152323
2521,857491,room_6,fur_0002,샘 책장 2단 120cm 수납형 시공 (컬러 택1),185900,https://image.hanssem.com/hsimg/gds/1050/857/857491_A1.jpg?v=20250519105112
2522,892990,room_6,fur_0002,플롯 책장 연결형 5단 60x40cm (옵션 택1),297360,https://image.hanssem.com/hsimg/gds/1050/892/892990_A1.jpg?v=20250911105011
2523,196922,room_6,fur_0002,모로 3단 트롤리 화이트,17900,https://image.hanssem.com/hsimg/gds/550/196/196922_A1.jpg?v=20250915132052
2524,892995,room_6,fur_0002,플롯 책장 연결형 3단 60x40cm (옵션 택1),209950,https://image.hanssem.com/hsimg/gds/1050/892/892995_A1.jpg?v=20250916144846
2525,993214,room_6,fur_0002,플렉스Z 6단 수납책장 600,239000,https://image.hanssem.com/hsimg/gds/1050/993/993214_A1.jpg?v=20241129085640
2526,893000,room_6,fur_0002,플롯 책장 프레임단독형 5단 60x40cm (옵션 택1),229320,https://image.hanssem.com/hsimg/gds/1050/893/893000_A1.jpg?v=20250911104444
2527,993460,room_6,fur_0002,유닛 3단도어 600 책장용,73000,https://image.hanssem.com/hsimg/gds/1050/993/993460_A1.jpg?v=20250813135132
2528,992989,room_6,fur_0002,바흐 701 서재 2단 유리도어 600,152000,https://image.hanssem.com/hsimg/gds/1050/992/992989_A1.jpg?v=20240725140550
2529,993159,room_6,fur_0002,유로 501 플랫 하부장 1000,351000,https://image.hanssem.com/hsimg/gds/550/993/993159_A1.jpg?v=20240709083140
2530,992988,room_6,fur_0002,바흐 701 서재 6단 유리도어 600,280000,https://image.hanssem.com/hsimg/gds/1050/992/992988_A1.jpg?v=20240725135211
2531,895011,room_6,fur_0002,플롯 책상부착용 콘센트,29000,https://image.hanssem.com/hsimg/gds/1050/895/895011_A1.jpg?v=20250103152323
2532,993452,room_6,fur_0002,유닛 특수장 600 콘센트도어포함,420000,https://image.hanssem.com/hsimg/gds/1050/993/993452_A1.jpg?v=20250519105112
2533,993215,room_6,fur_0002,플렉스Z 2단 도어 800,83000,https://image.hanssem.com/hsimg/gds/1050/993/993215_A1.jpg?v=20241129100332
2534,884354,room_6,fur_0002,플롯 서랍 트롤리 (컬러 택1),128000,https://image.hanssem.com/hsimg/gds/1050/884/884354_A1.jpg?v=20240805101537
2535,37959,room_6,fur_0002,샘 어린이책장 3단 80cm 시공(컬러 택1),92900,https://image.hanssem.com/hsimg/gds/1050/37/37959_A1.jpg?v=20250519105112
2536,993318,room_6,fur_0002,플렉스Z 6단 격자책장 800 고급형,361000,https://image.hanssem.com/hsimg/gds/1050/993/993318_A1.jpg?v=20241129091143
2537,1058220,room_6,fur_0002,블랭크 책장용 유리도어 (옵션 택1),131000,https://image.hanssem.com/hsimg/gds/1050/1058/1058220_A1.jpg?v=20240818213541
2538,110964,room_6,fur_0002,샘 책장 3단 80cm 수납형 시공 (컬러 택1),146900,https://image.hanssem.com/hsimg/gds/1050/110/110964_A1.jpg?v=20250519105112
2539,927015,room_6,fur_0002,[특가~9/29]1+1 재크플러스 철제 5단 서랍장,99000,https://image.hanssem.com/hsimg/gds/550/927/927015_A1.jpg?v=20250915132053
2540,539396,room_6,fur_0002,샘 어린이책장 3단 120cm DIY(컬러 택1),85900,https://image.hanssem.com/hsimg/gds/1050/539/539396_A1.jpg?v=20250519105112
2541,1113115,room_6,fur_0002,(아울렛) 플렉스Z 3단 일반 책장 600,64000,https://image.hanssem.com/hsimg/gds/550/1113/1113115_A1.jpg?v=20250922151404
2542,898604,room_6,fur_0002,샘 어린이책장 2단 200cm DIY(컬러 택1),105900,https://image.hanssem.com/hsimg/gds/1050/898/898604_A1.jpg?v=20250519105112
2543,893150,room_6,fur_0002,플롯 타공판용 행거프레임 80cm+S자고리 5개입 (알레 공용),28000,https://image.hanssem.com/hsimg/gds/1050/893/893150_A1.jpg?v=20250103152323
2544,993313,room_6,fur_0002,플렉스Z 3단 격자책장 800+2단도어,233000,https://image.hanssem.com/hsimg/gds/550/993/993313_A1.jpg?v=20241129101121
2545,993237,room_6,fur_0002,플렉스Z 4단서랍장 800,471000,https://image.hanssem.com/hsimg/gds/1050/993/993237_A1.jpg?v=20250519105112
2546,993219,room_6,fur_0002,플렉스Z 2단 유리 도어 600,142000,https://image.hanssem.com/hsimg/gds/1050/993/993219_A1.jpg?v=20241129094346
2547,993461,room_6,fur_0002,유닛 하부 플랩 도어 600 책장용,63000,https://image.hanssem.com/hsimg/gds/1050/993/993461_A1.jpg?v=20250813135540
2548,993312,room_6,fur_0002,플렉스Z 3단 일반책장 600+2단도어,180000,https://image.hanssem.com/hsimg/gds/1050/993/993312_A1.jpg?v=20241129090509
2549,892982,room_6,fur_0002,플롯 책장 단독형 5단 60x40cm (옵션 택1),297180,https://image.hanssem.com/hsimg/gds/1050/892/892982_A1.jpg?v=20250911104230
2550,993334,room_6,fur_0002,플렉스Z 6단 일반책장 120cm SET,314000,https://image.hanssem.com/hsimg/gds/1050/993/993334_A1.jpg?v=20241129091442
2551,884341,room_6,fur_0002,플롯 서랍장 3단 60x40cm (컬러 택1),184860,https://image.hanssem.com/hsimg/gds/1050/884/884341_A1.jpg?v=20240805101537
2552,862986,room_6,fur_0002,샘 책장 3단 120cm 서랍형 시공 (컬러 택1),198900,https://image.hanssem.com/hsimg/gds/1050/862/862986_A1.jpg?v=20250519105112
2553,993220,room_6,fur_0002,플렉스Z 3단 유리 도어 400,159000,https://image.hanssem.com/hsimg/gds/1050/993/993220_A1.jpg?v=20241129094942
2554,993213,room_6,fur_0002,플렉스Z 6단 격자 책장 800,225000,https://image.hanssem.com/hsimg/gds/1050/993/993213_A1.jpg?v=20241129085430
2555,993126,room_6,fur_0002,유로 501 플랫 서재 3단 루바도어 800,183000,https://image.hanssem.com/hsimg/gds/1050/993/993126_A1.jpg?v=20240723152006
2556,893151,room_6,fur_0002,플롯 타공판 60cm (알레 공용),65000,https://image.hanssem.com/hsimg/gds/1050/893/893151_A1.jpg?v=20250103152323
2557,993109,room_6,fur_0002,유로 501 플랫 서재 카페장 600,319000,https://image.hanssem.com/hsimg/gds/1050/993/993109_A1.jpg?v=20240723144522
2558,1058215,room_6,fur_0002,블랭크 책장용 화이트도어 (옵션 택1),57000,https://image.hanssem.com/hsimg/gds/1050/1058/1058215_A1.jpg?v=20240818221644
2559,993101,room_6,fur_0002,유로 501 플랫 서재 3단 책장 600,209000,https://image.hanssem.com/hsimg/gds/1050/993/993101_A1.jpg?v=20240723153021
2560,857498,room_6,fur_0002,샘 책장 2단 120cm 매거진랙형 시공 (컬러 택1),242900,https://image.hanssem.com/hsimg/gds/1050/857/857498_A1.jpg?v=20250519105112
2561,892989,room_6,fur_0002,플롯 책장 단독형 5단 80x40cm (옵션 택1),357520,https://image.hanssem.com/hsimg/gds/1050/892/892989_A1.jpg?v=20250911103711
2562,884230,room_6,fur_0002,플롯 가방걸이 1개입,6900,https://image.hanssem.com/hsimg/gds/1050/884/884230_A1.jpg?v=20250103152322
2563,992507,room_6,fur_0002,바흐 701 일반책장 2단장식박스 전용 분배기 3in1,56000,https://image.hanssem.com/hsimg/gds/1050/992/992507_A1.jpg?v=20240725135658
2564,993209,room_6,fur_0002,플렉스Z 2단 격자 책장 800,109000,https://image.hanssem.com/hsimg/gds/1050/993/993209_A1.jpg?v=20241129085338
2565,884340,room_6,fur_0002,플롯 책장 2단 80x40cm (옵션 택1),146080,https://image.hanssem.com/hsimg/gds/1050/884/884340_A1.jpg?v=20240805101536
2566,993566,room_6,fur_0002,유닛 상부 플랩도어 600 책장용,63000,https://image.hanssem.com/hsimg/gds/1050/993/993566_A1.jpg?v=20250813143826
2567,893140,room_6,fur_0002,플롯 선반 60x20cm (컬러 택1),36000,https://image.hanssem.com/hsimg/gds/1050/893/893140_A1.jpg?v=20240805101537
2568,993217,room_6,fur_0002,플렉스Z 플랩 도어 600,49000,https://image.hanssem.com/hsimg/gds/1050/993/993217_A1.jpg?v=20241129092505
2569,1058222,room_6,fur_0002,블랭크 수납장용 도어 (옵션 택1),40000,https://image.hanssem.com/hsimg/gds/1050/1058/1058222_A1.jpg?v=20240818222146
2570,993218,room_6,fur_0002,플렉스Z 플랩 도어 800,53000,https://image.hanssem.com/hsimg/gds/1050/993/993218_A1.jpg?v=20241129092945
2571,993339,room_6,fur_0002,플렉스Z 6단 격자책장 320cm SET,900000,https://image.hanssem.com/hsimg/gds/1050/993/993339_A1.jpg?v=20241129101842
2572,993462,room_6,fur_0002,유닛 상부 플랩도어 900 책장용,74000,https://image.hanssem.com/hsimg/gds/1050/993/993462_A1.jpg?v=20250813141456
2573,993459,room_6,fur_0002,유닛 3단도어 300 책장용,63000,https://image.hanssem.com/hsimg/gds/1050/993/993459_A1.jpg?v=20250813151812
2574,993337,room_6,fur_0002,플렉스Z 6단 격자책장 160cm SET,450000,https://image.hanssem.com/hsimg/gds/1050/993/993337_A1.jpg?v=20241129094246
2575,993113,room_6,fur_0002,유로 501 플랫 서재 갤러리장 918,283000,https://image.hanssem.com/hsimg/gds/1050/993/993113_A1.jpg?v=20240723151116
2576,993447,room_6,fur_0002,유닛 6단책장 300,165000,https://image.hanssem.com/hsimg/gds/1050/993/993447_A1.jpg?v=20250808112330
2577,993230,room_6,fur_0002,플렉스Z  슬라이딩 옷장 선반형,951000,https://image.hanssem.com/hsimg/gds/1050/993/993230_A1.jpg?v=20250519105112
2578,893154,room_6,fur_0002,플롯 타공판 80cm (알레 공용),68000,https://image.hanssem.com/hsimg/gds/1050/893/893154_A1.jpg?v=20250103152323
2579,993456,room_6,fur_0002,유닛 2단도어 600 책장용,67000,https://image.hanssem.com/hsimg/gds/1050/993/993456_A1.jpg?v=20250813135407
2580,993211,room_6,fur_0002,플렉스Z 3단 격자 책장 800,150000,https://image.hanssem.com/hsimg/gds/1050/993/993211_A1.jpg?v=20241129091026
2581,993445,room_6,fur_0002,유닛 사이드 하부책장 700 (D40),168000,https://image.hanssem.com/hsimg/gds/1050/993/993445_A1.jpg?v=20250808112111
2582,992441,room_6,fur_0002,아이디S 6단 수납1단 책장 600,268000,https://image.hanssem.com/hsimg/gds/1050/992/992441_A1.jpg?v=20250806140144
2583,892992,room_6,fur_0002,플롯 책장 단독형 3단 60x40cm (옵션 택1),224400,https://image.hanssem.com/hsimg/gds/1050/892/892992_A1.jpg?v=20240805101536
2584,993100,room_6,fur_0002,유로 501 플랫 서재 2단 책장 600,186000,https://image.hanssem.com/hsimg/gds/1050/993/993100_A1.jpg?v=20240723155553
2585,993221,room_6,fur_0002,플렉스Z 4단 유리 도어 400,165000,https://image.hanssem.com/hsimg/gds/1050/993/993221_A1.jpg?v=20241129100530
2586,993166,room_6,fur_0002,유로 501 플랫 서재 2단 유리도어 600,201000,https://image.hanssem.com/hsimg/gds/1050/993/993166_A1.jpg?v=20240723155440
2587,993108,room_6,fur_0002,유로 501 플랫 서재 5단 장식책장 1000,353000,https://image.hanssem.com/hsimg/gds/1050/993/993108_A1.jpg?v=20240723143534
2588,993117,room_6,fur_0002,유로 501 플랫 서재 2단 루바도어 600,144000,https://image.hanssem.com/hsimg/gds/1050/993/993117_A1.jpg?v=20240723151339
2589,993110,room_6,fur_0002,유로 501 플랫 서재 카페장 1000,466000,https://image.hanssem.com/hsimg/gds/1050/993/993110_A1.jpg?v=20240723144238
2590,893149,room_6,fur_0002,플롯 타공판용 행거프레임 60cm+S자고리 5개입 (알레 공용),25000,https://image.hanssem.com/hsimg/gds/1050/893/893149_A1.jpg?v=20250103152322
2591,993107,room_6,fur_0002,유로 501 플랫 서재 3단 장식책장 1000,285000,https://image.hanssem.com/hsimg/gds/1050/993/993107_A1.jpg?v=20240723143834
2592,992508,room_6,fur_0002,바흐 701 하부가림판 1800,76000,https://image.hanssem.com/hsimg/gds/1050/992/992508_A1.jpg?v=20240725134517
2593,1112267,room_6,fur_0002,[특가~9/29]뉴 재크 철제 서랍장 화이트(2종 택1),59900,https://image.hanssem.com/hsimg/gds/1050/1112/1112267_A1.jpg?v=20250915132054
2594,1059744,room_6,fur_0002,마카롱 철제 3단 서랍장,57600,https://image.hanssem.com/hsimg/gds/1050/1059/1059744_A1.jpg?v=20241211104846
2595,993444,room_6,fur_0002,유닛 사이드 하부장 700 (D40)서랍장,301000,https://image.hanssem.com/hsimg/gds/1050/993/993444_A1.jpg?v=20250519105112
2596,893088,room_6,fur_0002,플롯 책장세트 5단 180x40cm (옵션 택1),849420,https://image.hanssem.com/hsimg/gds/1050/893/893088_A1.jpg?v=20250911105348
2597,992977,room_6,fur_0002,바흐 701 서재 긴옷장 600,455000,https://image.hanssem.com/hsimg/gds/1050/992/992977_A1.jpg?v=20250117150056
2598,993458,room_6,fur_0002,유닛 2단 도어 700 하부장용,76000,https://image.hanssem.com/hsimg/gds/1050/993/993458_A1.jpg?v=20250718153106
2599,893090,room_6,fur_0002,플롯 책장세트 3단 160x40cm (옵션 택1),506300,https://image.hanssem.com/hsimg/gds/1050/893/893090_A1.jpg?v=20241216114347
2600,898602,room_6,fur_0002,샘 어린이책장 2단 200cm 시공(컬러 택1),115900,https://image.hanssem.com/hsimg/gds/1050/898/898602_A1.jpg?v=20250519105112
2601,898601,room_6,fur_0002,샘 어린이책장 2단 160cm 시공(컬러 택1),109900,https://image.hanssem.com/hsimg/gds/1050/898/898601_A1.jpg?v=20250519105112
2602,993238,room_6,fur_0002,플렉스Z PC장 800,151000,https://image.hanssem.com/hsimg/gds/1050/993/993238_A1.jpg?v=20241129090818
2603,993232,room_6,fur_0002,플렉스Z 수납화장대 600,380000,https://image.hanssem.com/hsimg/gds/1050/993/993232_A1.jpg?v=20250519105112
2604,756888,room_6,fur_0002,재크플러스 철제 무빙 트롤리 (3종/택1),35900,https://image.hanssem.com/hsimg/gds/1050/756/756888_A1.jpg?v=20250915132052
2605,539394,room_6,fur_0002,샘 어린이책장 2단 120cm DIY(컬러 택1),85900,https://image.hanssem.com/hsimg/gds/1050/539/539394_A1.jpg?v=20250519105112
2606,893087,room_6,fur_0002,플롯 책장세트 5단 160x40cm (옵션 택1),658320,https://image.hanssem.com/hsimg/gds/1050/893/893087_A1.jpg?v=20250911105629
2607,857714,room_6,fur_0002,샘 책장 3단 120cm 매거진수납형 시공 (컬러 택1),336900,https://image.hanssem.com/hsimg/gds/1050/857/857714_A1.jpg?v=20250519105112
2608,337218,room_6,fur_0002,샘스마트 책상 확장수납장 (컬러 택1),90000,https://image.hanssem.com/hsimg/gds/1050/337/337218_A1.jpg?v=20250519105112
2609,895012,room_6,fur_0002,플롯 자석 월포켓 3P세트 (알레 공용),35000,https://image.hanssem.com/hsimg/gds/1050/895/895012_A1.jpg?v=20250103152323
2610,993466,room_6,fur_0002,유닛 파티션용 행잉 ACC set,101000,https://image.hanssem.com/hsimg/gds/1050/993/993466_A1.jpg?v=20250519105112
2611,992987,room_6,fur_0002,바흐 701 서재 6단 유리도어 400,223000,https://image.hanssem.com/hsimg/gds/1050/992/992987_A1.jpg?v=20240725135303
2612,993118,room_6,fur_0002,유로 501 플랫 서재 2단 루바도어 800,160000,https://image.hanssem.com/hsimg/gds/1050/993/993118_A1.jpg?v=20240723160545
2613,1059747,room_6,fur_0002,마카롱 철제 5단 서랍장(크림화이트),75400,https://image.hanssem.com/hsimg/gds/1050/1059/1059747_A1.jpg?v=20250418150133
2614,993565,room_6,fur_0002,유닛 하부 플랩 도어 900 책장용,74000,https://image.hanssem.com/hsimg/gds/1050/993/993565_A1.jpg?v=20250808113151
2615,1112273,room_6,fur_0002,[특가~9/29]재크 히든 수납 트롤리(2종/택1),69900,https://image.hanssem.com/hsimg/gds/1050/1112/1112273_A1.jpg?v=20250915132054
2616,992510,room_6,fur_0002,바흐 701 2단장식박스 600,188000,https://image.hanssem.com/hsimg/gds/1050/992/992510_A1.jpg?v=20250117145741
2617,992986,room_6,fur_0002,바흐 701 서재 선반장 400,501000,https://image.hanssem.com/hsimg/gds/1050/992/992986_A1.jpg?v=20250117150310
2618,993455,room_6,fur_0002,유닛 2단도어 300 책장용,58000,https://image.hanssem.com/hsimg/gds/1050/993/993455_A1.jpg?v=20250813134605
2619,992976,room_6,fur_0002,바흐 701 서재 멀티장 1000,921000,https://image.hanssem.com/hsimg/gds/1050/992/992976_A1.jpg?v=20240725140438
2620,992468,room_6,fur_0002,아이디S 5단 격자 책장 800,226000,https://image.hanssem.com/hsimg/gds/1050/992/992468_A1.jpg?v=20250813150505
2621,893089,room_6,fur_0002,플롯 책장세트 3단 120x40cm (옵션 택1),434350,https://image.hanssem.com/hsimg/gds/1050/893/893089_A1.jpg?v=20240805101535
2622,37957,room_6,fur_0002,샘 어린이책장 2단 120cm 시공(컬러 택1),89900,https://image.hanssem.com/hsimg/gds/1050/37/37957_A1.jpg?v=20250519105112
2623,992576,room_6,fur_0002,아이디S 5단 일반 책장 600,185000,https://image.hanssem.com/hsimg/gds/1050/992/992576_A1.jpg?v=20250813144754
2624,893144,room_6,fur_0002,플롯 선반 80x30cm (컬러 택1),42000,https://image.hanssem.com/hsimg/gds/1050/893/893144_A1.jpg?v=20240805101537
2625,992515,room_6,fur_0002,바흐 701 6단 장식책장 1200,1263000,https://image.hanssem.com/hsimg/gds/1050/992/992515_A1.jpg?v=20250117145301
2626,993212,room_6,fur_0002,플렉스Z 6단 일반 책장 600,157000,https://image.hanssem.com/hsimg/gds/1050/993/993212_A1.jpg?v=20241129090058
2627,893003,room_6,fur_0002,플롯 오픈 책장 프레임연결형 5단 80x40cm (컬러 택1),241900,https://image.hanssem.com/hsimg/gds/1050/893/893003_A1.jpg?v=20250911104819
2628,993115,room_6,fur_0002,유로 501 플랫 서재 1단 루바도어 600,116000,https://image.hanssem.com/hsimg/gds/1050/993/993115_A1.jpg?v=20240723155927
2629,765135,room_6,fur_0002,샘와이드 책장 3단 120cm 시공(컬러 택1),99900,https://image.hanssem.com/hsimg/gds/1050/765/765135_A1.jpg?v=20250519105112
2630,892998,room_6,fur_0002,플롯 책장 연결형 3단 80x40cm (옵션 택1),245680,https://image.hanssem.com/hsimg/gds/1050/892/892998_A1.jpg?v=20240805101535
2631,993216,room_6,fur_0002,플렉스Z 2단 도어 600,60000,https://image.hanssem.com/hsimg/gds/550/993/993216_A1.jpg?v=20241129090345
2632,893001,room_6,fur_0002,플롯 오픈 책장 프레임단독형 5단 80x40cm (컬러 택1),264860,https://image.hanssem.com/hsimg/gds/1050/893/893001_A1.jpg?v=20250911103950
2633,884342,room_6,fur_0002,플롯 서랍장 1단 60x40cm (컬러 택1),119280,https://image.hanssem.com/hsimg/gds/1050/884/884342_A1.jpg?v=20240805101537
2634,857490,room_6,fur_0002,샘 책장 3단 120cm 수납형 시공 (컬러 택1),189900,https://image.hanssem.com/hsimg/gds/1050/857/857490_A1.jpg?v=20250519105112
2635,893143,room_6,fur_0002,플롯 선반 80x20cm (컬러 택1),40000,https://image.hanssem.com/hsimg/gds/1050/893/893143_A1.jpg?v=20240805101537
2636,993158,room_6,fur_0002,유로 501 플랫 하부장 600,223000,https://image.hanssem.com/hsimg/gds/550/993/993158_A1.jpg?v=20240709083140
2637,893146,room_6,fur_0002,플롯 타공판용 행거프레임 30cm+S자고리 5개입 (알레 공용),20000,https://image.hanssem.com/hsimg/gds/1050/893/893146_A1.jpg?v=20250103152322
2638,992509,room_6,fur_0002,바흐 701 2단도어 600,117000,https://image.hanssem.com/hsimg/gds/1050/992/992509_A1.jpg?v=20250117145555
2639,993443,room_6,fur_0002,유닛 사이드 PC 하부장 700 (D40),153000,https://image.hanssem.com/hsimg/gds/1050/993/993443_A1.jpg?v=20250808112626
2640,993450,room_6,fur_0002,유닛 콘솔장1200,452000,https://image.hanssem.com/hsimg/gds/1050/993/993450_A1.jpg?v=20250813144404
2641,993457,room_6,fur_0002,유닛 2단 도어 350 하부장용,59000,https://image.hanssem.com/hsimg/gds/1050/993/993457_A1.jpg?v=20250808112838
2642,1058204,room_6,fur_0002,블랭크 6단 책장 (옵션 택1),152000,https://image.hanssem.com/hsimg/gds/1050/1058/1058204_A1.jpg?v=20241128094252
2643,993453,room_6,fur_0002,유닛 1단도어 300 책장용,51000,https://image.hanssem.com/hsimg/gds/1050/993/993453_A1.jpg?v=20250808113551
2644,993103,room_6,fur_0002,유로 501 플랫 서재 2단 책장 800,201000,https://image.hanssem.com/hsimg/gds/1050/993/993103_A1.jpg?v=20240723160432
2645,862990,room_6,fur_0002,샘 책장 3단 80cm 서랍형 시공 (컬러 택1),156900,https://image.hanssem.com/hsimg/gds/1050/862/862990_A1.jpg?v=20250519105112
2646,992512,room_6,fur_0002,바흐 701 6단 일반책장 600,377000,https://image.hanssem.com/hsimg/gds/1050/992/992512_A1.jpg?v=20250117145442
2647,993449,room_6,fur_0002,유닛 6단책장 900,296000,https://image.hanssem.com/hsimg/gds/1050/993/993449_A1.jpg?v=20250808110812
2648,993104,room_6,fur_0002,유로 501 플랫 서재 3단 책장 800,224000,https://image.hanssem.com/hsimg/gds/1050/993/993104_A1.jpg?v=20240723151455
2649,993112,room_6,fur_0002,유로 501 플랫 서재 4단 매거진랙 600,232000,https://image.hanssem.com/hsimg/gds/1050/993/993112_A1.jpg?v=20240723153655
2650,423527,room_6,fur_0002,샘 어린이책장 3단 120cm X 2set 시공(컬러 택1),199800,https://image.hanssem.com/hsimg/gds/1050/423/423527_A1.jpg?v=20250519105112
2651,993167,room_6,fur_0002,유로 501 플랫 서재 2단 유리도어 800,216000,https://image.hanssem.com/hsimg/gds/1050/993/993167_A1.jpg?v=20240723161116
2652,993210,room_6,fur_0002,플렉스Z 3단 일반 책장 600,120000,https://image.hanssem.com/hsimg/gds/1050/993/993210_A1.jpg?v=20241129091816
2653,992469,room_6,fur_0002,아이디S 6단 격자 책장 800,231000,https://image.hanssem.com/hsimg/gds/1050/992/992469_A1.jpg?v=20250811084537
2654,892994,room_6,fur_0002,플롯 책장 단독형 3단 80x40cm (옵션 택1),260620,https://image.hanssem.com/hsimg/gds/1050/892/892994_A1.jpg?v=20240805101536
2655,993338,room_6,fur_0002,플렉스Z 6단 격자책장 240cm SET,675000,https://image.hanssem.com/hsimg/gds/1050/993/993338_A1.jpg?v=20241129094848
2656,1058202,room_6,fur_0002,블랭크 멀티선반 (옵션 택1),346800,https://image.hanssem.com/hsimg/gds/1050/1058/1058202_A1.jpg?v=20241128095006
2657,993448,room_6,fur_0002,유닛 6단책장 600,195000,https://image.hanssem.com/hsimg/gds/1050/993/993448_A1.jpg?v=20250808111135
2658,1112268,room_6,fur_0002,[특가~9/29]뉴 재크 5단 서랍장(3종/택1),79900,https://image.hanssem.com/hsimg/gds/1050/1112/1112268_A1.jpg?v=20250915132054
2659,857503,room_6,fur_0002,샘 책장 3단 80cm 매거진랙형 시공 (컬러 택1),190900,https://image.hanssem.com/hsimg/gds/1050/857/857503_A1.jpg?v=20250519105112
2660,992577,room_6,fur_0002,아이디S 6단 일반 책장 600,195000,https://image.hanssem.com/hsimg/gds/1050/992/992577_A1.jpg?v=20250813144956
2661,110968,room_6,fur_0002,샘 책장 2단 120cm 스틸다리형 시공(컬러 택1),129900,https://image.hanssem.com/hsimg/gds/1050/110/110968_A1.jpg?v=20250519105112
2662,765136,room_6,fur_0002,샘와이드 책장 3단 120cm DIY(컬러 택1),89900,https://image.hanssem.com/hsimg/gds/1050/765/765136_A1.jpg?v=20250519105112
2663,993105,room_6,fur_0002,유로 501 플랫 서재 5단 책장 800,276000,https://image.hanssem.com/hsimg/gds/1050/993/993105_A1.jpg?v=20240723144402
2664,898603,room_6,fur_0002,샘 어린이책장 2단 160cm DIY(컬러 택1),99900,https://image.hanssem.com/hsimg/gds/1050/898/898603_A1.jpg?v=20250519105112
2665,993315,room_6,fur_0002,플렉스Z 6단 일반책장 600+2단 도어,217000,https://image.hanssem.com/hsimg/gds/1050/993/993315_A1.jpg?v=20241129101419
2666,893142,room_6,fur_0002,플롯 선반 60x30cm (컬러 택1),38000,https://image.hanssem.com/hsimg/gds/1050/893/893142_A1.jpg?v=20240805101537
2667,993125,room_6,fur_0002,유로 501 플랫 서재 3단 루바도어 600,166000,https://image.hanssem.com/hsimg/gds/1050/993/993125_A1.jpg?v=20240723155656
2668,993241,room_6,fur_0002,플렉스Z 책장용 타공판 + ACC set,69000,https://image.hanssem.com/hsimg/gds/1050/993/993241_A1.jpg?v=20241129095603
2669,1060154,room_6,fur_0002,[특가~9/29]1+1 모로 3단 트롤리 화이트,35900,https://image.hanssem.com/hsimg/gds/550/1060/1060154_A1.jpg?v=20250915132053
2670,993317,room_6,fur_0002,플렉스Z 6단 일반책장 600 고급형,266000,https://image.hanssem.com/hsimg/gds/1050/993/993317_A1.jpg?v=20241129100107
2671,893092,room_6,fur_0002,플롯 책장세트 3단 180x40cm (옵션 택1),644300,https://image.hanssem.com/hsimg/gds/1050/893/893092_A1.jpg?v=20240805101535
2672,993336,room_6,fur_0002,플렉스Z 6단 일반책장 240cm SET,628000,https://image.hanssem.com/hsimg/gds/1050/993/993336_A1.jpg?v=20241129101536
2673,37961,room_6,fur_0002,샘 어린이책장 3단 200cm 시공 (컬러 택1),125900,https://image.hanssem.com/hsimg/gds/1050/37/37961_A1.jpg?v=20250519105112
2674,993316,room_6,fur_0002,플렉스Z 6단 격자책장 800+2단 도어,308000,https://image.hanssem.com/hsimg/gds/550/993/993316_A1.jpg?v=20241129091607
2675,37960,room_6,fur_0002,샘 어린이책장 3단 120cm 시공(컬러 택1),99900,https://image.hanssem.com/hsimg/gds/1050/37/37960_A1.jpg?v=20250519105112
2676,993314,room_6,fur_0002,플렉스Z 3단 격자책장 800 장식형,468000,https://image.hanssem.com/hsimg/gds/1050/993/993314_A1.jpg?v=20241129101259
2677,909008,room_6,fur_0002,플롯 책장 연결형 5단 80x40cm (옵션 택1),318240,https://image.hanssem.com/hsimg/gds/1050/909/909008_A1.jpg?v=20250911104640
2678,99700,room_6,fur_0002,샘 컬러도어 2단 40cm 시공(컬러 택1),30000,https://image.hanssem.com/hsimg/gds/1050/99/99700_A1.jpg?v=20250519105112
2679,993240,room_6,fur_0002,플렉스Z 수납스툴 370,96000,https://image.hanssem.com/hsimg/gds/550/993/993240_A1.jpg?v=20250519105112
2680,993454,room_6,fur_0002,유닛 1단 도어 350 하부장용,52000,https://image.hanssem.com/hsimg/gds/1050/993/993454_A1.jpg?v=20250813143936
2681,893002,room_6,fur_0002,플롯 책장 프레임연결형 5단 60x40cm (옵션 택1),206640,https://image.hanssem.com/hsimg/gds/1050/893/893002_A1.jpg?v=20250911105220
2682,68929,room_6,fur_0002,샘 어린이책장 3단 160cm 시공(컬러 택1),125900,https://image.hanssem.com/hsimg/gds/1050/68/68929_A1.jpg?v=20250519105112
2683,893059,room_6,fur_0002,플롯 책장세트 5단 120x40cm (옵션 택1),617400,https://image.hanssem.com/hsimg/gds/1050/893/893059_A1.jpg?v=20250911105759
2684,993335,room_6,fur_0002,플렉스Z 6단 일반책장 180cm SET,471000,https://image.hanssem.com/hsimg/gds/1050/993/993335_A1.jpg?v=20241129100245
2685,993102,room_6,fur_0002,유로 501 플랫 서재 5단 책장 600,265000,https://image.hanssem.com/hsimg/gds/1050/993/993102_A1.jpg?v=20240723150717
2686,993541,room_6,fur_0002,코티 인서트 수납 ACC 800,125000,https://image.hanssem.com/hsimg/gds/550/993/993541_A1.jpg?v=20250519105112
2687,884339,room_6,fur_0002,플롯 책장 2단 60x40cm (옵션 택1),118150,https://image.hanssem.com/hsimg/gds/1050/884/884339_A1.jpg?v=20240805101536
2688,539395,room_6,fur_0002,샘 어린이책장 3단 80cm DIY(컬러 택1),86900,https://image.hanssem.com/hsimg/gds/1050/539/539395_A1.jpg?v=20250519105112
2689,993106,room_6,fur_0002,유로 501 플랫 서재 2단 장식책장 1000,253000,https://image.hanssem.com/hsimg/gds/1050/993/993106_A1.jpg?v=20240723150950
2690,862987,room_6,fur_0002,샘 책장 2단 120cm 서랍형 시공 (컬러 택1),194900,https://image.hanssem.com/hsimg/gds/1050/862/862987_A1.jpg?v=20250519105112
2691,993116,room_6,fur_0002,유로 501 플랫 서재 1단 루바도어 800,126000,https://image.hanssem.com/hsimg/gds/1050/993/993116_A1.jpg?v=20240723153158
2692,1058203,room_6,fur_0002,블랭크 수납장 (옵션 택1),135150,https://image.hanssem.com/hsimg/gds/1050/1058/1058203_A1.jpg?v=20250401175215
2693,884343,room_6,fur_0002,플롯 서랍장 1단 80x40cm (컬러 택1),128740,https://image.hanssem.com/hsimg/gds/1050/884/884343_A1.jpg?v=20240805101537
2694,884352,room_6,fur_0002,플롯 2단도어 40cm 2개입 (컬러 택1),61000,https://image.hanssem.com/hsimg/gds/1050/884/884352_A1.jpg?v=20240805101535
2695,993442,room_6,fur_0002,유닛 사이드 하부책장 350 (D40),115000,https://image.hanssem.com/hsimg/gds/1050/993/993442_A1.jpg?v=20250519105112
2696,992514,room_6,fur_0002,바흐 701 콘솔장 960,684000,https://image.hanssem.com/hsimg/gds/1050/992/992514_A1.jpg?v=20240725135932
2697,857506,room_6,fur_0002,샘 책장 3단 80cm 매거진수납형 시공 (컬러 택1),250900,https://image.hanssem.com/hsimg/gds/1050/857/857506_A1.jpg?v=20250519105112
2698,857494,room_6,fur_0002,샘 책장 3단 120cm 매거진랙형 시공 (컬러 택1),246900,https://image.hanssem.com/hsimg/gds/1050/857/857494_A1.jpg?v=20250519105112
2699,884353,room_6,fur_0002,플롯 트롤리 (컬러 택1),88000,https://image.hanssem.com/hsimg/gds/1050/884/884353_A1.jpg?v=20240805101537
2700,993111,room_6,fur_0002,유로 501 플랫 서재 1단 매거진랙 450,212000,https://image.hanssem.com/hsimg/gds/1050/993/993111_A1.jpg?v=20240723155322
2701,993114,room_6,fur_0003,유로 501 플랫 서재 서랍장 400,242000,https://image.hanssem.com/hsimg/gds/1050/993/993114_A1.jpg?v=20250519105112
2702,1058206,room_6,fur_0003,블랭크 3단 높은서랍장,294000,https://image.hanssem.com/hsimg/gds/1050/1058/1058206_A1.jpg?v=20250519105112
2703,337212,room_6,fur_0003,샘스마트 책상+확장수납장 (컬러 택1),309900,https://image.hanssem.com/hsimg/gds/1050/337/337212_A1.jpg?v=20250519105112
2704,1058208,room_6,fur_0003,블랭크 모니터선반,78000,https://image.hanssem.com/hsimg/gds/1050/1058/1058208_A1.jpg?v=20250519105112
2705,993236,room_6,fur_0003,플렉스Z 3단 이동 서랍장,231000,https://image.hanssem.com/hsimg/gds/550/993/993236_A1.jpg?v=20250519105112
2706,1058207,room_6,fur_0003,블랭크 3단 이동서랍장,231000,https://image.hanssem.com/hsimg/gds/1050/1058/1058207_A1.jpg?v=20250519105112
2707,1058226,room_6,fur_0003,블랭크 멀티선반 공간분리 패키지 (옵션 택1),593000,https://image.hanssem.com/hsimg/gds/1050/1058/1058226_A1.jpg?v=20250519105112
2708,1058230,room_6,fur_0003,블랭크 데스크콘솔 공간분리 패키지 (옵션 택1),554000,https://image.hanssem.com/hsimg/gds/1050/1058/1058230_A1.jpg?v=20250519105112
2709,993235,room_6,fur_0003,플렉스Z 3단 높은 서랍장,294000,https://image.hanssem.com/hsimg/gds/1050/993/993235_A1.jpg?v=20250806134740
2710,993239,room_6,fur_0003,플렉스Z 모니터선반 900,78000,https://image.hanssem.com/hsimg/gds/1050/993/993239_A1.jpg?v=20250519105112
2711,352683,room_7,fur_0000,★한정수량 1+1 ★[한샘] 샘 토리여우 전기방석 [1인용] 커플전기방석,48000,https://image.hanssem.com/hsimg/gds/550/352/352683_A1.jpg?v=20230601190810
2712,670279,room_7,fur_0000,CKI-0701 미니고데기 휴대용고데기 매직기 파우치,17000,https://image.hanssem.com/hsimg/gds/1050/670/670279_A1.jpg?v=20241203123952
2713,554287,room_7,fur_0000,이탤릭 미니 플라핀 헤어브러쉬,5600,https://image.hanssem.com/hsimg/gds/550/554/554287_A1.jpg?v=20240704074023
2714,745999,room_7,fur_0000,락앤락 미니공기청정기(차량겸용)-현대 홈쇼핑 판매제품,131960,https://image.hanssem.com/hsimg/gds/550/745/745999_A1.jpg?v=20230601190802
2715,732981,room_7,fur_0000,쿡헬스 프리미엄 중량밴드 1.5kg 2개 1세트 손목 발목 모래주머니 (S03484),18100,https://image.hanssem.com/hsimg/gds/550/732/732981_A1.jpg?v=20230601190803
2716,751650,room_7,fur_0000,[라이녹스] 크로스 핸디 스팀다리미 RXWY-4761A,42900,https://image.hanssem.com/hsimg/gds/550/751/751650_A1.jpg?v=20230601190755
2717,434219,room_7,fur_0000,사노피아 게르마늄 티타늄 팔찌 아모르 TAF-G (골드),148000,https://image.hanssem.com/hsimg/gds/1050/434/434219_A1.jpg?v=20250515144737
2718,779830,room_7,fur_0000,아텍스 루르드 스타일 EMS 마사지 시트 AX-KXL5700,68000,https://image.hanssem.com/hsimg/gds/550/779/779830_A1.jpg?v=20230703165823
2719,799315,room_7,fur_0000,글루바인 전자파안심 인체감지 물세탁 전기요 글렌 더블,104000,https://image.hanssem.com/hsimg/gds/550/799/799315_A1.jpg?v=20240704074024
2720,411880,room_7,fur_0000,라비센(LAVISEN) 노브 파라핀욕조 KS-903T,99000,https://image.hanssem.com/hsimg/gds/550/411/411880_A1.jpg?v=20231215134949
2721,732989,room_7,fur_0000,쿡헬스 워터 로잉머신 전신운동기구 노젓기운동 헬스 고급우드 (S03487),1745260,https://image.hanssem.com/hsimg/gds/550/732/732989_A1.jpg?v=20230601190803
2722,658629,room_7,fur_0000,여행 바캉스 워터파크 스마트폰 방수팩 URBAN WAVE,4900,https://image.hanssem.com/hsimg/gds/550/658/658629_A1.jpg?v=20250325160925
2723,528639,room_7,fur_0000,사노피아 써지컬 게르마늄 자석팔찌 NSA-G001 (골드),124000,https://image.hanssem.com/hsimg/gds/1050/528/528639_A1.jpg?v=20250529170115
2724,799305,room_7,fur_0000,글루바인 전자파안심 좌우 분리난방 물세탁 전기요 바르 퀸,147200,https://image.hanssem.com/hsimg/gds/550/799/799305_A1.jpg?v=20240704074024
2725,411857,room_7,fur_0000,라비센(LAVISEN) 디지털 주방저울 LAVI-101PK,19900,https://image.hanssem.com/hsimg/gds/1050/411/411857_A1.jpg?v=20250515112143
2726,1069169,room_7,fur_0000,[특가~9/29]멜로우 전기포트 온도조절 보온 분유 커피 무선 포트 스테인리스 주전자 1L 출산 육아 선물,48400,https://image.hanssem.com/hsimg/gds/1050/1069/1069169_A1.jpg?v=20250926091959
2727,657085,room_7,fur_0000,아이폰 7/8 플러스 투명 강화유리케이스 HS,10300,https://image.hanssem.com/hsimg/gds/550/657/657085_A1.jpg?v=20230601190803
2728,766808,room_7,fur_0000,[해바라] 프리미엄손마사지기,76190,https://image.hanssem.com/hsimg/gds/550/766/766808_A1.jpg?v=20230601190755
2729,746019,room_7,fur_0000,[큐브온] 공기청정기 JI-1000,35750,https://image.hanssem.com/hsimg/gds/550/746/746019_A1.jpg?v=20230601190802
2730,428665,room_7,fur_0000,스콜피언 티타늄 자석 팔찌 A-S003,124000,https://image.hanssem.com/hsimg/gds/1050/428/428665_A1.jpg?v=20250515114203
2731,753766,room_7,fur_0000,[라이녹스] 1.5리터 다용도 멀티 찜기 포트 RXMX-NK1501,33310,https://image.hanssem.com/hsimg/gds/550/753/753766_A1.jpg?v=20230601190755
2732,996712,room_7,fur_0000,[BUENO] 브에노 프리미엄 전신 온열 마사지매트 BN-H500,114900,https://image.hanssem.com/hsimg/gds/550/996/996712_A1.jpg?v=20250905102804
2733,855759,room_7,fur_0000,[특가~9/29]티오 UV-C LED 휴대용칫솔살균기 (USB충전형),15900,https://image.hanssem.com/hsimg/gds/550/855/855759_A1.jpg?v=20250819142203
2734,474929,room_7,fur_0000,CKI-1102 헤어브러쉬/뽕고데기/고데기/매직기,15800,https://image.hanssem.com/hsimg/gds/1050/474/474929_A1.jpg?v=20250515144343
2735,732977,room_7,fur_0000,쿡헬스 홈트레이닝 웨이트로프 운동기구 복근 코어 상체 하체 헬스 (S03375),20700,https://image.hanssem.com/hsimg/gds/550/732/732977_A1.jpg?v=20230601190803
2736,411658,room_7,fur_0000,라비센(LAVISEN) 백라이트 디지털 온습도계 KS-205,14800,https://image.hanssem.com/hsimg/gds/550/411/411658_A1.jpg?v=20230601190810
2737,761248,room_7,fur_0000,아텍스 루르드 헬스케어 마사지기 3종세트 KXL3600,29000,https://image.hanssem.com/hsimg/gds/550/761/761248_A1.jpg?v=20230703170217
2738,746075,room_7,fur_0000,[로얄소브린] 전면부 에어홀 에어퍼펙트 공기청정기 RAP-150K1,228800,https://image.hanssem.com/hsimg/gds/550/746/746075_A1.jpg?v=20230601190755
2739,576226,room_7,fur_0000,마블 브릭로고 안전한 KC인증 3000mAh 보조배터리,9900,https://image.hanssem.com/hsimg/gds/550/576/576226_A1.jpg?v=20231205150752
2740,150171,room_7,fur_0000,포루투갈 전통 토스트 체스넛팬,22500,https://image.hanssem.com/hsimg/gds/550/150/150171_A1.jpg?v=20230601190810
2741,733494,room_7,fur_0000,[한경희] EMS 닥터케어 미니 마사지패드 HM-E2300,42750,https://image.hanssem.com/hsimg/gds/550/733/733494_A1.jpg?v=20230601190803
2742,901821,room_7,fur_0000,[OASIS] 벨레스 스마트 바디 체중계 BLSC-605WH,16900,https://image.hanssem.com/hsimg/gds/550/901/901821_A1.jpg?v=20230601190702
2743,1010637,room_7,fur_0000,인채널 볼드 슬라이딩콘센트 고속충전 USB C타입 2구빌트인콘센트 BBG02,72000,https://image.hanssem.com/hsimg/gds/550/1010/1010637_A1.jpg?v=20231018102518
2744,434149,room_7,fur_0000,인채널 가구매입 빌트인 원형 USB 모바일충전기 IFC-MC302,37000,https://image.hanssem.com/hsimg/gds/550/434/434149_A1.jpg?v=20230601190810
2745,732275,room_7,fur_0000,[갤럭시] 프리미엄 게르마늄 실버 팔찌(티타늄),119430,https://image.hanssem.com/hsimg/gds/550/732/732275_A1.jpg?v=20230601190803
2746,778957,room_7,fur_0000,사노피아 게르마늄 티타늄 팔찌 그라시아 플러스 (실버),158000,https://image.hanssem.com/hsimg/gds/550/778/778957_A1.jpg?v=20240508145123
2747,751335,room_7,fur_0000,[쿠쿠] 6인용 스마트 IH압력밥솥 CRP-JHI0630FG,612890,https://image.hanssem.com/hsimg/gds/550/751/751335_A1.jpg?v=20230601190755
2748,745997,room_7,fur_0000,미켈란젤로 휘바 V2 포터블 공기청정기(차량용 실내겸용) ARO-AIR3100,80210,https://image.hanssem.com/hsimg/gds/550/745/745997_A1.jpg?v=20230601190802
2749,1052425,room_7,fur_0000,모락 네다 V3 30W PD PPS C타입 차량용 초고속 충전기,8800,https://image.hanssem.com/hsimg/gds/1050/1052/1052425_A1.jpg?v=20240228113702
2750,691890,room_7,fur_0000,[퀸메이드] 홈 쿠킹 오븐 (색상선택),50050,https://image.hanssem.com/hsimg/gds/550/691/691890_A1.jpg?v=20230601190803
2751,474811,room_7,fur_0000,CKI-0700 미니고데기 휴대용고데기 매직기(파우치),17000,https://image.hanssem.com/hsimg/gds/1050/474/474811_A1.jpg?v=20250519132949
2752,730207,room_7,fur_0000,아벨루나 아쿠아필링기 ABELUNA M-100,183220,https://image.hanssem.com/hsimg/gds/550/730/730207_A1.jpg?v=20230601190803
2753,435153,room_7,fur_0000,글루바인 전자파안심 물세탁 전기요 프레이야 싱글,79600,https://image.hanssem.com/hsimg/gds/550/435/435153_A1.jpg?v=20240704074022
2754,670188,room_7,fur_0000,CKI-D213 드라이기 헤어드라이기 휴대용 접이식,18800,https://image.hanssem.com/hsimg/gds/1050/670/670188_A1.jpg?v=20250522172823
2755,733384,room_7,fur_0000,[팡가오] 프리미엄 리모컨 목안마 목마사지기 PG-2601B19,104000,https://image.hanssem.com/hsimg/gds/550/733/733384_A1.jpg?v=20230601190803
2756,325066,room_7,fur_0000,[바이빔] 토리여우 전기방석 [1인용],19200,https://image.hanssem.com/hsimg/gds/550/325/325066_A1.jpg?v=20230601190810
2757,431665,room_7,fur_0000,사노피아 엘리자베스 게르마늄 마그넷타타늄 팔찌 1014 (다크),168000,https://image.hanssem.com/hsimg/gds/1050/431/431665_A1.jpg?v=20250515114749
2758,1037102,room_7,fur_0000,코시나 구석구석 욕실청소도구 틈새브러쉬,3500,https://image.hanssem.com/hsimg/gds/550/1037/1037102_A1.jpg?v=20240704074025
2759,1110183,room_7,fur_0000,플럭스 6단 파워조절 미니 마사지건 PLX-MG3200DCWH,19900,https://image.hanssem.com/hsimg/gds/1050/1110/1110183_A1.jpg?v=20250918153014
2760,622794,room_7,fur_0000,클렙튼 차량용 공기청정기 HS8500,18200,https://image.hanssem.com/hsimg/gds/550/622/622794_A1.jpg?v=20230601190810
2761,745753,room_7,fur_0000,[캔디] 미스트 휴대용 손 선풍기 OZ-8200,13580,https://image.hanssem.com/hsimg/gds/550/745/745753_A1.jpg?v=20230601190802
2762,733501,room_7,fur_0000,[팡가오] 머리마사지기 PG-3000,122260,https://image.hanssem.com/hsimg/gds/550/733/733501_A1.jpg?v=20230601190803
2763,733406,room_7,fur_0000,쿡헬스 볼마사지 롤러 마사지볼 휴대 어깨 팔다리 맛사지 (S03385),10300,https://image.hanssem.com/hsimg/gds/550/733/733406_A1.jpg?v=20230601190803
2764,727319,room_7,fur_0000,[레드닷모바일] 프리컷 케이블 1.5m (8핀 아이폰용) 고속충전 고속데이터,14370,https://image.hanssem.com/hsimg/gds/550/727/727319_A1.jpg?v=20230601190803
2765,733493,room_7,fur_0000,[한경희] EMS 무선 저주파 마사지기 Dr Care HM-1805,38610,https://image.hanssem.com/hsimg/gds/550/733/733493_A1.jpg?v=20230601190803
2766,590823,room_7,fur_0000,사노피아 폴리테라헤르츠 티타늄 자석 목걸이 사노테라 (골드),178000,https://image.hanssem.com/hsimg/gds/550/590/590823_A1.jpg?v=20240508104439
2767,751708,room_7,fur_0000,[맥도도] SR C타입 to C타입 PD 고속충전 케이블 1.2m,10230,https://image.hanssem.com/hsimg/gds/550/751/751708_A1.jpg?v=20230601190755
2768,753357,room_7,fur_0000,독일 콕스타 이지쿡 듀얼 멀티 쿠커(2 in 1) KSEMC-1000,91010,https://image.hanssem.com/hsimg/gds/550/753/753357_A1.jpg?v=20230601190755
2769,778956,room_7,fur_0000,사노피아 게르마늄 티타늄 팔찌 그라시아 플러스 (골드),158000,https://image.hanssem.com/hsimg/gds/550/778/778956_A1.jpg?v=20240508145215
2770,746008,room_7,fur_0000,[하이드로마] MY GREEN AIR 공기청정기,63060,https://image.hanssem.com/hsimg/gds/550/746/746008_A1.jpg?v=20230601190802
2771,431879,room_7,fur_0000,사노피아 알로하 게르마늄 티타늄 팔찌 (실버),148000,https://image.hanssem.com/hsimg/gds/1050/431/431879_A1.jpg?v=20250515135943
2772,734432,room_7,fur_0000,[카스] 실리콘소재 발목보호대2P / CAS-A003,18750,https://image.hanssem.com/hsimg/gds/550/734/734432_A1.jpg?v=20230601190803
2773,728653,room_7,fur_0000,[맥도도] 90도 라이트 8핀 케이블 0.5m,11210,https://image.hanssem.com/hsimg/gds/550/728/728653_A1.jpg?v=20230601190803
2774,790950,room_7,fur_0000,[키친아트] 렉스 믹서기/KP-1530,40310,https://image.hanssem.com/hsimg/gds/550/790/790950_A1.jpg?v=20230601190755
2775,790705,room_7,fur_0000,[비스카] 무선 충전식 양치 컵 UV 칫솔 살균기 VK-H01A,29250,https://image.hanssem.com/hsimg/gds/550/790/790705_A1.jpg?v=20230601190755
2776,473127,room_7,fur_0000,CKI-D200 접이식 가정용 드라이기 1200W,16100,https://image.hanssem.com/hsimg/gds/550/473/473127_A1.jpg?v=20250522124159
2777,780456,room_7,fur_0000,보만 44리터 1등급 레트로 클래식 아이보리 냉장고,716800,https://image.hanssem.com/hsimg/gds/550/780/780456_A1.jpg?v=20241226141304
2778,754826,room_7,fur_0000,[기펠] TASTEA 2in1 보온 포트 GTP-7098W,45500,https://image.hanssem.com/hsimg/gds/550/754/754826_A1.jpg?v=20230601190755
2779,435168,room_7,fur_0000,글루바인 전자파안심 타이머 물세탁 전기요 헤라 더블,89600,https://image.hanssem.com/hsimg/gds/550/435/435168_A1.jpg?v=20240704074022
2780,728216,room_7,fur_0000,[맥도도] SR 3 in 1 충전 케이블 [8핀&C타입&마이크로 5핀],10720,https://image.hanssem.com/hsimg/gds/550/728/728216_A1.jpg?v=20230601190803
2781,1110180,room_7,fur_0000,[으뜸효율]플럭스 245L 1등급 냉장고,329000,https://image.hanssem.com/hsimg/gds/1050/1110/1110180_A1.jpg?v=20250925174713
2782,1093215,room_7,fur_0000,[한일의료기] 네베프 프리미엄 EMF 탄소 전기요 HI 401D 더블,81900,https://image.hanssem.com/hsimg/gds/1050/1093/1093215_A1.jpg?v=20250207101417
2783,434137,room_7,fur_0000,인채널 가구매입 빌트인 사각 USB 모바일 충전기 IFC-MC301,37000,https://image.hanssem.com/hsimg/gds/550/434/434137_A1.jpg?v=20230601190810
2784,801316,room_7,fur_0000,[블랙파인] 몬스터급 핸디형 무선 청소기 2color,89000,https://image.hanssem.com/hsimg/gds/550/801/801316_A1.jpg?v=20230601190755
2785,747246,room_7,fur_0000,[디씨즈] 귀여운 작은악마 usb 가습기(데코 스티커 제공),18010,https://image.hanssem.com/hsimg/gds/550/747/747246_A1.jpg?v=20230601190755
2786,574409,room_7,fur_0000,사노피아 게르마늄 티타늄 자석 목걸이팔찌 세트 사노디아 (골드),328000,https://image.hanssem.com/hsimg/gds/550/574/574409_A1.jpg?v=20240508145810
2787,750675,room_7,fur_0000,딜라이트 소다 엣지 탄산수 제조기 [본체+1리터용기+실린더],131960,https://image.hanssem.com/hsimg/gds/550/750/750675_A1.jpg?v=20230601190755
2788,745976,room_7,fur_0000,카로니 트리플 파워 냉풍기 DK-5002,53740,https://image.hanssem.com/hsimg/gds/550/745/745976_A1.jpg?v=20230601190802
2789,435152,room_7,fur_0000,글루바인 전자파안심 물세탁 전기요 프레이야 더블,84800,https://image.hanssem.com/hsimg/gds/550/435/435152_A1.jpg?v=20240704074022
2790,643367,room_7,fur_0000,라비센(LAVISEN) 종아리 발마사지기 KS-608H,138000,https://image.hanssem.com/hsimg/gds/550/643/643367_A1.jpg?v=20250515113049
2791,590825,room_7,fur_0000,사노피아 폴리테라헤르츠 티타늄 자석 목걸이 사노테라 (로즈),178000,https://image.hanssem.com/hsimg/gds/550/590/590825_A1.jpg?v=20240508103530
2792,1094814,room_7,fur_0000,테팔 초고속블렌더 퍼펙트믹스 플러스 트라이탄 및 다지기 BL88CDKR,117000,https://image.hanssem.com/hsimg/gds/1050/1094/1094814_A1.jpg?v=20250225080922
2793,411649,room_7,fur_0000,라비센(LAVISEN) 디지털 온습도계 KS-201,22000,https://image.hanssem.com/hsimg/gds/550/411/411649_A1.jpg?v=20230601190810
2794,435270,room_7,fur_0000,사노피아 게르마늄 티타늄 자석 목걸이팔찌 세트 토파시오 (실버),328000,https://image.hanssem.com/hsimg/gds/1050/435/435270_A1.jpg?v=20250529141955
2795,585969,room_7,fur_0000,사노피아 티타늄 게르마늄 자석 팔찌 사노젠테 (실버),79000,https://image.hanssem.com/hsimg/gds/550/585/585969_A1.jpg?v=20240508145644
2796,753850,room_7,fur_0000,[오로라] LED 마스크 KML-100,71500,https://image.hanssem.com/hsimg/gds/550/753/753850_A1.jpg?v=20230601190755
2797,534945,room_7,fur_0000,쿠첸프로피 티보이 펭귄,52500,https://image.hanssem.com/hsimg/gds/550/534/534945_A1.jpg?v=20230620170500
2798,753118,room_7,fur_0000,[레이코] 에어프라이어 오븐 SHAF-SR1500,123550,https://image.hanssem.com/hsimg/gds/550/753/753118_A1.jpg?v=20230601190755
2799,739605,room_7,fur_0000,마스트라드 반자동 휘핑기 핸드거품기,15400,https://image.hanssem.com/hsimg/gds/550/739/739605_A1.jpg?v=20240704074023
2800,434196,room_7,fur_0000,사노피아 게르마늄 티타늄 팔찌 TA-B002 (다크그레이),158000,https://image.hanssem.com/hsimg/gds/1050/434/434196_A1.jpg?v=20250515141954
2801,222213,room_7,fur_0000,위너스 안전 자동캡 3구 1.5M 멀티콘센트 멀티탭 절전형 안전이중커버,20000,https://image.hanssem.com/hsimg/gds/550/222/222213_A1.jpg?v=20230601190810
2802,751229,room_7,fur_0000,독일 콕스타 8단 이지스토어 식품 건조기 KSEFD-8000,105310,https://image.hanssem.com/hsimg/gds/550/751/751229_A1.jpg?v=20230601190755
2803,747955,room_7,fur_0000,[파인디지탈] 파인뷰 solid 350 32GB 2채널 블랙박스+정품GPS포함,264550,https://image.hanssem.com/hsimg/gds/550/747/747955_A1.jpg?v=20230601190755
2804,574439,room_7,fur_0000,사노피아 게르마늄 티타늄 자석 목걸이팔찌 세트 사노디아 (블랙),328000,https://image.hanssem.com/hsimg/gds/550/574/574439_A1.jpg?v=20240508145728
2805,751182,room_7,fur_0000,델키 샌드위치 메이커 DKB-506,45500,https://image.hanssem.com/hsimg/gds/550/751/751182_A1.jpg?v=20230601190755
2806,574401,room_7,fur_0000,사노피아 게르마늄 티타늄 자석 목걸이 사노디아 (골드),178000,https://image.hanssem.com/hsimg/gds/550/574/574401_A1.jpg?v=20240508150100
2807,1017834,room_7,fur_0000,무아스 2포트 20W PD 어댑터 고속 멀티 충전기 휴대용이,13900,https://image.hanssem.com/hsimg/gds/550/1017/1017834_A1.jpg?v=20240704074025
2808,879824,room_7,fur_0000,(한샘톡톡) 샘키즈 살균키트,29900,https://image.hanssem.com/hsimg/gds/550/879/879824_A1.jpg?v=20241104152414
2809,728630,room_7,fur_0000,[플러그팟] 수납형 디자인 멀티탭,40040,https://image.hanssem.com/hsimg/gds/550/728/728630_A1.jpg?v=20230601190803
2810,727811,room_7,fur_0000,[뷰소닉] V114HD 3800안시 FULL HD 빔프로젝터,1691690,https://image.hanssem.com/hsimg/gds/550/727/727811_A1.jpg?v=20231030112005
2811,732278,room_7,fur_0000,[갤럭시] 크리스탈 게르마늄 골드 팔찌(SUS 304),119040,https://image.hanssem.com/hsimg/gds/550/732/732278_A1.jpg?v=20230601190803
2812,732985,room_7,fur_0000,쿡헬스 중량밴드 2kg 2개 1세트 손목 발목 모래주머니 (S03481),22980,https://image.hanssem.com/hsimg/gds/550/732/732985_A1.jpg?v=20230601190803
2813,732992,room_7,fur_0000,쿡헬스 스마트 아령 일체형으로 무게조절 헬스 근육 팔운동 (S03392),175400,https://image.hanssem.com/hsimg/gds/550/732/732992_A1.jpg?v=20230601190803
2814,643370,room_7,fur_0000,사노피아 게르마늄 티타늄 팔찌 그라시아 (실버),160000,https://image.hanssem.com/hsimg/gds/550/643/643370_A1.jpg?v=20240508145411
2815,670461,room_7,fur_0000,CKI-C120 온도조절 아이롱/컬링/고데기/봉고데기,21400,https://image.hanssem.com/hsimg/gds/550/670/670461_A1.jpg?v=20250604100715
2816,434133,room_7,fur_0000,사노피아 오스틴알로하 게르마늄 티타늄 팔찌 (실버),168000,https://image.hanssem.com/hsimg/gds/1050/434/434133_A1.jpg?v=20250515141101
2817,734206,room_7,fur_0000,[인바디] 가정용 초음파 신장계 InLabS50,113250,https://image.hanssem.com/hsimg/gds/550/734/734206_A1.jpg?v=20230601190803
2818,761251,room_7,fur_0000,아텍스 루르드 마사지스툴(Stool) HXL174N,358000,https://image.hanssem.com/hsimg/gds/550/761/761251_A1.jpg?v=20230703170023
2819,925099,room_7,fur_0000,콕스타 쉬니 칼&도마 살균기,89900,https://image.hanssem.com/hsimg/gds/550/925/925099_A1.jpg?v=20230601190653
2820,745372,room_7,fur_0000,독일 코첼라 밀든 초강력 헤어드라이어 KLEDR-2000,48230,https://image.hanssem.com/hsimg/gds/550/745/745372_A1.jpg?v=20230601190803
2821,746001,room_7,fur_0000,독일 미켈란젤로 휘바 공기청정기,41470,https://image.hanssem.com/hsimg/gds/550/746/746001_A1.jpg?v=20230601190802
2822,780907,room_7,fur_0000,아텍스 루르드 핸드케어 마사지기 HXL1805,119000,https://image.hanssem.com/hsimg/gds/550/780/780907_A1.jpg?v=20230703165613
2823,752579,room_7,fur_0000,독일 콕스타 세이프 쿨 터치 블루 전기 주전자 1.5L KSEKT-1000,46810,https://image.hanssem.com/hsimg/gds/550/752/752579_A1.jpg?v=20230601190755
2824,1110191,room_7,fur_0000,[3년무상AS] 플럭스 연기 걱정 없는 전기 그릴 PLX-EG39SLBG,99000,https://image.hanssem.com/hsimg/gds/1050/1110/1110191_A1.jpg?v=20250919103010
2825,732276,room_7,fur_0000,[갤럭시] 프리미엄 게르마늄 골드 팔찌(티타늄),133840,https://image.hanssem.com/hsimg/gds/550/732/732276_A1.jpg?v=20230601190803
2826,761252,room_7,fur_0000,아텍스 루르드 손발마사지기 릴라부 KXL3700,98000,https://image.hanssem.com/hsimg/gds/550/761/761252_A1.jpg?v=20230703165920
2827,669976,room_7,fur_0000,CKI-D101 휴대용 접이식 헤어 1000W 드라이어,16900,https://image.hanssem.com/hsimg/gds/1050/669/669976_A1.jpg?v=20250521094801
2828,611947,room_7,fur_0000,Marshall마샬 킬번2 블루투스 스피커 앱전용쿠폰,528000,https://image.hanssem.com/hsimg/gds/550/611/611947_A1.jpg?v=20231030112005
2829,727320,room_7,fur_0000,[레드닷모바일] 프리컷 케이블 1.5m (5핀 안드로이드용) 고속충전 고속데이터,14370,https://image.hanssem.com/hsimg/gds/550/727/727320_A1.jpg?v=20230601190803
2830,745975,room_7,fur_0000,한경희 스마트 리모컨 냉풍기 HEF-8700,106310,https://image.hanssem.com/hsimg/gds/550/745/745975_A1.jpg?v=20230601190802
2831,727318,room_7,fur_0000,[레드닷모바일] 프리컷 케이블 1.5m (타입C) 고속충전 고속데이터,14370,https://image.hanssem.com/hsimg/gds/550/727/727318_A1.jpg?v=20230601190803
2832,745547,room_7,fur_0000,다이젠 3D입체 회전 스탠드 써큘레이터 BLDC모터 DEF-JH908SW,81430,https://image.hanssem.com/hsimg/gds/550/745/745547_A1.jpg?v=20230601190803
2833,617673,room_7,fur_0000,쿠첸프로피 멀티 디지털타이머,54000,https://image.hanssem.com/hsimg/gds/550/617/617673_A1.jpg?v=20240704074023
2834,761245,room_7,fur_0000,아텍스 루르드 핸디 마사지기 릴라밍고 KXL3200,39000,https://image.hanssem.com/hsimg/gds/550/761/761245_A1.jpg?v=20230703170453
2835,804814,room_7,fur_0000,무아스 2L 듀얼 미스트 무선 무드등 가습기,39900,https://image.hanssem.com/hsimg/gds/550/804/804814_A1.jpg?v=20240704074024
2836,753117,room_7,fur_0000,[로페] 에어프라이어/LAF-0007,199620,https://image.hanssem.com/hsimg/gds/550/753/753117_A1.jpg?v=20230601190755
2837,622791,room_7,fur_0000,클렙튼 차량용 공기청정기 듀얼USB HS2300,26300,https://image.hanssem.com/hsimg/gds/550/622/622791_A1.jpg?v=20230601190810
2838,432466,room_7,fur_0000,사노피아 알로하 게르마늄 티타늄 팔찌 (다크그레이),148000,https://image.hanssem.com/hsimg/gds/1050/432/432466_A1.jpg?v=20250515140432
2839,696990,room_7,fur_0000,[블루에어] 헤파사일런트 공기청정기 클래식 505,643500,https://image.hanssem.com/hsimg/gds/550/696/696990_A1.jpg?v=20230601190803
2840,732987,room_7,fur_0000,쿡헬스 중량밴드 0.5kg 2개 1세트 손목 발목 모래주머니 (S03479),18100,https://image.hanssem.com/hsimg/gds/550/732/732987_A1.jpg?v=20230601190803
2841,474809,room_7,fur_0000,CKI-I073 미니고데기 휴대용고데기 매직기,21200,https://image.hanssem.com/hsimg/gds/550/474/474809_A1.jpg?v=20250916135103
2842,961514,room_7,fur_0000,[HANSSEM] 한샘 UV-C 열건조 수저 및 젓병 살균기 HAF-HS900WH,85900,https://image.hanssem.com/hsimg/gds/550/961/961514_A1.jpg?v=20250207101427
2843,643369,room_7,fur_0000,사노피아 게르마늄 티타늄 팔찌 그라시아 (골드),160000,https://image.hanssem.com/hsimg/gds/550/643/643369_A1.jpg?v=20240508145509
2844,737770,room_7,fur_0000,밀키팟 원터치 전기포트 무선 주전자 커피포트,43900,https://image.hanssem.com/hsimg/gds/550/737/737770_A1.jpg?v=20240704074023
2845,750746,room_7,fur_0000,[델키] 프리미엄 전기 튀김기 DK-305,128700,https://image.hanssem.com/hsimg/gds/550/750/750746_A1.jpg?v=20230601190755
2846,1120881,room_7,fur_0000,[HIRA] 히라 304스텐 원터치 전동 소금 후추 그라인더 받침대세트 HR-GD1901,28900,https://image.hanssem.com/hsimg/gds/1050/1120/1120881_A1.jpg?v=20250926163156
2847,752586,room_7,fur_0000,[프린세스] 온도조절 1.8L 무선주전자 PD-A3100,47450,https://image.hanssem.com/hsimg/gds/550/752/752586_A1.jpg?v=20230601190755
2848,760103,room_7,fur_0000,바나앤나나 핸디 선풍기 휴대용 USB 선풍기,20000,https://image.hanssem.com/hsimg/gds/550/760/760103_A1.jpg?v=20230601190755
2849,840905,room_7,fur_0000,무아스 머그팟 라면포트 멀티쿠커 전기쿠커 전기포트 스마트쿠커 MEP1,24900,https://image.hanssem.com/hsimg/gds/550/840/840905_A1.jpg?v=20240704074024
2850,751323,room_7,fur_0000,[쿠쿠] 10인용 IH 전기 압력 밥솥 CRP-GHXB1010FD,521460,https://image.hanssem.com/hsimg/gds/550/751/751323_A1.jpg?v=20230601190755
2851,755434,room_7,fur_0000,[무궁화전자] 바로바로 무선 진공 포장기/MVP-2500,91660,https://image.hanssem.com/hsimg/gds/550/755/755434_A1.jpg?v=20230601190755
2852,780447,room_7,fur_0000,보만 전문가용 스탠드 스팀다리미,144400,https://image.hanssem.com/hsimg/gds/550/780/780447_A1.jpg?v=20241226133704
2853,1091701,room_7,fur_0000,로보락 25년 최신형 Q Revo L 로봇청소기,880000,https://image.hanssem.com/hsimg/gds/1050/1091/1091701_A1.jpg?v=20250415145511
2854,780457,room_7,fur_0000,보만 44리터 1등급 레트로 클래식 레드 냉장고,716800,https://image.hanssem.com/hsimg/gds/550/780/780457_A1.jpg?v=20241226141352
2855,794279,room_7,fur_0000,[아이트로닉스] 아이패스블랙 N20 16GB 2채널 블랙박스,145600,https://image.hanssem.com/hsimg/gds/550/794/794279_A1.jpg?v=20230601190755
2856,325081,room_7,fur_0000,[전자파 안심] 토리여우 누빔 전기요-[중형],60800,https://image.hanssem.com/hsimg/gds/550/325/325081_A1.jpg?v=20230601190810
2857,732286,room_7,fur_0000,[갤럭시] 시리우스 골드 게르마늄 목걸이(티타늄),191760,https://image.hanssem.com/hsimg/gds/550/732/732286_A1.jpg?v=20230601190803
2858,728161,room_7,fur_0000,[맥도도] 90도 라이트 C타입 케이블 1.2m,13160,https://image.hanssem.com/hsimg/gds/550/728/728161_A1.jpg?v=20230601190803
2859,1001941,room_7,fur_0000,보만 1800W 사이드인렛 헤어드라이기 HD3162G,39800,https://image.hanssem.com/hsimg/gds/550/1001/1001941_A1.jpg?v=20240502142318
2860,732280,room_7,fur_0000,[갤럭시] 큐피트 골드 게르마늄 팔찌(티타늄),104890,https://image.hanssem.com/hsimg/gds/550/732/732280_A1.jpg?v=20230601190803
2861,208269,room_7,fur_0000,드레텍 디지털 주방저울 KS-147WT,25800,https://image.hanssem.com/hsimg/gds/550/208/208269_A1.jpg?v=20230601190810
2862,411378,room_7,fur_0000,라비센(LAVISEN) 디지털 타이머 KS-005,14800,https://image.hanssem.com/hsimg/gds/550/411/411378_A1.jpg?v=20230601190810
2863,574408,room_7,fur_0000,사노피아 게르마늄 티타늄 자석 목걸이팔찌 세트 사노디아 (실버),328000,https://image.hanssem.com/hsimg/gds/550/574/574408_A1.jpg?v=20240508145849
2864,808610,room_7,fur_0000,갤럭시 S20 울트라 투명 강화유리케이스 HS,10500,https://image.hanssem.com/hsimg/gds/550/808/808610_A1.jpg?v=20230601190755
2865,1034710,room_7,fur_0000,무아스 23W 플랫스퀘어 3in1 고속 무선충전기 무드등 각도조절,28900,https://image.hanssem.com/hsimg/gds/550/1034/1034710_A1.jpg?v=20240718093131
2866,357780,room_7,fur_0000,[위너스] 국산 개별절전 안전 스마트 멀티콘센트 4구1.5m/접지형/전원차단/먼지차단/캡형플러그,21000,https://image.hanssem.com/hsimg/gds/550/357/357780_A1.jpg?v=20230601190810
2867,732274,room_7,fur_0000,[갤럭시] 플래티늄 게르마늄 팔찌(텅스텐),133840,https://image.hanssem.com/hsimg/gds/550/732/732274_A1.jpg?v=20230601190803
2868,780459,room_7,fur_0000,보만 디지털 차량용냉장고 24L,478000,https://image.hanssem.com/hsimg/gds/550/780/780459_A1.jpg?v=20250331142139
2869,696207,room_7,fur_0000,강력수압 미세분사판 수도절수 호텔샤워헤드 LV200,5900,https://image.hanssem.com/hsimg/gds/550/696/696207_A1.jpg?v=20250331180600
2870,1118202,room_7,fur_0000,[Boral] 보랄 쉐이크 무빙 무선 블랜더 BR-600BL(리퍼/색상랜덤발송),31900,https://image.hanssem.com/hsimg/gds/1050/1118/1118202_A1.jpg?v=20250813160551
2871,411922,room_7,fur_0000,라비센(LAVISEN) 프리미엄 파라핀 왁스,25000,https://image.hanssem.com/hsimg/gds/1050/411/411922_A1.jpg?v=20250515112549
2872,643056,room_7,fur_0000,워니 공기청정기 + 전용필터 1개,68250,https://image.hanssem.com/hsimg/gds/550/643/643056_A1.jpg?v=20230601190810
2873,657080,room_7,fur_0000,아이폰 MAX 투명 강화유리케이스 HS,10300,https://image.hanssem.com/hsimg/gds/550/657/657080_A1.jpg?v=20230601190803
2874,755213,room_7,fur_0000,비스카 UV LED 멀티 살균 소독기 VK-CS290Y,29990,https://image.hanssem.com/hsimg/gds/550/755/755213_A1.jpg?v=20230601190755
2875,736878,room_7,fur_0000,[노와] 시그니처 스텐 4L 에어프라이어 NWA201,94950,https://image.hanssem.com/hsimg/gds/550/736/736878_A1.jpg?v=20230601190803
2876,1103126,room_7,fur_0000,[특가~9/29]로보락 25년 최신형 Q Revo Edge C 로봇청소기,980000,https://image.hanssem.com/hsimg/gds/1050/1103/1103126_A1.jpg?v=20250418102125
2877,747064,room_7,fur_0000,[노와] 공기청정기 NWC-603,27740,https://image.hanssem.com/hsimg/gds/550/747/747064_A1.jpg?v=20230601190755
2878,1024518,room_7,fur_0000,무아스 휴대용 바람건조 온열 UV 칫솔살균기 마그넷 탈부착 3colors,23900,https://image.hanssem.com/hsimg/gds/1050/1024/1024518_A1.jpg?v=20240704074025
2879,410397,room_7,fur_0000,[특가~9/29](톡톡) 양문형 칫솔살균기 1.0,43900,https://image.hanssem.com/hsimg/gds/550/410/410397_A1.jpg?v=20250103112452
2880,733381,room_7,fur_0000,보랄 바이브레이션 폼롤러 마사지기 BR-V900FM,44680,https://image.hanssem.com/hsimg/gds/550/733/733381_A1.jpg?v=20230601190803
2881,1109143,room_7,fur_0000,대원 생선구이 양면 전기 그릴 듀얼히팅 바베큐 그릴 DW-FG04,109000,https://image.hanssem.com/hsimg/gds/1050/1109/1109143_A1.jpg?v=20250602165830
2882,431637,room_7,fur_0000,사노피아 엘리자베스 게르마늄 마그넷타타늄 팔찌 1014 (실버),168000,https://image.hanssem.com/hsimg/gds/1050/431/431637_A1.jpg?v=20250515114330
2883,793365,room_7,fur_0000,[크루거] 더글라스 2in1 러블리 티메이커 1.8L,89000,https://image.hanssem.com/hsimg/gds/550/793/793365_A1.jpg?v=20230601190755
2884,692640,room_7,fur_0000,라이딩 런닝 야간등산 LED발광 스마트폰 안전 암밴드,7500,https://image.hanssem.com/hsimg/gds/550/692/692640_A1.jpg?v=20250922165601
2885,474905,room_7,fur_0000,CKI-F103 온도조절 고데기 /나이아가라펌 /매직기,27500,https://image.hanssem.com/hsimg/gds/550/474/474905_A1.jpg?v=20250103164730
2886,528638,room_7,fur_0000,사노피아 써지컬 게르마늄 자석팔찌 NSA-S001 (실버),124000,https://image.hanssem.com/hsimg/gds/1050/528/528638_A1.jpg?v=20250529165935
2887,657023,room_7,fur_0000,갤럭시 S10 투명 강화유리케이스 HS,10300,https://image.hanssem.com/hsimg/gds/550/657/657023_A1.jpg?v=20230601190803
2888,750707,room_7,fur_0000,[테팔] 컴팩트 커피메이커 CM3218,62400,https://image.hanssem.com/hsimg/gds/550/750/750707_A1.jpg?v=20230601190755
2889,790816,room_7,fur_0000,[미켈란젤로] 초고속 블랜더 MCUBE-4400,56940,https://image.hanssem.com/hsimg/gds/550/790/790816_A1.jpg?v=20230601190755
2890,1064758,room_7,fur_0000,[쿠첸] 2.1 초고압 121 라이트 IH 전기압력밥솥 6인용 CRH-RPK0680W,399000,https://image.hanssem.com/hsimg/gds/1050/1064/1064758_A1.jpg?v=20240716175501
2891,747049,room_7,fur_0000,[트리아이나] 공기청정기 TN-R22,39030,https://image.hanssem.com/hsimg/gds/550/747/747049_A1.jpg?v=20230601190755
2892,686611,room_7,fur_0000,한글지원 풀컬러 클렙튼 미세먼지측정기 HS,116000,https://image.hanssem.com/hsimg/gds/550/686/686611_A1.jpg?v=20230601190803
2893,697188,room_7,fur_0000,[만도] 8인치 지니넥스트 KF500 8GB 3D 내비게이션,309400,https://image.hanssem.com/hsimg/gds/550/697/697188_A1.jpg?v=20240704074023
2894,732994,room_7,fur_0000,쿡헬스 바디 폼롤러 요가 필라테스 헬스용품 지압 양면 하드스타일 (S03489),19080,https://image.hanssem.com/hsimg/gds/550/732/732994_A1.jpg?v=20230601190803
2895,790739,room_7,fur_0000,[퀸메이드] 쿨 타임 목 마사지기/QNNM-8000W,82810,https://image.hanssem.com/hsimg/gds/550/790/790739_A1.jpg?v=20230601190755
2896,794217,room_7,fur_0000,[맥도도] 90도 라이트 C타입 to C타입 PD 고속충전 케이블 1.5m,17940,https://image.hanssem.com/hsimg/gds/550/794/794217_A1.jpg?v=20230601190755
2897,434139,room_7,fur_0000,사노피아 오스틴알로하 게르마늄 티타늄 팔찌 (다크그레이),168000,https://image.hanssem.com/hsimg/gds/1050/434/434139_A1.jpg?v=20250515141417
2898,670449,room_7,fur_0000,CKI-F511 온도조절 고데기 매직기 헤어 스트레이트,23500,https://image.hanssem.com/hsimg/gds/550/670/670449_A1.jpg?v=20240705180925
2899,753800,room_7,fur_0000,이프이프 오로라 모기트랩 PMW-5A 모기퇴치기,39150,https://image.hanssem.com/hsimg/gds/550/753/753800_A1.jpg?v=20230601190755
2900,682589,room_7,fur_0000,아이폰 11 PRO MAX 투명 강화유리케이스 HS,10300,https://image.hanssem.com/hsimg/gds/550/682/682589_A1.jpg?v=20230601190803
2901,728637,room_7,fur_0000,[아트로마] 아이뷰 마그네틱 통풍구 스마트폰 거치대,13650,https://image.hanssem.com/hsimg/gds/550/728/728637_A1.jpg?v=20230601190803
2902,435151,room_7,fur_0000,글루바인 순면 커버 싱글 180x100(cm),47200,https://image.hanssem.com/hsimg/gds/550/435/435151_A1.jpg?v=20240704074022
2903,434210,room_7,fur_0000,사노피아 게르마늄 티타늄 팔찌 아모르 TAF-S (실버),148000,https://image.hanssem.com/hsimg/gds/1050/434/434210_A1.jpg?v=20250515144436
2904,1083578,room_7,fur_0000,[BOHSEN] 보센 강력한 흡입력 멀티클린 무선청소기 BC-0820,52900,https://image.hanssem.com/hsimg/gds/1050/1083/1083578_A1.jpg?v=20241226100649
2905,745455,room_7,fur_0000,[더트데빌] 퀵플립플러스 16V 리튬배터리 핸디청소기,82650,https://image.hanssem.com/hsimg/gds/550/745/745455_A1.jpg?v=20230601190803
2906,434943,room_7,fur_0000,사노피아 써지컬 게르마늄 자석 팔찌 QCP-S001 (실버),128000,https://image.hanssem.com/hsimg/gds/1050/434/434943_A1.jpg?v=20250519143003
2907,732986,room_7,fur_0000,쿡헬스 중량밴드 1kg 2개 1세트 손목 발목 모래주머니 (S03480),21030,https://image.hanssem.com/hsimg/gds/550/732/732986_A1.jpg?v=20230601190803
2908,747045,room_7,fur_0000,안데스 공기청정기 BM-H701K -JAPAN,1068350,https://image.hanssem.com/hsimg/gds/550/747/747045_A1.jpg?v=20230601190755
2909,1065621,room_7,fur_0000,테팔 무선청소기 엑스퍼트 3.60 플러피 TY6963,129000,https://image.hanssem.com/hsimg/gds/1050/1065/1065621_A1.jpg?v=20240617101239
2910,745998,room_7,fur_0000,마블 아이언맨/캡틴아메리카 소형 공기청정기 LF-MAVCA001/LF-MAVIM002/택1,213770,https://image.hanssem.com/hsimg/gds/550/745/745998_A1.jpg?v=20230601190802
2911,435264,room_7,fur_0000,사노피아 게르마늄 티타늄 자석 목걸이팔찌 세트 토파즈 (실버),328000,https://image.hanssem.com/hsimg/gds/1050/435/435264_A1.jpg?v=20250529141655
2912,728094,room_7,fur_0000,[엔플] 쵸콜릿 워머 & 보조배터리,29880,https://image.hanssem.com/hsimg/gds/550/728/728094_A1.jpg?v=20230601190803
2913,435263,room_7,fur_0000,사노피아 게르마늄 티타늄 자석 목걸이 토파시오 (다크그레이),178000,https://image.hanssem.com/hsimg/gds/1050/435/435263_A1.jpg?v=20250519150512
2914,732988,room_7,fur_0000,쿡헬스 중량밴드 0.25kg 2개 1세트손목 발목 모래주머니 (S03478),17130,https://image.hanssem.com/hsimg/gds/550/732/732988_A1.jpg?v=20230601190803
2915,751186,room_7,fur_0000,[르젠] 아이스메이커 3구(아이스맘),38460,https://image.hanssem.com/hsimg/gds/550/751/751186_A1.jpg?v=20230601190755
2916,793358,room_7,fur_0000,티피오스 지페이스 200 Lite 전기면도기 코털정리기,39800,https://image.hanssem.com/hsimg/gds/550/793/793358_A1.jpg?v=20230601190755
2917,435150,room_7,fur_0000,글루바인 순면 커버 더블 180x135(cm),55200,https://image.hanssem.com/hsimg/gds/550/435/435150_A1.jpg?v=20240704074022
2918,1009311,room_7,fur_0000,[Boral] 보랄 강력한 회오리바람 스탠드형 무선 에어서큘레이터 BR-CTF2022G,58900,https://image.hanssem.com/hsimg/gds/550/1009/1009311_A1.jpg?v=20250701135146
2919,474812,room_7,fur_0000,CKI-0700 C 볼륨 미니고데기 휴대용고데기 매직기(파우치),16600,https://image.hanssem.com/hsimg/gds/550/474/474812_A1.jpg?v=20250925094059
2920,435269,room_7,fur_0000,사노피아 게르마늄 티타늄 자석 목걸이팔찌 세트 토파즈 (골드),328000,https://image.hanssem.com/hsimg/gds/1050/435/435269_A1.jpg?v=20250529141829
2921,745527,room_7,fur_0000,비스카 UFO 클린봇 로봇청소기 HNZ-R5000VC,37210,https://image.hanssem.com/hsimg/gds/550/745/745527_A1.jpg?v=20230601190803
2922,728165,room_7,fur_0000,[맥도도] 3.5mm AUX 오디오 케이블,8970,https://image.hanssem.com/hsimg/gds/550/728/728165_A1.jpg?v=20230601190803
2923,703124,room_7,fur_0000,비바 퓨어링미스트 무선 무드등 휴대용 미니 가습기300ML 사무실 차량용,23900,https://image.hanssem.com/hsimg/gds/550/703/703124_A1.jpg?v=20250905151053
2924,707423,room_7,fur_0000,휴대용 공기 청정기 H13헤파필터,5900,https://image.hanssem.com/hsimg/gds/550/707/707423_A1.jpg?v=20250701195716
2925,357776,room_7,fur_0000,[위너스] 국산 개별절전 안전 스마트 멀티콘센트 4구3m/접지형/전원차단/먼지차단/캡형플러그,24000,https://image.hanssem.com/hsimg/gds/550/357/357776_A1.jpg?v=20230601190810
2926,761247,room_7,fur_0000,아텍스 루르드 소닉 헤드 스파 앨리란 KXL3500,59000,https://image.hanssem.com/hsimg/gds/550/761/761247_A1.jpg?v=20230703170313
2927,697181,room_7,fur_0000,[만도] MP2000i 16GB 내비게이션+거치대+DMB안테나(TPEG 평생무료),230230,https://image.hanssem.com/hsimg/gds/550/697/697181_A1.jpg?v=20240704074023
2928,834358,room_7,fur_0000,AI 스마트플러그 16A,28000,https://image.hanssem.com/hsimg/gds/550/834/834358_A1.jpg?v=20250922134543
2929,136480,room_7,fur_0000,[바이빔]작은별 전기방석[3인용]-블랙,35200,https://image.hanssem.com/hsimg/gds/550/136/136480_A1.jpg?v=20230601190810
2930,747245,room_7,fur_0000,[라바] 세상에 없던 가습기 초미세 초미스트 USB 가습기(색상 택1),29900,https://image.hanssem.com/hsimg/gds/550/747/747245_A1.jpg?v=20230601190755
2931,682591,room_7,fur_0000,태블릿 스마트폰 스탠드 거치대 자바라 HS,10000,https://image.hanssem.com/hsimg/gds/550/682/682591_A1.jpg?v=20230601190803
2932,745713,room_7,fur_0000,블랙앤데커 DC모터 USB 서큘레이터 선풍기 BXEF1701-A,46370,https://image.hanssem.com/hsimg/gds/550/745/745713_A1.jpg?v=20230601190803
2933,703064,room_7,fur_0000,카스(CAS) 디지털 주방저울(전자저울) CKS-2 (5kg/1g),41000,https://image.hanssem.com/hsimg/gds/550/703/703064_A1.jpg?v=20231115172411
2934,259551,room_7,fur_0000,(인채널)스마트 빌트인 가구매입 USB 사각 회전 멀티콘센트 2구/수동/멀티탭,75000,https://image.hanssem.com/hsimg/gds/550/259/259551_A1.jpg?v=20231212101250
2935,172665,room_7,fur_0000,아텍스 루르드 구리구리 마사지봉 ATX-2030,16800,https://image.hanssem.com/hsimg/gds/550/172/172665_A1.jpg?v=20250326144040
2936,574403,room_7,fur_0000,사노피아 게르마늄 티타늄 자석 목걸이 사노디아 (실버),178000,https://image.hanssem.com/hsimg/gds/550/574/574403_A1.jpg?v=20240508150022
2937,435247,room_7,fur_0000,사노피아 게르마늄 티타늄 자석 목걸이 토파즈 (골드),178000,https://image.hanssem.com/hsimg/gds/1050/435/435247_A1.jpg?v=20250519150126
2938,806724,room_7,fur_0000,갤럭시탭 S7 플러스 강화유리 9H 액정보호 HS,4200,https://image.hanssem.com/hsimg/gds/550/806/806724_A1.jpg?v=20230601190755
2939,728162,room_7,fur_0000,[맥도도] 90도 라이트 C타입 케이블 0.5m,11210,https://image.hanssem.com/hsimg/gds/550/728/728162_A1.jpg?v=20230601190803
2940,736883,room_7,fur_0000,[구스터] 콤팩트 디지털 3.5L 에어프라이어/GST-1001,89230,https://image.hanssem.com/hsimg/gds/550/736/736883_A1.jpg?v=20230601190803
2941,799370,room_7,fur_0000,아론 132cm DC 우드 실링팬 SCF-SW52007,338000,https://image.hanssem.com/hsimg/gds/550/799/799370_A1.jpg?v=20250808144302
2942,1002309,room_7,fur_0000,모니터 선반 셋탑박스 거치대 티비 위 받침대 상단 스탠드 창틀 창문 트레이 공유기 TV 무중력 컴퓨터 정리,2900,https://image.hanssem.com/hsimg/gds/550/1002/1002309_A1.jpg?v=20250418121119
2943,732980,room_7,fur_0000,쿡헬스 프리미엄 중량밴드 1kg 2개 1세트 손목 발목 모래주머니 (S03483),16150,https://image.hanssem.com/hsimg/gds/550/732/732980_A1.jpg?v=20230601190803
2944,208447,room_7,fur_0000,"드레텍 디지털 온습도계 O-251 인플루엔자,열중증까지 얼굴표정으로 체크!",23900,https://image.hanssem.com/hsimg/gds/550/208/208447_A1.jpg?v=20230601190810
2945,756926,room_7,fur_0000,CKI-F512C 볼륨 고데기 매직기 온도조절,30900,https://image.hanssem.com/hsimg/gds/1050/756/756926_A1.jpg?v=20241205150903
2946,745549,room_7,fur_0000,[한경희생활과학] 인공지능 포터블 에어써큘에이터 HC-D380U,57530,https://image.hanssem.com/hsimg/gds/550/745/745549_A1.jpg?v=20230601190803
2947,1001932,room_7,fur_0000,보만 스팀 찜질 지압 마사지 족욕기 FS3230W,119000,https://image.hanssem.com/hsimg/gds/550/1001/1001932_A1.jpg?v=20230428104237
2948,127913,room_7,fur_0000,샤인 클락,120000,https://image.hanssem.com/hsimg/gds/550/127/127913_A1.jpg?v=20230601190810
2949,607474,room_7,fur_0000,라비센(LAVISEN) 홈앤휴 좌훈 건식족욕기 LAVI-801M,138000,https://image.hanssem.com/hsimg/gds/550/607/607474_A1.jpg?v=20250515112827
2950,1082549,room_7,fur_0000,테팔 블렌더 블렌드포스+ 글라스 메탈 BL439DKR,70800,https://image.hanssem.com/hsimg/gds/1050/1082/1082549_A1.jpg?v=20241128145014
2951,713452,room_7,fur_0000,"라비센(LAVISEN) 미세먼지 측정기 LAVI-502 / 극초미세먼지,초미세먼지,미세먼지,대기질지수,시간,날짜,온",128000,https://image.hanssem.com/hsimg/gds/1050/713/713452_A1.jpg?v=20250515113354
2952,431642,room_7,fur_0000,사노피아 엘리자베스 게르마늄 마그넷타타늄 팔찌 1014 (골드),168000,https://image.hanssem.com/hsimg/gds/1050/431/431642_A1.jpg?v=20250515114522
2953,435161,room_7,fur_0000,글루바인 전자파안심 스마트 타이머 물세탁 전기요 프리그 싱글,99600,https://image.hanssem.com/hsimg/gds/550/435/435161_A1.jpg?v=20240704074022
2954,795766,room_7,fur_0000,[아비스] 굿나잇 모기트랩 해충기 포충기 AV-M2005,70200,https://image.hanssem.com/hsimg/gds/550/795/795766_A1.jpg?v=20230601190755
2955,576906,room_7,fur_0000,카스(CAS) 디지털 주방저울(전자저울) KE-3500,19800,https://image.hanssem.com/hsimg/gds/550/576/576906_A1.jpg?v=20241218144049
2956,713825,room_7,fur_0000,락앤락 락앤락 미니공기청정기 화이트 LHS002KEKW,99800,https://image.hanssem.com/hsimg/gds/550/713/713825_A1.jpg?v=20250415160108
2957,758284,room_7,fur_0000,[특가~9/29](한샘톡톡) 부착형 칫솔살균기,19900,https://image.hanssem.com/hsimg/gds/550/758/758284_A1.jpg?v=20241104152415
2958,697182,room_7,fur_0000,[만도] MP2000G 8GB 2D 7인치 내비게이션,259350,https://image.hanssem.com/hsimg/gds/550/697/697182_A1.jpg?v=20240704074023
2959,697272,room_7,fur_0000,[무궁화전자] 바로바로 차량용 핸디청소기/MC-B610,33140,https://image.hanssem.com/hsimg/gds/550/697/697272_A1.jpg?v=20230601190803
2960,750694,room_7,fur_0000,자일렉 커피메이커 ZL-1980CM,76640,https://image.hanssem.com/hsimg/gds/550/750/750694_A1.jpg?v=20230601190755
2961,732281,room_7,fur_0000,[갤럭시] 시리우스 실버 게르마늄 팔찌(티타늄),111960,https://image.hanssem.com/hsimg/gds/550/732/732281_A1.jpg?v=20230601190803
2962,1113532,room_7,fur_0000,모기파리 캠핑용 해충킬러 2중안전 라켓형 미니모기채,10500,https://image.hanssem.com/hsimg/gds/1050/1113/1113532_A1.jpg?v=20250711145939
2963,750714,room_7,fur_0000,비스카 MY KITCHEN 폴딩 무선 전기포트 VK-SK100DV,29310,https://image.hanssem.com/hsimg/gds/550/750/750714_A1.jpg?v=20230601190755
2964,728552,room_7,fur_0000,30분충전 차량용 퀄컴인증 9V 초고속 충전기,12700,https://image.hanssem.com/hsimg/gds/550/728/728552_A1.jpg?v=20230601190803
2965,1000487,room_7,fur_0000,[AWESOME] 어썸 칫솔살균기 ATS-1000,32900,https://image.hanssem.com/hsimg/gds/550/1000/1000487_A1.jpg?v=20250207101417
2966,795021,room_7,fur_0000,[로얄소브린] 에어퍼펙트 25평형 공기청정기 RAP-200K1,371800,https://image.hanssem.com/hsimg/gds/550/795/795021_A1.jpg?v=20230601190755
2967,733496,room_7,fur_0000,[팡가오] 프리미엄 무선 눈 마사지기 PG-2404G5,97810,https://image.hanssem.com/hsimg/gds/550/733/733496_A1.jpg?v=20230601190803
2968,750747,room_7,fur_0000,[델키] 프리미엄 전기 튀김기 DK-301,107250,https://image.hanssem.com/hsimg/gds/550/750/750747_A1.jpg?v=20230601190755
2969,850345,room_7,fur_0000,국내 kc인증 안전스위치 전력차단 일반 4구 5m 멀티탭,16400,https://image.hanssem.com/hsimg/gds/550/850/850345_A1.jpg?v=20231205150752
2970,751281,room_7,fur_0000,[프린세스] 디지털 LED 스팀 토스터 오븐 PD-S9000,65000,https://image.hanssem.com/hsimg/gds/550/751/751281_A1.jpg?v=20230601190755
2971,733012,room_7,fur_0000,[휴토피아] 핸드안마기/HT-K100,36460,https://image.hanssem.com/hsimg/gds/550/733/733012_A1.jpg?v=20230601190803
2972,727304,room_7,fur_0000,[맥도도] 90도 코일 라이트닝 고속충전 케이블,14620,https://image.hanssem.com/hsimg/gds/550/727/727304_A1.jpg?v=20230601190803
2973,674696,room_7,fur_0000,글루바인 전자파안심 스마트 타이머 물세탁 전기요 데메테르 더블,108400,https://image.hanssem.com/hsimg/gds/550/674/674696_A1.jpg?v=20240704074023
2974,746074,room_7,fur_0000,[마모스] 차량용 360도 음이온 미니 공기청정기 MAC-100Q,54620,https://image.hanssem.com/hsimg/gds/550/746/746074_A1.jpg?v=20230601190755
2975,753215,room_7,fur_0000,[위즈웰] WC2901 스마트 전자핸드드립 3in1,51480,https://image.hanssem.com/hsimg/gds/550/753/753215_A1.jpg?v=20230601190755
2976,756938,room_7,fur_0000,CKI-F153W Bigwave 나이아가라펌 온도조절 고데기/매직기,32400,https://image.hanssem.com/hsimg/gds/550/756/756938_A1.jpg?v=20250613121624
2977,728212,room_7,fur_0000,[맥도도] SR C타입 고속충전 케이블 20cm,7800,https://image.hanssem.com/hsimg/gds/550/728/728212_A1.jpg?v=20230601190803
2978,737444,room_7,fur_0000,[키친아트] 렉스 인덕션/KP-29N,68920,https://image.hanssem.com/hsimg/gds/550/737/737444_A1.jpg?v=20230601190803
2979,668337,room_7,fur_0000,키친플라워 휴대용 여행용 멀티 전기 라면 포트 쿠커,15900,https://image.hanssem.com/hsimg/gds/550/668/668337_A1.jpg?v=20230601190803
2980,574377,room_7,fur_0000,사노피아 써지컬 게르마늄 자석팔찌 아모르 (실버),124000,https://image.hanssem.com/hsimg/gds/550/574/574377_A1.jpg?v=20240508150243
2981,428659,room_7,fur_0000,스콜피언 티타늄 자석 팔찌 B-S003,124000,https://image.hanssem.com/hsimg/gds/1050/428/428659_A1.jpg?v=20250515114037
2982,747069,room_7,fur_0000,[그린루프트] 공기청정기(헤파필터-초미세먼지-포름알데이드정화) HM-9000,302280,https://image.hanssem.com/hsimg/gds/550/747/747069_A1.jpg?v=20230601190755
2983,1052420,room_7,fur_0000,모락 테이션 회전 접이식 탁상용 핸드폰 거치대 블랙,8800,https://image.hanssem.com/hsimg/gds/1050/1052/1052420_A1.jpg?v=20240228113702
2984,538471,room_7,fur_0000,안전한 충전식 저소음 휴대용 무선 선풍기 체리쥬빌레,6900,https://image.hanssem.com/hsimg/gds/550/538/538471_A1.jpg?v=20240510160018
2985,431669,room_7,fur_0000,사노피아 엘리자베스 게르마늄 마그넷타타늄 팔찌 1014 (브론즈),168000,https://image.hanssem.com/hsimg/gds/1050/431/431669_A1.jpg?v=20250515114912
2986,679452,room_7,fur_0000,미타 휴대용 미니 선풍기,17900,https://image.hanssem.com/hsimg/gds/550/679/679452_A1.jpg?v=20230601190803
2987,670459,room_7,fur_0000,CKI-1105 아이롱/컬링/고데기/봉고데기,12800,https://image.hanssem.com/hsimg/gds/550/670/670459_A1.jpg?v=20250401143555
2988,761250,room_7,fur_0000,아텍스 루르드 세이프업 EMS 리본전용 젤시트 KXL5201(EMS본체 미포함),14000,https://image.hanssem.com/hsimg/gds/550/761/761250_A1.jpg?v=20230601190755
2989,1083353,room_7,fur_0000,무아스 마카롱 3구 USB 고용량 큐브 멀티탭 C타입 멀티 콘센트 케이블형 1.5m,26580,https://image.hanssem.com/hsimg/gds/1050/1083/1083353_A1.jpg?v=20250407130912
2990,697189,room_7,fur_0000,[만도] 7인치 지니넥스트 LP2000 8GB 3D 내비게이션,286650,https://image.hanssem.com/hsimg/gds/550/697/697189_A1.jpg?v=20240704074023
2991,753299,room_7,fur_0000,리틀퓨처북-폴리펜 잉글리시,52460,https://image.hanssem.com/hsimg/gds/550/753/753299_A1.jpg?v=20230601190755
2992,745697,room_7,fur_0000,휴대용USB 미니선풍기 고양이/고동이(택1),26020,https://image.hanssem.com/hsimg/gds/550/745/745697_A1.jpg?v=20230601190803
2993,728213,room_7,fur_0000,[맥도도] SR C타입 고속충전 케이블 1.2m,9260,https://image.hanssem.com/hsimg/gds/550/728/728213_A1.jpg?v=20230601190803
2994,745423,room_7,fur_0000,[애니스] 무선 물걸레청소기 JB2000ITW,171600,https://image.hanssem.com/hsimg/gds/550/745/745423_A1.jpg?v=20230601190803
2995,1052443,room_7,fur_0000,모락 런처 USB C타입 충전식 건전지 AAA,11800,https://image.hanssem.com/hsimg/gds/1050/1052/1052443_A1.jpg?v=20240228113702
2996,411635,room_7,fur_0000,라비센(LAVISEN) 아기곰 디지털 온습도계 KS-203,13800,https://image.hanssem.com/hsimg/gds/550/411/411635_A1.jpg?v=20230601190810
2997,727299,room_7,fur_0000,[맥도도] C타입 TPE 고속충전 케이블,9260,https://image.hanssem.com/hsimg/gds/550/727/727299_A1.jpg?v=20230601190803
2998,1010693,room_7,fur_0000,인채널 엣지 3구 노출형 코너콘센트 멀티탭커버 주방 싱크대설치 BCC-30,35200,https://image.hanssem.com/hsimg/gds/550/1010/1010693_A1.jpg?v=20231018102442
2999,733408,room_7,fur_0000,쿡헬스 마사지봉 스틱 근육 알통 종아리 마사지 다양한 사용 뭉친근육 셀프마사지 (S03498),11280,https://image.hanssem.com/hsimg/gds/550/733/733408_A1.jpg?v=20230601190803
3000,399648,room_7,fur_0000,저소음 공기순환 에어서큘레이터 USB선풍기 FLYING300,16900,https://image.hanssem.com/hsimg/gds/550/399/399648_A1.jpg?v=20230601190810
3001,727204,room_7,fur_0000,하빗 블루투스 이어폰 G1 pro W,86770,https://image.hanssem.com/hsimg/gds/550/727/727204_A1.jpg?v=20231030112005
3002,732438,room_7,fur_0000,[카스] LCD 디지털 체중계 HE-75,29900,https://image.hanssem.com/hsimg/gds/550/732/732438_A1.jpg?v=20230601190803
3003,901604,room_7,fur_0000,[UBISAFE] 유비세이프 가정용 칫솔/면도기 살균기 HC-3000,28900,https://image.hanssem.com/hsimg/gds/550/901/901604_A1.jpg?v=20240318102352
3004,697127,room_7,fur_0000,[세인트갈렌] 비엔나 에스프레소 커피머신 CM6819,57200,https://image.hanssem.com/hsimg/gds/550/697/697127_A1.jpg?v=20230601190803
3005,574407,room_7,fur_0000,사노피아 게르마늄 티타늄 자석 목걸이 사노디아 (블랙),178000,https://image.hanssem.com/hsimg/gds/550/574/574407_A1.jpg?v=20240508145944
3006,745454,room_7,fur_0000,[더트데빌] 플립아웃 20V 리튬배터리 핸디청소기,96520,https://image.hanssem.com/hsimg/gds/550/745/745454_A1.jpg?v=20230601190803
3007,1080022,room_7,fur_0000,테팔 건식다리미 드라이 글리스 FS3110K0,29000,https://image.hanssem.com/hsimg/gds/1050/1080/1080022_A1.jpg?v=20241029164213
3008,696205,room_7,fur_0000,강력수압 3단조절 미세분사판 각도조절 샤워헤드LV400,10900,https://image.hanssem.com/hsimg/gds/550/696/696205_A1.jpg?v=20231030112005
3009,542162,room_7,fur_0000,하츠_뮤렌 스마트 주방공기청정기(천장설치형)_IAP-300SW,1200000,https://image.hanssem.com/hsimg/gds/550/542/542162_A1.jpg?v=20230601190810
3010,434511,room_7,fur_0000,인채널 하츠 모션감지 센서형 풋절수기 풋벨브 수전 WS-S01,149000,https://image.hanssem.com/hsimg/gds/550/434/434511_A1.jpg?v=20230601190810
3011,728553,room_7,fur_0000,30분충전 전압표시 9V 차량용 충전기,23470,https://image.hanssem.com/hsimg/gds/550/728/728553_A1.jpg?v=20230601190803
3012,1080024,room_7,fur_0000,테팔 스팀다리미 울트라글라이드 플러스 FV5843K0,63800,https://image.hanssem.com/hsimg/gds/1050/1080/1080024_A1.jpg?v=20241119154431
3013,728195,room_7,fur_0000,[맥도도] 라이트닝 8핀 TPE 고속충전 케이블,9260,https://image.hanssem.com/hsimg/gds/550/728/728195_A1.jpg?v=20230601190803
3014,746773,room_7,fur_0000,[파나소닉] 나노케어 헤어드라이기 EH-NA32,114400,https://image.hanssem.com/hsimg/gds/550/746/746773_A1.jpg?v=20230601190755
3015,733021,room_7,fur_0000,대웅 4버튼 목 어깨 4D 안마기 DW-MNL100,77490,https://image.hanssem.com/hsimg/gds/550/733/733021_A1.jpg?v=20230601190803
3016,765541,room_7,fur_0000,[에어프리] 초고속 진공블렌더 R9,214500,https://image.hanssem.com/hsimg/gds/550/765/765541_A1.jpg?v=20230601190755
3017,765558,room_7,fur_0000,[프린세스] 온도조절 무선주전자 1.8L,46800,https://image.hanssem.com/hsimg/gds/550/765/765558_A1.jpg?v=20230601190755
3018,758285,room_7,fur_0000,[특가~9/29](톡톡)웨이브 양문형칫솔살균기 HAF-HS850,43900,https://image.hanssem.com/hsimg/gds/550/758/758285_A1.jpg?v=20240530141040
3019,752924,room_7,fur_0000,독일 콕스타 울트라 포스 핸드 블렌더 KSEHB-700,65010,https://image.hanssem.com/hsimg/gds/550/752/752924_A1.jpg?v=20230601190755
3020,1118430,room_7,fur_0000,칫솔살균기 2종세트 (웨이브 양문형칫솔살균기 & UV-C LED 휴대용칫솔살균기 USB충전형),59900,https://image.hanssem.com/hsimg/gds/1050/1118/1118430_A1.jpg?v=20250819145016
3021,735708,room_7,fur_0000,[한화 꿈에온] 황토온열 충전 찜질기,54610,https://image.hanssem.com/hsimg/gds/550/735/735708_A1.jpg?v=20230601190803
3022,727312,room_7,fur_0000,[맥도도] 2 in 1 PD 고속충전 케이블 [C타입&8핀],19890,https://image.hanssem.com/hsimg/gds/550/727/727312_A1.jpg?v=20230601190803
3023,643126,room_7,fur_0000,콕스타 스타크 컨트롤 스텐 전기 주전자 1.7L KSEKT-3000S,65010,https://image.hanssem.com/hsimg/gds/550/643/643126_A1.jpg?v=20230601190810
3024,733405,room_7,fur_0000,쿡헬스 식스팩 복근운동기구 EMS 3종세트 강력 저주파 마사지 헬스 마사지 다이어트 (S03386),25900,https://image.hanssem.com/hsimg/gds/550/733/733405_A1.jpg?v=20230601190803
3025,1080328,room_7,fur_0000,퓨어 가열식 가습기  대용량 올 스텐 신생아 아기 미니 통세척 가습기,96030,https://image.hanssem.com/hsimg/gds/1050/1080/1080328_A1.jpg?v=20250605162136
3026,643059,room_7,fur_0000,쟈니마르켈 3L 간편세척 초음파 가습기 PQR-7080HU,49660,https://image.hanssem.com/hsimg/gds/550/643/643059_A1.jpg?v=20230601190810
3027,473131,room_7,fur_0000,CKI-D210 접이식 드라이기1200W 헤어드라이기,16300,https://image.hanssem.com/hsimg/gds/1050/473/473131_A1.jpg?v=20250529103916
3028,697119,room_7,fur_0000,[보만] 프리미엄 주전자 WK2150,85800,https://image.hanssem.com/hsimg/gds/550/697/697119_A1.jpg?v=20230601190803
3029,756916,room_7,fur_0000,CKI-2200D 고출력 드라이기 전문가용 2200W,21500,https://image.hanssem.com/hsimg/gds/550/756/756916_A1.jpg?v=20240620124853
3030,732979,room_7,fur_0000,쿡헬스 프리미엄 중량밴드 2kg 2개 1세트 손목 발목 모래주머니 (S03485),20050,https://image.hanssem.com/hsimg/gds/550/732/732979_A1.jpg?v=20230601190803
3031,749409,room_7,fur_0000,[팡가오] 프리미엄 무선 눈 마사지기 PG-2404G5,97810,https://image.hanssem.com/hsimg/gds/550/749/749409_A1.jpg?v=20230601190755
3032,732982,room_7,fur_0000,쿡헬스 프리미엄 중량밴드 0.5kg 2개 1세트 손목 발목 모래주머니 (S03482),15180,https://image.hanssem.com/hsimg/gds/550/732/732982_A1.jpg?v=20230601190803
3033,752707,room_7,fur_0000,독일 콕스타 신개념 멀티 에어 오븐(5 in 1 멀티기능) KSEAO-3000,314600,https://image.hanssem.com/hsimg/gds/550/752/752707_A1.jpg?v=20230601190755
3034,1052405,room_7,fur_0000,UV-C LAMP 무선 가정용 칫솔살균기 FD229 화이트,39800,https://image.hanssem.com/hsimg/gds/1050/1052/1052405_A1.jpg?v=20240228101547
3035,752451,room_7,fur_0000,도무스 두판 미니 전기그릴 DG-1000,40720,https://image.hanssem.com/hsimg/gds/550/752/752451_A1.jpg?v=20230601190755
3036,1037098,room_7,fur_0000,코시나 구석구석 욕실청소도구 대형 다용도브러쉬,4500,https://image.hanssem.com/hsimg/gds/550/1037/1037098_A1.jpg?v=20240704074025
3037,586433,room_7,fur_0000,진동두피마사지기,35600,https://image.hanssem.com/hsimg/gds/550/586/586433_A1.jpg?v=20240704074023
3038,794280,room_7,fur_0000,[아이트로닉스] 아이패스블랙 N20 16GB 2채널 블랙박스+정품GPS,172900,https://image.hanssem.com/hsimg/gds/550/794/794280_A1.jpg?v=20230601190755
3039,622793,room_7,fur_0000,클렙튼 차량용 공기청정기 프리미엄 HS3300,18200,https://image.hanssem.com/hsimg/gds/550/622/622793_A1.jpg?v=20230601190810
3040,761244,room_7,fur_0000,아텍스 미니에스테 롤러 KX507,19000,https://image.hanssem.com/hsimg/gds/550/761/761244_A1.jpg?v=20230703170546
3041,682587,room_7,fur_0000,아이폰 11 투명 강화유리케이스 HS,10300,https://image.hanssem.com/hsimg/gds/550/682/682587_A1.jpg?v=20230601190803
3042,1074878,room_7,fur_0000,[Boral] 보랄 스마트 센서 휴지통 30L JO-D30L,65900,https://image.hanssem.com/hsimg/gds/1050/1074/1074878_A1.jpg?v=20250207101418
3043,703086,room_7,fur_0000,비바 휴대용 무선 차량용 사무실 미니 공기청정기 유모차 H13헤파필터,33000,https://image.hanssem.com/hsimg/gds/550/703/703086_A1.jpg?v=20250905150756
3044,727202,room_7,fur_0000,하빗 블루투스 이어폰 i98,38020,https://image.hanssem.com/hsimg/gds/550/727/727202_A1.jpg?v=20231030112005
3045,674697,room_7,fur_0000,글루바인 전자파안심 스마트 타이머 물세탁 전기요 데메테르 싱글,99600,https://image.hanssem.com/hsimg/gds/550/674/674697_A1.jpg?v=20240704074023
3046,1052441,room_7,fur_0000,모락 워미 복부 온열 찜질  마사지기 핑크,56800,https://image.hanssem.com/hsimg/gds/1050/1052/1052441_A1.jpg?v=20240228113702
3047,259558,room_7,fur_0000,(인채널)스마트 빌트인 가구매입 USB 사각 회전 멀티콘센트 3구/수동/매입콘센트/빌트인콘센트,85000,https://image.hanssem.com/hsimg/gds/550/259/259558_A1.jpg?v=20231212101112
3048,76511,room_7,fur_0000,[바이빔]지브라 전기요-브라운 [대형],47200,https://image.hanssem.com/hsimg/gds/550/76/76511_A1.jpg?v=20230601190810
3049,728160,room_7,fur_0000,[맥도도] 90도 라이트 C타입 케이블 1.8m,16080,https://image.hanssem.com/hsimg/gds/550/728/728160_A1.jpg?v=20230601190803
3050,435162,room_7,fur_0000,글루바인 전자파안심 타이머 물세탁 전기요 에르사 더블,89600,https://image.hanssem.com/hsimg/gds/550/435/435162_A1.jpg?v=20240704074022
3051,761836,room_7,fur_0000,차량용 브릿지 LED 무드등 선풍기 송풍구형 써큘레이터,12900,https://image.hanssem.com/hsimg/gds/550/761/761836_A1.jpg?v=20241118154721
3052,732284,room_7,fur_0000,[갤럭시] 시리우스 골드 게르마늄 팔찌(티타늄),126120,https://image.hanssem.com/hsimg/gds/550/732/732284_A1.jpg?v=20230601190803
3053,411871,room_7,fur_0000,라비센(LAVISEN) 노브 파라핀욕조 KS-902A,79000,https://image.hanssem.com/hsimg/gds/550/411/411871_A1.jpg?v=20230601190810
3054,405609,room_7,fur_0000,카스(CAS) 화이트백라이트 디지털 체중계 HE-100,22000,https://image.hanssem.com/hsimg/gds/550/405/405609_A1.jpg?v=20250418111034
3055,727203,room_7,fur_0000,하빗 블루투스 이어폰 i92,47770,https://image.hanssem.com/hsimg/gds/550/727/727203_A1.jpg?v=20231030112005
3056,435160,room_7,fur_0000,글루바인 전자파안심 스마트 타이머 물세탁 전기요 프리그 더블,108400,https://image.hanssem.com/hsimg/gds/550/435/435160_A1.jpg?v=20240704074022
3057,735706,room_7,fur_0000,[리체] 프리미엄 마블스톤 돌찜질기/MT-2300,44840,https://image.hanssem.com/hsimg/gds/550/735/735706_A1.jpg?v=20230601190803
3058,1109609,room_7,fur_0000,크루거 다용도 다지기 이유식 야채 마늘 미니 초퍼 KRC-4301B,23000,https://image.hanssem.com/hsimg/gds/1050/1109/1109609_A1.jpg?v=20250617153307
3059,696206,room_7,fur_0000,강력수압3단조절 3중필터링 미세분사판 샤워헤드LV300,7900,https://image.hanssem.com/hsimg/gds/550/696/696206_A1.jpg?v=20231030112005
3060,560599,room_7,fur_0000,인채널 빌트인 USB 가구용 충전콘센트 1구 책상 전선캡 60mm,35000,https://image.hanssem.com/hsimg/gds/1050/560/560599_A1.jpg?v=20240226114917
3061,537069,room_7,fur_0000,안전한 저소음 대용량 휴대용 무선 핸디선풍기 클로버,6900,https://image.hanssem.com/hsimg/gds/550/537/537069_A1.jpg?v=20240528133901
3062,1064803,room_7,fur_0000,[쿠첸] 2.1 초고압 121 IH 전기압력밥솥 6인용 CRT-PAPK0670W,275000,https://image.hanssem.com/hsimg/gds/550/1064/1064803_A1.jpg?v=20240716174624
3063,210846,room_7,fur_0000,Ecowell 다용도 미니 탈수기,74900,https://image.hanssem.com/hsimg/gds/550/210/210846_A1.jpg?v=20240122160137
3064,574381,room_7,fur_0000,사노피아 써지컬 게르마늄 자석팔찌 아모르 (골드),124000,https://image.hanssem.com/hsimg/gds/550/574/574381_A1.jpg?v=20240508150204
3065,754778,room_7,fur_0000,[대쉬] 래피드 콜드브루 머신 DCBCM550BK,145600,https://image.hanssem.com/hsimg/gds/550/754/754778_A1.jpg?v=20230601190755
3066,870098,room_7,fur_0000,[modernheim] 모던하임 뉴 에어프라이어 4리터 HPAF-4000G,68900,https://image.hanssem.com/hsimg/gds/550/870/870098_A1.jpg?v=20250207101429
3067,542295,room_7,fur_0000,프리미엄 빌트인 터치식 하이라이트 1구 전기쿡탑HEC-1050S,140000,https://image.hanssem.com/hsimg/gds/550/542/542295_A1.jpg?v=20240315153914
3068,670249,room_7,fur_0000,LG시네빔 HU85LA 빔프로젝터 초단초점 4K UHD,3886500,https://image.hanssem.com/hsimg/gds/550/670/670249_A1.jpg?v=20231030112005
3069,259548,room_7,fur_0000,[바이빔] [EMF] 헬로우퍼피 전기요-[대형],52800,https://image.hanssem.com/hsimg/gds/550/259/259548_A1.jpg?v=20230601190810
3070,733407,room_7,fur_0000,쿡헬스 마사지봉 스틱 근육 알통 종아리 마사지 다양한 사용 뭉친근육 셀프마사지 굴곡스타일 (S03499),14200,https://image.hanssem.com/hsimg/gds/550/733/733407_A1.jpg?v=20230601190803
3071,753011,room_7,fur_0000,롬멜프랑코 에르윈플러스 초고속 진공 대용량 믹서기 RF-1922BL,254480,https://image.hanssem.com/hsimg/gds/550/753/753011_A1.jpg?v=20230601190755
3072,172711,room_7,fur_0000,아텍스 루르드 에어 마사지 쇼파 CL1632,298000,https://image.hanssem.com/hsimg/gds/550/172/172711_A1.jpg?v=20230601190810
3073,686620,room_7,fur_0000,휴대 여행용 틸팅쿠션 스타일러 무선 고데기 BLOSSOM,29800,https://image.hanssem.com/hsimg/gds/550/686/686620_A1.jpg?v=20230601190803
3074,648866,room_7,fur_0000,USB 스마트폰 전선정리 간편부착 4단 케이블 클립홀더,2500,https://image.hanssem.com/hsimg/gds/550/648/648866_A1.jpg?v=20230601190803
3075,1116037,room_7,fur_0000,무아스 스마트 체성분 체중계 (28cm) 체성분 몸무게 디지털,24900,https://image.hanssem.com/hsimg/gds/1050/1116/1116037_A1.jpg?v=20250716170946
3076,172693,room_7,fur_0000,아텍스 루르드 프리미엄 에어 마사지 쇼파 HIL1633,358000,https://image.hanssem.com/hsimg/gds/550/172/172693_A1.jpg?v=20230601190810
3077,576328,room_7,fur_0000,마블 어벤져스 카와이 노트북 해킹방지 웹캠 커버,6500,https://image.hanssem.com/hsimg/gds/550/576/576328_A1.jpg?v=20230601190810
3078,749703,room_7,fur_0000,루나랩 스탠다드 싱글 모니터암 거치대,53000,https://image.hanssem.com/hsimg/gds/550/749/749703_A1.jpg?v=20250923210525
3079,727306,room_7,fur_0000,[맥도도] 90도 라이트 C타입 to 8핀 라이트닝 PD 고속충전 케이블 1.8m,19400,https://image.hanssem.com/hsimg/gds/550/727/727306_A1.jpg?v=20230601190803
3080,921580,room_7,fur_0000,[VAIMAR] 바이마르 허리케인 욕실 청소기 VMK-21A30E050,30900,https://image.hanssem.com/hsimg/gds/550/921/921580_A1.jpg?v=20250922133729
3081,768965,room_7,fur_0000,자동차 윈도우 썬블럭 전좌석 차량용 햇빛가리개 6P,6900,https://image.hanssem.com/hsimg/gds/550/768/768965_A1.jpg?v=20240528111403
3082,1096816,room_7,fur_0000,마이어 자동온도조절출수 스마트 헬시포트 MH-MEP1,109000,https://image.hanssem.com/hsimg/gds/1050/1096/1096816_A1.jpg?v=20250319110508
3083,474931,room_7,fur_0000,CKI-I103 헤어브러쉬/뽕고데기/온도조절/고데기,30200,https://image.hanssem.com/hsimg/gds/550/474/474931_A1.jpg?v=20241223180050
3084,657076,room_7,fur_0000,아이폰 11 PRO XS XR MAX 7 8 투명 강화유리케이스 HS,10300,https://image.hanssem.com/hsimg/gds/550/657/657076_A1.jpg?v=20230601190803
3085,667994,room_7,fur_0000,키친플라워 와이드 삼겹살 전기 그릴 고기 불판,39000,https://image.hanssem.com/hsimg/gds/550/667/667994_A1.jpg?v=20250106132424
3086,474927,room_7,fur_0000,CKI-I101 온도조절 아이롱/컬링/고데기/봉고데기,33600,https://image.hanssem.com/hsimg/gds/550/474/474927_A1.jpg?v=20250411171245
3087,100496,room_7,fur_0000,[바이빔]퍼즐 전기요-핑크 [2~3인용],42400,https://image.hanssem.com/hsimg/gds/550/100/100496_A1.jpg?v=20230601190810
3088,574392,room_7,fur_0000,사노피아 써지컬 게르마늄 자석팔찌 아모르 (다크그레이),124000,https://image.hanssem.com/hsimg/gds/550/574/574392_A1.jpg?v=20240508150139
3089,799369,room_7,fur_0000,스톰 152cm DC 우드 실링팬 SCF-FS52930W,443000,https://image.hanssem.com/hsimg/gds/550/799/799369_A1.jpg?v=20250808144509
3090,727307,room_7,fur_0000,[맥도도] 90도 라이트 C타입 to 8핀 라이트닝 PD 고속충전 케이블 1.2m,17940,https://image.hanssem.com/hsimg/gds/550/727/727307_A1.jpg?v=20230601190803
3091,735018,room_7,fur_0000,쿡헬스 짐볼 대형 45cm 밸런스운동 발란스 복부 힙업 허벅지 요가 (S03494),12580,https://image.hanssem.com/hsimg/gds/550/735/735018_A1.jpg?v=20230601190803
3092,435139,room_7,fur_0000,글루바인 전자파안심 타이머 물세탁 전기요 헤라 싱글,84800,https://image.hanssem.com/hsimg/gds/550/435/435139_A1.jpg?v=20240704074022
3093,735734,room_7,fur_0000,[스위스밀리터리] 슬림형 컬러인덕션레인지 DO-7020,101950,https://image.hanssem.com/hsimg/gds/550/735/735734_A1.jpg?v=20230601190803
3094,765561,room_7,fur_0000,[프린세스]무선주전자 1.8L,31200,https://image.hanssem.com/hsimg/gds/550/765/765561_A1.jpg?v=20230601190755
3095,692653,room_7,fur_0000,조약돌 히터(온풍기&휴대손난로)(3color),70800,https://image.hanssem.com/hsimg/gds/550/692/692653_A1.jpg?v=20250529110235
3096,728638,room_7,fur_0000,[아트로마] 아이뷰 시즌2 올캐치 스마트폰 거치대,12740,https://image.hanssem.com/hsimg/gds/550/728/728638_A1.jpg?v=20230601190803
3097,746005,room_7,fur_0000,[홈에이드] 3중 필터 시스템 공기청정기 HA-AP1000,152890,https://image.hanssem.com/hsimg/gds/550/746/746005_A1.jpg?v=20230601190802
3098,766292,room_7,fur_0000,타거스 15.6인치 노트북가방 TBB584GL 친환경 백팩,117000,https://image.hanssem.com/hsimg/gds/550/766/766292_A1.jpg?v=20240704074024
3099,208428,room_7,fur_0000,드레텍 디지털 타이머 T-291BL,9800,https://image.hanssem.com/hsimg/gds/550/208/208428_A1.jpg?v=20230601190810
3100,1052454,room_7,fur_0000,모락 넬리 LED 원형 회전 무선 현관  센서등 전구색,12800,https://image.hanssem.com/hsimg/gds/1050/1052/1052454_A1.jpg?v=20241224165430
3101,659062,room_7,fur_0000,[퀸메이드] 풀 케어 공기청정기 고급형 QAC900W,55510,https://image.hanssem.com/hsimg/gds/550/659/659062_A1.jpg?v=20230601190803
3102,756930,room_7,fur_0000,CKI-F154M 온도조절 다이렉트펌 고데기,30400,https://image.hanssem.com/hsimg/gds/550/756/756930_A1.jpg?v=20230601190755
3103,728178,room_7,fur_0000,[맥도도] 허니콤 C타입 5A 고속충전 케이블,14910,https://image.hanssem.com/hsimg/gds/550/728/728178_A1.jpg?v=20230601190803
3104,1093140,room_7,fur_0000,[CUCHEN] 쿠첸 3인용 풀 스테인레스 IH전기압력밥솥 CRT-WS0340TW,211900,https://image.hanssem.com/hsimg/gds/1050/1093/1093140_A1.jpg?v=20250207101415
3105,434215,room_7,fur_0000,사노피아 게르마늄 티타늄 팔찌 아모르 TAF-B (다크그레이),148000,https://image.hanssem.com/hsimg/gds/1050/434/434215_A1.jpg?v=20250515144608
3106,435016,room_7,fur_0000,사노피아 게르마늄 티타늄 자석 목걸이 토파즈 (실버),178000,https://image.hanssem.com/hsimg/gds/1050/435/435016_A1.jpg?v=20250519150015
3107,691643,room_7,fur_0000,글루바인 전자파안심 스마트 타이머 물세탁 전기요 아테나 더블,108400,https://image.hanssem.com/hsimg/gds/550/691/691643_A1.jpg?v=20240704074023
3108,975666,room_7,fur_0000,플라이토 USB-to-C Max 20W 고속 충전 케이블 2size,1900,https://image.hanssem.com/hsimg/gds/550/975/975666_A1.jpg?v=20231121090218
3109,732983,room_7,fur_0000,쿡헬스 파워트위스터 60kg 일자형 완력기 근력기 헬스 (S03384),15500,https://image.hanssem.com/hsimg/gds/550/732/732983_A1.jpg?v=20230601190803
3110,208274,room_7,fur_0000,드레텍 디지털 온습도계 O-230,19800,https://image.hanssem.com/hsimg/gds/550/208/208274_A1.jpg?v=20230707153716
3111,745384,room_7,fur_0000,[코첼라] 독일 밀든 헤어드라이어 KLEDR-2000,62130,https://image.hanssem.com/hsimg/gds/550/745/745384_A1.jpg?v=20230601190803
3112,742250,room_7,fur_0000,[특가~9/29](톡톡) 양문형 칫솔살균기2.0,45900,https://image.hanssem.com/hsimg/gds/550/742/742250_A1.jpg?v=20250103112602
3113,904685,room_7,fur_0000,테팔 무선 전기주전자 로프트 화이트 1.7L KO2501KR,38900,https://image.hanssem.com/hsimg/gds/550/904/904685_A1.jpg?v=20240926174339
3114,474914,room_7,fur_0000,CKI-F153 온도조절 고데기 /나이아가라펌 /매직기,28100,https://image.hanssem.com/hsimg/gds/550/474/474914_A1.jpg?v=20250103171208
3115,733820,room_7,fur_0000,카스 가정용 유아 체중계 BHE-100,39590,https://image.hanssem.com/hsimg/gds/550/733/733820_A1.jpg?v=20230601190803
3116,728211,room_7,fur_0000,[맥도도] SR 라이트닝 고속충전 케이블 1.2m,9260,https://image.hanssem.com/hsimg/gds/550/728/728211_A1.jpg?v=20230601190803
3117,701252,room_7,fur_0000,[캐티] 허리케인 차량용 컴프레셔 진공 청소기 RS-3000,27950,https://image.hanssem.com/hsimg/gds/550/701/701252_A1.jpg?v=20230601190803
3118,765712,room_7,fur_0000,[프린세스] 디지털LED 스팀오븐,55900,https://image.hanssem.com/hsimg/gds/550/765/765712_A1.jpg?v=20230601190755
3119,735668,room_7,fur_0000,[엘리닉] 이하늬 인텐시브 LED 마스크 프리미엄,1534100,https://image.hanssem.com/hsimg/gds/550/735/735668_A1.jpg?v=20230601190803
3120,732996,room_7,fur_0000,[팡가오] 저주파 목 어깨 안마기 PG-2601B26,85800,https://image.hanssem.com/hsimg/gds/550/732/732996_A1.jpg?v=20230601190803
3121,915047,room_7,fur_0000,CKI-B110 브러쉬 미니 휴대용 빗 고데기,10600,https://image.hanssem.com/hsimg/gds/550/915/915047_A1.jpg?v=20240619173934
3122,766435,room_7,fur_0000,[프린세스] 파워 초고속블랜더 850W,63700,https://image.hanssem.com/hsimg/gds/550/766/766435_A1.jpg?v=20230601190755
3123,745422,room_7,fur_0000,[애니스] 최고급형 무선 물걸레청소기 JB8008CG,214500,https://image.hanssem.com/hsimg/gds/550/745/745422_A1.jpg?v=20230601190803
3124,535199,room_7,fur_0000,파켈만 전자온도계,18900,https://image.hanssem.com/hsimg/gds/550/535/535199_A1.jpg?v=20230620150501
3125,357742,room_7,fur_0000,[위너스] 국산 개별절전 안전 스마트 멀티콘센트 3구5m/접지형/전원차단/먼지차단/캡형플러그,23000,https://image.hanssem.com/hsimg/gds/550/357/357742_A1.jpg?v=20230601190810
3126,734205,room_7,fur_0000,[인바디] 인바디다이얼 체지방 측정기 InBody Dial H20B,238090,https://image.hanssem.com/hsimg/gds/550/734/734205_A1.jpg?v=20230601190803
3127,434152,room_7,fur_0000,사노피아 게르마늄 티타늄 팔찌 TA-G002 (골드),158000,https://image.hanssem.com/hsimg/gds/1050/434/434152_A1.jpg?v=20250515141745
3128,752578,room_7,fur_0000,독일 콕스타 스타크 스텐 전기 주전자 1.7L KSEKT-700S,39010,https://image.hanssem.com/hsimg/gds/550/752/752578_A1.jpg?v=20230601190755
3129,750406,room_7,fur_0000,벌레퇴치 휴대용 스마트 전기모기채 1+1(5colors),9900,https://image.hanssem.com/hsimg/gds/550/750/750406_A1.jpg?v=20250630092922
3130,732285,room_7,fur_0000,[갤럭시] 시리우스 골드 게르마늄 팔찌&목걸이(티타늄),344910,https://image.hanssem.com/hsimg/gds/550/732/732285_A1.jpg?v=20230601190803
3131,611829,room_7,fur_0000,Marshall마샬 액톤2 블루투스 스피커,440000,https://image.hanssem.com/hsimg/gds/550/611/611829_A1.jpg?v=20231030112005
3132,657021,room_7,fur_0000,갤럭시 S10 S10E S10플러스 아이폰 XS MAX XR 7/8 투명 강화유리케이스,10300,https://image.hanssem.com/hsimg/gds/550/657/657021_A1.jpg?v=20230601190803
3133,729725,room_7,fur_0000,메딕콘 클리네 트리플 이펙트,76830,https://image.hanssem.com/hsimg/gds/550/729/729725_A1.jpg?v=20230601190803
3134,761249,room_7,fur_0000,아텍스 루르드 세이프업 EMS 리본마사지기 KXL5200 레드&블루 2개 1세트,38000,https://image.hanssem.com/hsimg/gds/550/761/761249_A1.jpg?v=20230703170126
3135,172551,room_7,fur_0000,아텍스 접이식 침대전용 온열매트,68000,https://image.hanssem.com/hsimg/gds/550/172/172551_A1.jpg?v=20230703173531
3136,751187,room_7,fur_0000,[르젠] 아이스메이커 2구(아이스맘),36600,https://image.hanssem.com/hsimg/gds/550/751/751187_A1.jpg?v=20230601190755
3137,745985,room_7,fur_0000,카스 프레쉬 공기청정기 CAF-130W,63580,https://image.hanssem.com/hsimg/gds/550/745/745985_A1.jpg?v=20230601190802
3138,720743,room_7,fur_0000,순간온수기 [따수와] xx-18-A,74930,https://image.hanssem.com/hsimg/gds/550/720/720743_A1.jpg?v=20230601190803
3139,752609,room_7,fur_0000,[모피리처드] 레드로 1.5L 전기주전자 Aspect Scandi,157300,https://image.hanssem.com/hsimg/gds/550/752/752609_A1.jpg?v=20230601190755
3140,622792,room_7,fur_0000,클렙튼 차량용 공기청정기 시그니처 HS3200,22800,https://image.hanssem.com/hsimg/gds/550/622/622792_A1.jpg?v=20230601190810
3141,749778,room_7,fur_0000,루나랩 스탠다드 듀얼 모니터암 거치대,90000,https://image.hanssem.com/hsimg/gds/550/749/749778_A1.jpg?v=20250923210541
3142,732279,room_7,fur_0000,[갤럭시] 큐피트 실버 게르마늄 팔찌(티타늄),97810,https://image.hanssem.com/hsimg/gds/550/732/732279_A1.jpg?v=20230601190803
3143,729560,room_7,fur_0000,[팡가오] 실리콘 진동 클렌저 서클 PG-5820,49400,https://image.hanssem.com/hsimg/gds/550/729/729560_A1.jpg?v=20230601190803
3144,697273,room_7,fur_0000,[무궁화전자] 바로바로 무선 핸디스틱 청소기 MC-B210,57200,https://image.hanssem.com/hsimg/gds/550/697/697273_A1.jpg?v=20230601190803
3145,690004,room_7,fur_0000,[히템] 휴대용 USB 탄소섬유 발열패드,38000,https://image.hanssem.com/hsimg/gds/550/690/690004_A1.jpg?v=20241217103706
3146,473128,room_7,fur_0000,CKI-D201 접이식 가정용 드라이기 1200W,13900,https://image.hanssem.com/hsimg/gds/550/473/473128_A1.jpg?v=20250522120547
3147,435165,room_7,fur_0000,글루바인 전자파안심 물세탁 전기요 리베 싱글,79600,https://image.hanssem.com/hsimg/gds/550/435/435165_A1.jpg?v=20240704074022
3148,657063,room_7,fur_0000,갤럭시 S10 플러스 투명 강화유리케이스 HS,10300,https://image.hanssem.com/hsimg/gds/550/657/657063_A1.jpg?v=20230601190803
3149,776863,room_7,fur_0000,[HICKIES] 캡슐디자인 실리콘 커널캡 CAPSULE,1000,https://image.hanssem.com/hsimg/gds/550/776/776863_A1.jpg?v=20231205150752
3150,766296,room_7,fur_0000,타거스 15.6인치 노트북가방 TBB587GL 서류가방 백팩 2in1,131410,https://image.hanssem.com/hsimg/gds/550/766/766296_A1.jpg?v=20240704074024
3151,975665,room_7,fur_0000,플라이토 USB-to-8핀 Max 20W 고속 충전 케이블 2size,1900,https://image.hanssem.com/hsimg/gds/550/975/975665_A1.jpg?v=20231121090218
3152,734436,room_7,fur_0000,[카스] 바른 발가락링 CAS-M001/사이즈L/실내용2P+외출용2P 추가구성,32890,https://image.hanssem.com/hsimg/gds/550/734/734436_A1.jpg?v=20230601190803
3153,668296,room_7,fur_0000,코멕스 핸디 휴대용 미니 선풍기,13500,https://image.hanssem.com/hsimg/gds/550/668/668296_A1.jpg?v=20230711153955
3154,867890,room_7,fur_0000,CKI-FD102 온도조절 고데기 매직기 헤어 스트레이트,17800,https://image.hanssem.com/hsimg/gds/550/867/867890_A1.jpg?v=20240911154553
3155,639445,room_7,fur_0000,LED모기퇴치기 벌레퇴치기 포충기 살충기 USB타입,29900,https://image.hanssem.com/hsimg/gds/550/639/639445_A1.jpg?v=20230601190810
3156,598154,room_7,fur_0000,LG시네빔 HF65LA 빔프로젝터 FHD 단초점,900000,https://image.hanssem.com/hsimg/gds/550/598/598154_A1.jpg?v=20231030112005
3157,1014272,room_7,fur_0000,mooas 선라이즈 15W 무선충전 스피커 무드등,63900,https://image.hanssem.com/hsimg/gds/550/1014/1014272_A1.jpg?v=20231027122009
3158,746011,room_7,fur_0000,[플러스마이너스제로] 공기청정기 XQH-C021,286000,https://image.hanssem.com/hsimg/gds/550/746/746011_A1.jpg?v=20230601190802
3159,765310,room_7,fur_0000,폴바롤 오딘 전기 주전자,34060,https://image.hanssem.com/hsimg/gds/550/765/765310_A1.jpg?v=20230601190755
3160,727738,room_7,fur_0000,한일의료기돌흙침대 / AQUA system 온수매트 더블 ED1/G1,202460,https://image.hanssem.com/hsimg/gds/550/727/727738_A1.jpg?v=20230601190803
3161,728164,room_7,fur_0000,[맥도도] 90도 라이트 8핀 케이블 1.2m,13160,https://image.hanssem.com/hsimg/gds/550/728/728164_A1.jpg?v=20230601190803
3162,432443,room_7,fur_0000,사노피아 알로하 게르마늄 티타늄 팔찌 (골드),148000,https://image.hanssem.com/hsimg/gds/1050/432/432443_A1.jpg?v=20250515140303
3163,729559,room_7,fur_0000,[팡가오] 실리콘 진동 클렌저 엣지 PG-5800A,42250,https://image.hanssem.com/hsimg/gds/550/729/729559_A1.jpg?v=20230601190803
3164,542201,room_7,fur_0000,하츠 가구매입 빌트인 스마트 USB 매립콘센트(MC-S1991NI),90000,https://image.hanssem.com/hsimg/gds/550/542/542201_A1.jpg?v=20230601190810
3165,682588,room_7,fur_0000,아이폰 11 PRO 투명 강화유리케이스 HS,10300,https://image.hanssem.com/hsimg/gds/550/682/682588_A1.jpg?v=20230601190803
3166,378028,room_7,fur_0000,편리한 무선디자인 강력한 휴대용 핸디 원피스 선풍기,7900,https://image.hanssem.com/hsimg/gds/1050/378/378028_A1.jpg?v=20250617174436
3167,710622,room_7,fur_0000,원터치 절수 강력수압 미세분사조절 호텔샤워기 LV500,9500,https://image.hanssem.com/hsimg/gds/550/710/710622_A1.jpg?v=20241125153704
3168,657075,room_7,fur_0000,태블릿 스마트폰 스탠드 거치대 홀더 HS,4100,https://image.hanssem.com/hsimg/gds/550/657/657075_A1.jpg?v=20230601190803
3169,782420,room_7,fur_0000,CKI-F512S 온도조절 고데기 매직기 헤어 스트레이트,30900,https://image.hanssem.com/hsimg/gds/1050/782/782420_A1.jpg?v=20241203175354
3170,794218,room_7,fur_0000,[맥도도] 90도 라이트 C타입 to C타입 PD 고속충전 케이블 2m,19400,https://image.hanssem.com/hsimg/gds/550/794/794218_A1.jpg?v=20230601190755
3171,693338,room_7,fur_0000,LG시네빔 HU70LA 빔프로젝터 4K UHD,1300000,https://image.hanssem.com/hsimg/gds/550/693/693338_A1.jpg?v=20231030112005
3172,766290,room_7,fur_0000,타거스 15.6인치 노트북가방 TBB58702GL 서류가방 백팩 2in1,131410,https://image.hanssem.com/hsimg/gds/550/766/766290_A1.jpg?v=20240704074024
3173,732282,room_7,fur_0000,[갤럭시] 시리우스 실버 게르마늄 팔찌&목걸이(티타늄),302440,https://image.hanssem.com/hsimg/gds/550/732/732282_A1.jpg?v=20230601190803
3174,473181,room_7,fur_0000,CKI-D303 전문가용 드라이기 1300W,20200,https://image.hanssem.com/hsimg/gds/550/473/473181_A1.jpg?v=20250523132315
3175,578129,room_7,fur_0000,클렙튼 더마 LED 마스크 HS5000,148400,https://image.hanssem.com/hsimg/gds/550/578/578129_A1.jpg?v=20230601190810
3176,780433,room_7,fur_0000,보만 건전지식 면도기 코털제거기 세트,50400,https://image.hanssem.com/hsimg/gds/550/780/780433_A1.jpg?v=20230601190755
3177,752861,room_7,fur_0000,독일 콕스타 바이스 헤센 대용량 에어 프라이어,143000,https://image.hanssem.com/hsimg/gds/550/752/752861_A1.jpg?v=20230601190755
3178,728163,room_7,fur_0000,[맥도도] 90도 라이트 8핀 케이블 1.8m,16080,https://image.hanssem.com/hsimg/gds/550/728/728163_A1.jpg?v=20230601190803
3179,642977,room_7,fur_0000,스위스 투가르투 핸디 무선청소기 MDI-7000,42510,https://image.hanssem.com/hsimg/gds/550/642/642977_A1.jpg?v=20230601190810
3180,732995,room_7,fur_0000,쿡헬스 LCD 프리미엄 오토 자이로볼 악력 손목운동 스트레스 해소 헬스 팔운동 (S03387),25900,https://image.hanssem.com/hsimg/gds/550/732/732995_A1.jpg?v=20230601190803
3181,434134,room_7,fur_0000,사노피아 오스틴알로하 게르마늄 티타늄 팔찌 (골드),168000,https://image.hanssem.com/hsimg/gds/1050/434/434134_A1.jpg?v=20250515141232
3182,566015,room_7,fur_0000,벽걸이에어컨바람막이무풍,7900,https://image.hanssem.com/hsimg/gds/550/566/566015_A1.jpg?v=20250630100035
3183,434144,room_7,fur_0000,사노피아 게르마늄 티타늄 팔찌 TA-S002 (실버),158000,https://image.hanssem.com/hsimg/gds/1050/434/434144_A1.jpg?v=20250515141608
3184,648732,room_7,fur_0000,레트로 가정용 수동 빙수기,14900,https://image.hanssem.com/hsimg/gds/550/648/648732_A1.jpg?v=20240704074023
3185,761246,room_7,fur_0000,아텍스 루르드 핸디 목마사지기 리라비트 KXL3400,44000,https://image.hanssem.com/hsimg/gds/550/761/761246_A1.jpg?v=20230703170352
3186,1023854,room_7,fur_0000,[NAOTECH] 나오테크 디지털 무선충전 알람시계 NAO-L4700C,35900,https://image.hanssem.com/hsimg/gds/550/1023/1023854_A1.jpg?v=20240318102352
3187,732283,room_7,fur_0000,[갤럭시] 시리우스 실버 게르마늄 목걸이(티타늄),162160,https://image.hanssem.com/hsimg/gds/550/732/732283_A1.jpg?v=20230601190803
3188,727305,room_7,fur_0000,[맥도도] 90도 코일 C타입 고속충전 케이블,14620,https://image.hanssem.com/hsimg/gds/550/727/727305_A1.jpg?v=20230601190803
3189,1056050,room_7,fur_0000,[Luchen] 루첸 온정 탄소매트 극세사 전기요 싱글 SAT-717,82900,https://image.hanssem.com/hsimg/gds/1050/1056/1056050_A1.jpg?v=20240329110226
3190,747960,room_7,fur_0000,[엠피온] F250 2채널 블랙박스,145600,https://image.hanssem.com/hsimg/gds/550/747/747960_A1.jpg?v=20230601190755
3191,747956,room_7,fur_0000,[파인디지탈] 파인뷰 solid 350 16GB 2채널 블랙박스+정품GPS포함,249530,https://image.hanssem.com/hsimg/gds/550/747/747956_A1.jpg?v=20230601190755
3192,256271,room_7,fur_0000,[바이빔]북극곰 전기방석 [1인용],19200,https://image.hanssem.com/hsimg/gds/550/256/256271_A1.jpg?v=20230601190810
3193,357956,room_7,fur_0000,(인채널) 푸쉬풀usb슬림콘센트/스마트충전 빌트인/가구매입,119000,https://image.hanssem.com/hsimg/gds/550/357/357956_A1.jpg?v=20230601190810
3194,785594,room_7,fur_0000,타이탄 겔 초강력 양면 테이프 재사용가능 멀티탭 선정리 1개입,5800,https://image.hanssem.com/hsimg/gds/550/785/785594_A1.jpg?v=20230601190755
3195,259564,room_7,fur_0000,(BIS)스마트 빌트인 가구매입 USB 자동 사각 회전 터치콘센트 3구/매입/빌트인/멀티탭,195000,https://image.hanssem.com/hsimg/gds/550/259/259564_A1.jpg?v=20230601190810
3196,751321,room_7,fur_0000,[쿠쿠] 10인용 스마트 압력 밥솥 CRP-JHI1030FG,783060,https://image.hanssem.com/hsimg/gds/550/751/751321_A1.jpg?v=20230601190755
3197,682592,room_7,fur_0000,태블릿 스마트폰 스탠드 거치대 자바라 블랙 HS,10000,https://image.hanssem.com/hsimg/gds/550/682/682592_A1.jpg?v=20230601190803
3198,720564,room_7,fur_0000,[아쿠아픽] 뉴아쿠아픽 구강세정기 AQ-300,113100,https://image.hanssem.com/hsimg/gds/550/720/720564_A1.jpg?v=20230601190803
3199,794827,room_7,fur_0000,[키친아트] 렉스 1.6L 무선 전기주전자 KP-582,45110,https://image.hanssem.com/hsimg/gds/550/794/794827_A1.jpg?v=20230601190755
3200,799307,room_7,fur_0000,글루바인 전자파안심 인체감지 물세탁 전기요 글렌 싱글,99600,https://image.hanssem.com/hsimg/gds/550/799/799307_A1.jpg?v=20240704074024
3201,756896,room_7,fur_0000,CKI-D951 전문가용 드라이기 2000W,27300,https://image.hanssem.com/hsimg/gds/550/756/756896_A1.jpg?v=20230601190755
3202,732984,room_7,fur_0000,쿡헬스 치닝디핑 홈트레이닝 풀업 싯업 푸시업 덤벨 바벨 레그레이즈 올인원 만능 헬스기구 (S03391),155900,https://image.hanssem.com/hsimg/gds/550/732/732984_A1.jpg?v=20230601190803
3203,752614,room_7,fur_0000,[델키] 트리고 슬림 진공 보온보냉 주전자 DKL-TS30,62920,https://image.hanssem.com/hsimg/gds/550/752/752614_A1.jpg?v=20230601190755
3204,1020711,room_7,fur_0000,국산 삼성 SDI 18650 충전 건전지 배터리 3500mAh,8500,https://image.hanssem.com/hsimg/gds/550/1020/1020711_A1.jpg?v=20231121090216
3205,979162,room_7,fur_0000,무아스 Best 퓨어 e클린 플러스 UV 무선 칫솔살균기 MTS3,34800,https://image.hanssem.com/hsimg/gds/550/979/979162_A1.jpg?v=20250527162259
3206,811962,room_7,fur_0000,[특가~9/29]티오 UV-C LED휴대용칫솔살균기 (건전지형),10900,https://image.hanssem.com/hsimg/gds/550/811/811962_A1.jpg?v=20250512131703
3207,909886,room_7,fur_0000,CKI-C50W 블랙 이발기/바리깡/저소음 저자극,15700,https://image.hanssem.com/hsimg/gds/550/909/909886_A1.jpg?v=20230601190653
3208,411625,room_7,fur_0000,라비센(LAVISEN) 디지털 손 악력계 KS-301,59000,https://image.hanssem.com/hsimg/gds/550/411/411625_A1.jpg?v=20230601190810
3209,992232,room_7,fur_0000,[락앤락] 스퀘어 2구 인덕션_EJI326WHT,159000,https://image.hanssem.com/hsimg/gds/550/992/992232_A1.jpg?v=20230706164738
3210,434945,room_7,fur_0000,사노피아 써지컬 게르마늄 자석 팔찌 QCP-G001 (골드),128000,https://image.hanssem.com/hsimg/gds/1050/434/434945_A1.jpg?v=20250519143326
3211,804627,room_7,fur_0000,4구 안전멀티탭,15000,https://image.hanssem.com/hsimg/gds/550/804/804627_A1.jpg?v=20250922135231
3212,742741,room_7,fur_0000,티오 솔리드 멀티탭 시리즈,10900,https://image.hanssem.com/hsimg/gds/550/742/742741_A1.jpg?v=20241203134832
3213,732964,room_7,fur_0000,[쿠첸]full IH 3구 전자레인지HIC-F4100DSB,1428420,https://image.hanssem.com/hsimg/gds/550/732/732964_A1.jpg?v=20230601190803
3214,696622,room_7,fur_0000,[특가~9/29]티오 휴대용 칫솔살균기 (USB헤드형),16900,https://image.hanssem.com/hsimg/gds/550/696/696622_A1.jpg?v=20241203134832
3215,435258,room_7,fur_0000,사노피아 게르마늄 티타늄 자석 목걸이 토파시오 (실버),178000,https://image.hanssem.com/hsimg/gds/1050/435/435258_A1.jpg?v=20250519150302
3216,745823,room_7,fur_0000,차량용 공기청정기 블랙홀Z10 라데온 쿨러/헤파H13등급,85220,https://image.hanssem.com/hsimg/gds/550/745/745823_A1.jpg?v=20230601190802
3217,734222,room_7,fur_0000,[히든컴퍼니] 실리콘 발목 보호대,17560,https://image.hanssem.com/hsimg/gds/550/734/734222_A1.jpg?v=20230601190803
3218,435164,room_7,fur_0000,글루바인 전자파안심 물세탁 전기요 리베 더블,84800,https://image.hanssem.com/hsimg/gds/550/435/435164_A1.jpg?v=20240704074022
3219,766293,room_7,fur_0000,타거스 15.6인치 노트북가방 TBB58401GL 친환경 백팩,117000,https://image.hanssem.com/hsimg/gds/550/766/766293_A1.jpg?v=20240704074024
3220,435272,room_7,fur_0000,사노피아 게르마늄 티타늄 자석 목걸이팔찌 세트 토파시오 (골드),328000,https://image.hanssem.com/hsimg/gds/1050/435/435272_A1.jpg?v=20250529142126
3221,1108212,room_7,fur_0000,매직쉐프 4L 음식물처리기 애프터쿡 MFW-H5002W,319000,https://image.hanssem.com/hsimg/gds/1050/1108/1108212_A1.jpg?v=20250529170543
3222,574337,room_7,fur_0000,사노피아 폴리테라헤르츠 티타늄 자석 팔찌 사노테라 (블랙),178000,https://image.hanssem.com/hsimg/gds/1050/574/574337_A1.jpg?v=20250529170325
3223,1116322,room_7,fur_0000,플럭스 50리터 식기건조기 PLX-PD5003STBK,249000,https://image.hanssem.com/hsimg/gds/1050/1116/1116322_A1.jpg?v=20250813114126
3224,747047,room_7,fur_0000,[휴먼] 헤파 공기청정기 HU-AC-888,48190,https://image.hanssem.com/hsimg/gds/550/747/747047_A1.jpg?v=20230601190755
3225,691641,room_7,fur_0000,글루바인 전자파안심 스마트 타이머 물세탁 전기요 아테나 싱글,99600,https://image.hanssem.com/hsimg/gds/550/691/691641_A1.jpg?v=20240704074023
3226,728631,room_7,fur_0000,CD 슬롯 스핀 거치대,18210,https://image.hanssem.com/hsimg/gds/550/728/728631_A1.jpg?v=20230601190803
3227,756944,room_7,fur_0000,CKI-0703 고데기 미니고데기 휴대용매직기,16900,https://image.hanssem.com/hsimg/gds/550/756/756944_A1.jpg?v=20250521150945
3228,752432,room_7,fur_0000,매직쉐프 멀티 핫플레이트 멀티 그릴 MEMH-YX3,73510,https://image.hanssem.com/hsimg/gds/550/752/752432_A1.jpg?v=20230601190755
3229,747162,room_7,fur_0000,퀸메이드 아로마 디퓨저 가습기 QHFA-1200,31120,https://image.hanssem.com/hsimg/gds/550/747/747162_A1.jpg?v=20230601190755
3230,752655,room_7,fur_0000,독일 콕스타 멀티 원액기(2in1기능) KSC-SJ1000,42900,https://image.hanssem.com/hsimg/gds/550/752/752655_A1.jpg?v=20230601190755
3231,1096352,room_7,fur_0000,[BORAL] 보랄 압력솥까지 기능한 원형 인덕션 렌지 BR-C260R(리퍼/색상랜덤발송),36900,https://image.hanssem.com/hsimg/gds/1050/1096/1096352_A1.jpg?v=20250317171109
3232,657083,room_7,fur_0000,아이폰 7/8 투명 강화유리케이스 HS,10300,https://image.hanssem.com/hsimg/gds/550/657/657083_A1.jpg?v=20230601190803
3233,574338,room_7,fur_0000,사노피아 폴리테라헤르츠 티타늄 자석 팔찌 사노테라 (실버),178000,https://image.hanssem.com/hsimg/gds/1050/574/574338_A1.jpg?v=20250529170532
3234,794410,room_7,fur_0000,[사파] 보이스 레코더 SC1000,121870,https://image.hanssem.com/hsimg/gds/550/794/794410_A1.jpg?v=20231030112004
3235,735687,room_7,fur_0000,[키친아트] 렉스 족욕기/MM-16B,61880,https://image.hanssem.com/hsimg/gds/550/735/735687_A1.jpg?v=20230601190803
3236,734231,room_7,fur_0000,코지라이트 휴대용 LED확대경 돋보기 TB-CL110 효됴선물,22160,https://image.hanssem.com/hsimg/gds/550/734/734231_A1.jpg?v=20230601190803
3237,728215,room_7,fur_0000,[맥도도] SR 5핀 고속충전 케이블 1.2m,9260,https://image.hanssem.com/hsimg/gds/550/728/728215_A1.jpg?v=20230601190803
3238,721180,room_7,fur_0000,초보운전자 안전주차 사각지대 사이드 듀얼 보조거울,5000,https://image.hanssem.com/hsimg/gds/550/721/721180_A1.jpg?v=20231226155807
3239,1119839,room_7,fur_0000,[BORTEEGA] 프랑스 보르테가 에떼르 UV 수저 살균기 VMK-M0508S,18900,https://image.hanssem.com/hsimg/gds/1050/1119/1119839_A1.jpg?v=20250908164251
3240,642983,room_7,fur_0000,비스카 UFO 로봇청소기 HNZ-R5000VC,27300,https://image.hanssem.com/hsimg/gds/550/642/642983_A1.jpg?v=20230601190810
3241,728639,room_7,fur_0000,[아트로마] 찰떡거치대,8190,https://image.hanssem.com/hsimg/gds/550/728/728639_A1.jpg?v=20230601190803
3242,752442,room_7,fur_0000,독일 콕스타 이지쿡 멀티 그릴 KSEMG-700,57200,https://image.hanssem.com/hsimg/gds/550/752/752442_A1.jpg?v=20230601190755
3243,691442,room_7,fur_0000,[대웅] 저주파 안마기 DW-T1100/화이트,25350,https://image.hanssem.com/hsimg/gds/550/691/691442_A1.jpg?v=20230601190803
3244,756901,room_7,fur_0000,CKI-D700 블랙 드라이기 헤어드라이기 1700W,21000,https://image.hanssem.com/hsimg/gds/550/756/756901_A1.jpg?v=20240430165807
3245,1092774,room_7,fur_0000,[Boral] 보랄 304 스텐 분리형 1L 대용량 두유제조기 BR-200SYM,65900,https://image.hanssem.com/hsimg/gds/1050/1092/1092774_A1.jpg?v=20250207101420
3246,435170,room_7,fur_0000,글루바인 다용도 멀티매트 (GKEM-2033) 45x135(cm),69600,https://image.hanssem.com/hsimg/gds/550/435/435170_A1.jpg?v=20240704074022
3247,76510,room_7,fur_0000,[바이빔]지브라 전기요-블랙 [대형],47200,https://image.hanssem.com/hsimg/gds/550/76/76510_A1.jpg?v=20230601190810
3248,732277,room_7,fur_0000,[갤럭시] 크리스탈 게르마늄 실버 팔찌(SUS 304),104890,https://image.hanssem.com/hsimg/gds/550/732/732277_A1.jpg?v=20230601190803
3249,750748,room_7,fur_0000,[하벤쿡] 트레이 바트(밧드) 3P (튀김-전-고기요리-위생적 보관),13780,https://image.hanssem.com/hsimg/gds/550/750/750748_A1.jpg?v=20230601190755
3250,208429,room_7,fur_0000,드레텍 디지털 타이머 T-291OR,9800,https://image.hanssem.com/hsimg/gds/550/208/208429_A1.jpg?v=20230601190810
3251,808204,room_7,fur_0000,플러스라인 우레탄/투명문풍지 외풍차단 틈새차단 창문틈새차단 현관바람막이 문틈새막이,4500,https://image.hanssem.com/hsimg/gds/550/808/808204_A1.jpg?v=20230601190755
3252,804624,room_7,fur_0000,USB 안전멀티탭,21000,https://image.hanssem.com/hsimg/gds/550/804/804624_A1.jpg?v=20250922135257
3253,357764,room_7,fur_0000,[위너스 ]국산 개별절전 안전 스마트 멀티콘센트 6구1.5m/접지형/전원차단/먼지차단/캡형플러그,26000,https://image.hanssem.com/hsimg/gds/550/357/357764_A1.jpg?v=20230601190810
3254,172658,room_7,fur_0000,아텍스 마사지 쿠션 차량용 시가잭아답터 Z08,10000,https://image.hanssem.com/hsimg/gds/550/172/172658_A1.jpg?v=20230703173052
3255,735743,room_7,fur_0000,[스위스밀리터리] 세라믹 스테인레스 하일라이트전기렌지 2구 DO-9000,66630,https://image.hanssem.com/hsimg/gds/550/735/735743_A1.jpg?v=20230601190803
3256,434501,room_7,fur_0000,하츠 주방싱크대 음식물 자동탈수기 HFD-160STS,114000,https://image.hanssem.com/hsimg/gds/550/434/434501_A1.jpg?v=20230601190810
3257,435260,room_7,fur_0000,사노피아 게르마늄 티타늄 자석 목걸이 토파시오 (골드),178000,https://image.hanssem.com/hsimg/gds/1050/435/435260_A1.jpg?v=20250519150401
3258,751253,room_7,fur_0000,[헤르조그] 멀티포트 UCW-HZM45,37750,https://image.hanssem.com/hsimg/gds/550/751/751253_A1.jpg?v=20230601190755
3259,435156,room_7,fur_0000,글루바인 프리미엄 초극세사 전기방석 L (GKHP-2053)45x135(cm),59600,https://image.hanssem.com/hsimg/gds/550/435/435156_A1.jpg?v=20240704074022
3260,753802,room_7,fur_0000,PENSONIC 펜소닉 모기잡이 UFO PMK-3000,42990,https://image.hanssem.com/hsimg/gds/550/753/753802_A1.jpg?v=20230601190755
3261,325075,room_7,fur_0000,[전자파 안심] 지그재그 누빔 전기요-[중형],60800,https://image.hanssem.com/hsimg/gds/550/325/325075_A1.jpg?v=20230601190810
3262,1064763,room_7,fur_0000,[쿠첸] 더핏 듀얼프레셔 전기압력밥솥 6인용 CRS-FWK0640I,149000,https://image.hanssem.com/hsimg/gds/1050/1064/1064763_A1.jpg?v=20240716175441
3263,598156,room_7,fur_0000,LG시네빔 HF85LA 빔프로젝터 FHD 단초점,1490000,https://image.hanssem.com/hsimg/gds/550/598/598156_A1.jpg?v=20231030112005
3264,643373,room_7,fur_0000,사노피아 게르마늄 티타늄 팔찌 그라시아 (그레이),160000,https://image.hanssem.com/hsimg/gds/550/643/643373_A1.jpg?v=20240508145300
3265,473182,room_7,fur_0000,CKI-D400 전문가용 헤어드라이기 1400W,22500,https://image.hanssem.com/hsimg/gds/1050/473/473182_A1.jpg?v=20250611124417
3266,752966,room_7,fur_0000,[프린세스] 파워블랜더 850W PD-A6000,59150,https://image.hanssem.com/hsimg/gds/550/752/752966_A1.jpg?v=20230601190755
3267,542235,room_7,fur_0000,빌트인 2구 가스쿡탑 GC-2303SDSH 건전지형 가스레인지,170000,https://image.hanssem.com/hsimg/gds/550/542/542235_A1.jpg?v=20240704074023
3268,585980,room_7,fur_0000,사노피아 티타늄 게르마늄 자석 팔찌 사노젠테 (골드),79000,https://image.hanssem.com/hsimg/gds/550/585/585980_A1.jpg?v=20240508145611
3269,946914,room_7,fur_0000,하츠 풋터치 싱크대 절수페달 주방 수전 절수기 WS-F06GI,132000,https://image.hanssem.com/hsimg/gds/550/946/946914_A1.jpg?v=20230601190644
3270,766647,room_7,fur_0000,[퓨리메이트]공기청정기 1EA,63700,https://image.hanssem.com/hsimg/gds/550/766/766647_A1.jpg?v=20230601190755
3271,756918,room_7,fur_0000,CKI-D103 접이식 헤어 드라이기 1000W,18200,https://image.hanssem.com/hsimg/gds/550/756/756918_A1.jpg?v=20250521171519
3272,794267,room_7,fur_0000,[아이나비] A300 32GB 2채널 블랙박스+커넥티드 스탠다드,277550,https://image.hanssem.com/hsimg/gds/550/794/794267_A1.jpg?v=20230601190755
3273,1053215,room_7,fur_0000,[CAS] 카스 가정용 디지털 우드 체중계 X9,26900,https://image.hanssem.com/hsimg/gds/1050/1053/1053215_A1.jpg?v=20240321163102
3274,728097,room_7,fur_0000,[알로] 손난로 보조배터리 allo WM501 골드,27950,https://image.hanssem.com/hsimg/gds/550/728/728097_A1.jpg?v=20230601190803
3275,751753,room_7,fur_0000,[매직쉐프] 타워팬 METF-K50W,141420,https://image.hanssem.com/hsimg/gds/550/751/751753_A1.jpg?v=20230601190755
3276,685089,room_7,fur_0000,CKI-F150W 나이아가라펌 볼륨 고데기 다이렉트펌 뿌리볼륨,25800,https://image.hanssem.com/hsimg/gds/1050/685/685089_A1.jpg?v=20250901101356
3277,1074879,room_7,fur_0000,[Boral] 보랄 스마트 센서 휴지통 50L JO-S50L,86900,https://image.hanssem.com/hsimg/gds/1050/1074/1074879_A1.jpg?v=20250207101418
3278,746042,room_7,fur_0000,[엔플] 무선 공기청정기 SMD-AC1000,55050,https://image.hanssem.com/hsimg/gds/550/746/746042_A1.jpg?v=20230601190755
3279,611965,room_7,fur_0000,[Marshall] 마샬 워번2 블루투스 스피커,880000,https://image.hanssem.com/hsimg/gds/550/611/611965_A1.jpg?v=20231030112005
3280,757396,room_7,fur_0000,CKI-C50W 이발기/바리깡/저소음 저자극 충전식 세라믹칼날,19300,https://image.hanssem.com/hsimg/gds/550/757/757396_A1.jpg?v=20240620151514
3281,137728,room_7,fur_0000,[바이빔]작은별 전기요-핫핑크[대형],47200,https://image.hanssem.com/hsimg/gds/550/137/137728_A1.jpg?v=20230601190810
3282,435279,room_7,fur_0000,사노피아 게르마늄 티타늄 자석 목걸이팔찌 세트 토파시오 (다크그레이),328000,https://image.hanssem.com/hsimg/gds/1050/435/435279_A1.jpg?v=20250529142247
3283,789102,room_7,fur_0000,갤럭시 S10 S10E S10+ 아이폰 XS MAX XR 7/8 투명 강화유리케이스,10300,https://image.hanssem.com/hsimg/gds/550/789/789102_A1.jpg?v=20230601190755
3284,732916,room_7,fur_0000,영국 플랜잇 오븐 바베큐백 (10매입),11550,https://image.hanssem.com/hsimg/gds/550/732/732916_A1.jpg?v=20230601190803
3285,756958,room_7,fur_0000,CKI-S722 고데기 미니고데기 휴대용매직기,13800,https://image.hanssem.com/hsimg/gds/550/756/756958_A1.jpg?v=20250508094619
3286,574342,room_7,fur_0000,사노피아 폴리테라헤르츠 티타늄 자석 팔찌 사노테라 (골드),178000,https://image.hanssem.com/hsimg/gds/1050/574/574342_A1.jpg?v=20250529170700
3287,869085,room_7,fur_0000,[SHUMAX] 슈맥스 텀블러 무선청소기 SD-T2000,33900,https://image.hanssem.com/hsimg/gds/550/869/869085_A1.jpg?v=20250616165151
3288,959858,room_7,fur_0000,[VISKA] 비스카 1.5L 마이키친 유리 티포트 VK-T207GK,31900,https://image.hanssem.com/hsimg/gds/550/959/959858_A1.jpg?v=20250605171924
3289,474814,room_7,fur_0000,CKI-0704 미니고데기 휴대용고데기 매직기,12700,https://image.hanssem.com/hsimg/gds/550/474/474814_A1.jpg?v=20250609145351
3290,766427,room_7,fur_0000,[프린세스] 파워 초고속블랜더 850W,63700,https://image.hanssem.com/hsimg/gds/550/766/766427_A1.jpg?v=20230601190755
3291,765244,room_7,fur_0000,[바덴] 플레케 식기건조기,70850,https://image.hanssem.com/hsimg/gds/550/765/765244_A1.jpg?v=20240910145119
3292,411610,room_7,fur_0000,라비센(LAVISEN) 키재기자(신장계) KS-002,13800,https://image.hanssem.com/hsimg/gds/550/411/411610_A1.jpg?v=20230601190810
3293,745732,room_7,fur_0000,레펠 3단 타워팬 GG-TF3696 선풍기,147430,https://image.hanssem.com/hsimg/gds/550/745/745732_A1.jpg?v=20230601190802
3294,737453,room_7,fur_0000,[노와] IH 인덕션 IH-101,54910,https://image.hanssem.com/hsimg/gds/550/737/737453_A1.jpg?v=20230601190803
3295,413199,room_7,fur_0000,라비센(LAVISEN) 공기방울 족욕기 KS-808S,78000,https://image.hanssem.com/hsimg/gds/1050/413/413199_A1.jpg?v=20250515112652
3296,682593,room_7,fur_0000,태블릿 스마트폰 스탠드 거치대 자바라 화이트 HS,10000,https://image.hanssem.com/hsimg/gds/550/682/682593_A1.jpg?v=20230601190803
3297,849763,room_7,fur_0000,[특가~9/29]보만 14인치 초미세 BLDC 선풍기 BF14279W,119000,https://image.hanssem.com/hsimg/gds/1050/849/849763_A1.jpg?v=20250707105747
3298,749413,room_7,fur_0000,[팡가오] 프리미엄 리모컨 목안마 목마사지기 PG-2601B19,104000,https://image.hanssem.com/hsimg/gds/550/749/749413_A1.jpg?v=20230601190755
3299,674687,room_7,fur_0000,글루바인 전자파안심 물세탁 전기요 프레이야 미니싱글,74800,https://image.hanssem.com/hsimg/gds/550/674/674687_A1.jpg?v=20240704074023
3300,435163,room_7,fur_0000,글루바인 전자파안심 타이머 물세탁 전기요 에르사 싱글,84800,https://image.hanssem.com/hsimg/gds/550/435/435163_A1.jpg?v=20240704074022
3301,931286,room_7,fur_0000,노바 전기충전식 보풀제거기 RC-23,23000,https://image.hanssem.com/hsimg/gds/550/931/931286_A1.jpg?v=20230601190644
3302,869414,room_7,fur_0000,Xtra 엑스트라 데스크탑 홀더-S4,12800,https://image.hanssem.com/hsimg/gds/550/869/869414_A1.jpg?v=20230601190722
3303,1109162,room_7,fur_0000,대원 프리미엄 스톤 코팅 전기 고기불판 와이드 그릴 EZPAN-250,94500,https://image.hanssem.com/hsimg/gds/1050/1109/1109162_A1.jpg?v=20250602165830
3304,799378,room_7,fur_0000,아론 132cm LED DC 우드 실링팬 SCF-SW52007L,362000,https://image.hanssem.com/hsimg/gds/550/799/799378_A1.jpg?v=20250808144241
3305,644421,room_7,fur_0001,스테인리스 프라이팬덮개,9900,https://image.hanssem.com/hsimg/gds/550/644/644421_A1.jpg?v=20250404162824
3306,1020333,room_7,fur_0001,(1+1)퀴진드마망 실리콘 식탁매트(M/L),9100,https://image.hanssem.com/hsimg/gds/550/1020/1020333_A1.jpg?v=20250919134149
3307,1007223,room_7,fur_0001,스토피아 프라임 스텐 304 펀칭 배수구망+커버 SET,11900,https://image.hanssem.com/hsimg/gds/550/1007/1007223_A1.jpg?v=20241121131944
3308,670306,room_7,fur_0001,도노 월넛 우드 쟁반(대/중),15900,https://image.hanssem.com/hsimg/gds/550/670/670306_A1.jpg?v=20250425152033
3309,967131,room_7,fur_0002,세이프 접이식 2단 사다리(2종/택1),32900,https://image.hanssem.com/hsimg/gds/1050/967/967131_A1.jpg?v=20250812102727
3310,637791,room_7,fur_0003,프리미엄 올스텐 씽크배수구 커버,9900,https://image.hanssem.com/hsimg/gds/550/637/637791_A1.jpg?v=20240627172058
3311,933035,room_7,fur_0004,인테리어 PVC 주방 리빙 매트,15900,https://image.hanssem.com/hsimg/gds/550/933/933035_A1.jpg?v=20250417131026
3312,1118690,room_7,fur_0004,[웰컴딜 전용] 호텔식 타올 발매트,990,https://image.hanssem.com/hsimg/gds/550/1118/1118690_A1.jpg?v=20250910172922
3313,956949,room_7,fur_0004,호텔식 타올 발매트,4900,https://image.hanssem.com/hsimg/gds/550/956/956949_A1.jpg?v=20250716095734
3314,351025,room_7,fur_0004,극세사 논슬립 발매트(2종 중 택1),5900,https://image.hanssem.com/hsimg/gds/550/351/351025_A1.jpg?v=20250407092517
3315,1005676,room_7,fur_0004,[리빙선물990] 호텔식 타올 발 매트,14900,https://image.hanssem.com/hsimg/gds/550/1005/1005676_A1.jpg?v=20250609151921
3316,1028510,room_7,fur_0004,[리빙선물990]  극세사 볼륨 매트(3종 중 택1),14900,https://image.hanssem.com/hsimg/gds/550/1028/1028510_A1.jpg?v=20250609151921
3317,1083834,room_7,fur_0004,BASIQUE 스트라이프 타월 발매트 (2종/택1),9900,https://image.hanssem.com/hsimg/gds/1050/1083/1083834_A1.jpg?v=20250211154545
3318,634708,room_7,fur_0005,[특가~9/29]시그니처 페달휴지통 12L/20L,29900,https://image.hanssem.com/hsimg/gds/1050/634/634708_A1.jpg?v=20250812082935
3319,1066610,room_7,fur_0005,[특가~9/29]미나 비치우드 칼라 젓가락 세트 4P,26900,https://image.hanssem.com/hsimg/gds/1050/1066/1066610_A1.jpg?v=20241203134912
3320,914832,room_7,fur_0005,양날개 베이직 빨래건조대,32900,https://image.hanssem.com/hsimg/gds/550/914/914832_A1.jpg?v=20250402111634
3321,888148,room_7,fur_0005,양날개 플러스 메쉬형 투웨이 빨래건조대,55900,https://image.hanssem.com/hsimg/gds/550/888/888148_A1.jpg?v=20250402110817
3322,1051390,room_7,fur_0005,S.O.K 욕실정리 수납 정리박스 변기바스켓,15900,https://image.hanssem.com/hsimg/gds/1050/1051/1051390_A1.jpg?v=20250402111500
3323,769274,room_7,fur_0005,컴포트 와이어 햄퍼 빨래함,32900,https://image.hanssem.com/hsimg/gds/1050/769/769274_A1.jpg?v=20250402110917
3324,624860,room_7,fur_0005,원형 뚜껑 바구니 (2종 택1),9900,https://image.hanssem.com/hsimg/gds/550/624/624860_A1.jpg?v=20241120075517
3325,1066618,room_7,fur_0005,라탄 패턴 사각 빨래바구니 80L 브라운,29900,https://image.hanssem.com/hsimg/gds/550/1066/1066618_A1.jpg?v=20250402111414
3326,1089042,room_7,fur_0005,말랑 다용도 빨래 바구니 2종,9900,https://image.hanssem.com/hsimg/gds/1050/1089/1089042_A1.jpg?v=20250408142554
3327,1089037,room_7,fur_0005,양날개 베이직 빨래건조대 메쉬형 1단,47900,https://image.hanssem.com/hsimg/gds/1050/1089/1089037_A1.jpg?v=20250811155944
3328,1093022,room_7,fur_0005,플랫 사각휴지통 (8L/12L),9900,https://image.hanssem.com/hsimg/gds/1050/1093/1093022_A1.jpg?v=20250408143247
3329,811465,room_7,fur_0005,심플라운드 스텐 페달휴지통 5L,12900,https://image.hanssem.com/hsimg/gds/1050/811/811465_A1.jpg?v=20250211163210
3330,1014235,room_7,fur_0005,양날개 프레쉬 셔츠걸이형 빨래건조대,32900,https://image.hanssem.com/hsimg/gds/550/1014/1014235_A1.jpg?v=20250402111254
3331,119562,room_7,fur_0005,디럭스 사각스텐페달 휴지통 12L,39900,https://image.hanssem.com/hsimg/gds/550/119/119562_A1.jpg?v=20250408151027
3332,1093019,room_7,fur_0005,시그니처 페달 휴지통 5L,19900,https://image.hanssem.com/hsimg/gds/1050/1093/1093019_A1.jpg?v=20250403105419
3333,1019621,room_7,fur_0005,더우드 빨래건조대 컴팩트형 블랙,19900,https://image.hanssem.com/hsimg/gds/550/1019/1019621_A1.jpg?v=20250812082935
3334,537542,room_7,fur_0005,시그니쳐 사각 센서 휴지통 12L,49900,https://image.hanssem.com/hsimg/gds/1050/537/537542_A1.jpg?v=20250812082934
3335,1046364,room_7,fur_0005,뱀부 햄퍼 빨래바구니 선반형,59900,https://image.hanssem.com/hsimg/gds/1050/1046/1046364_A1.jpg?v=20250812082935
3336,1068233,room_7,fur_0005,[리빙선물4990] 심플라운드 스텐 페달휴지통 12L,39900,https://image.hanssem.com/hsimg/gds/1050/1068/1068233_A1.jpg?v=20250702142532
3337,1089041,room_7,fur_0005,칸칸 패브릭 빨래함 50L,35900,https://image.hanssem.com/hsimg/gds/1050/1089/1089041_A1.jpg?v=20250422171643
3338,1103536,room_7,fur_0005,양날개 플러스 메쉬형 건조대+양말건조대,70900,https://image.hanssem.com/hsimg/gds/1050/1103/1103536_A1.jpg?v=20250924115202
3339,1018975,room_7,fur_0005,스타일랙 양날개 튼튼 건조대,29900,https://image.hanssem.com/hsimg/gds/550/1018/1018975_A1.jpg?v=20250402110754
3340,1089043,room_7,fur_0005,양날개 미디 1단 빨래건조대,24900,https://image.hanssem.com/hsimg/gds/550/1089/1089043_A1.jpg?v=20250411101820
3341,1060082,room_7,fur_0005,심플라운드 스텐 페달휴지통 12L,15900,https://image.hanssem.com/hsimg/gds/1050/1060/1060082_A1.jpg?v=20250613084003
3342,634547,room_7,fur_0005,코튼 캔디 자동 센서 휴지통 8L,29900,https://image.hanssem.com/hsimg/gds/550/634/634547_A1.jpg?v=20250109134716
3343,1020479,room_7,fur_0005,시그니쳐 자동센서 휴지통 6L 블랙,19900,https://image.hanssem.com/hsimg/gds/550/1020/1020479_A1.jpg?v=20250812090000
3344,1051400,room_7,fur_0005,투웨이 다용도백 패브릭 수납가방 빨래바구니 2종,5900,https://image.hanssem.com/hsimg/gds/1050/1051/1051400_A1.jpg?v=20250812082935
3345,927992,room_7,fur_0005,시그니쳐 터치빈 휴지통 30L,79900,https://image.hanssem.com/hsimg/gds/1050/927/927992_A1.jpg?v=20250902132759
3346,705215,room_7,fur_0005,우드패턴 빨래건조대 스탠딩형,29900,https://image.hanssem.com/hsimg/gds/550/705/705215_A1.jpg?v=20250402110440
3347,206911,room_7,fur_0005,양날개 미니 빨래건조대,12900,https://image.hanssem.com/hsimg/gds/550/206/206911_A1.jpg?v=20250402111227
3348,1016956,room_7,fur_0005,매트 미니 스윙빈 휴지통 1.5L,9900,https://image.hanssem.com/hsimg/gds/1050/1016/1016956_A1.jpg?v=20250917131956
3349,1016962,room_7,fur_0005,세미라운드 매트 페달빈 휴지통 12L,19900,https://image.hanssem.com/hsimg/gds/550/1016/1016962_A1.jpg?v=20250514085713
3350,1093021,room_7,fur_0005,심플라운드 페달 휴지통 18L,29900,https://image.hanssem.com/hsimg/gds/1050/1093/1093021_A1.jpg?v=20250218134957
3351,1019626,room_7,fur_0005,스타일랙다크 2단 원터치형 빨래건조대,65900,https://image.hanssem.com/hsimg/gds/1050/1019/1019626_A1.jpg?v=20250402110336
3352,1051397,room_7,fur_0005,스타일랙 확장형 이불 빨래건조대,32900,https://image.hanssem.com/hsimg/gds/1050/1051/1051397_A1.jpg?v=20250812082935
3353,1093020,room_7,fur_0005,시그니처 페달 휴지통 30L(15+15L) 화이트,69900,https://image.hanssem.com/hsimg/gds/1050/1093/1093020_A1.jpg?v=20250211163210
3354,814148,room_7,fur_0005,컴포트 재활용 분리수거함 수납장,25900,https://image.hanssem.com/hsimg/gds/1050/814/814148_A1.jpg?v=20250310112110
3355,930204,room_7,fur_0005,알루미늄 코팅 다리미판 스탠딩형,49900,https://image.hanssem.com/hsimg/gds/550/930/930204_A1.jpg?v=20241108153814
3356,1014161,room_7,fur_0005,가볍고 편안한 EVA 파스텔 욕실화 3종,4900,https://image.hanssem.com/hsimg/gds/550/1014/1014161_A1.jpg?v=20241125162445
3357,912882,room_7,fur_0005,[55딜]심플터치빈 40L 대용량 분리수거함(+스티커) 1+1,55000,https://image.hanssem.com/hsimg/gds/550/912/912882_A1.jpg?v=20250924104238
3358,820734,room_7,fur_0005,우드패턴 빨래건조대 원룸형,31900,https://image.hanssem.com/hsimg/gds/550/820/820734_A1.jpg?v=20250402110519
3359,1120792,room_7,fur_0005,디럭스 사각스텐페달 휴지통 20L,59900,https://image.hanssem.com/hsimg/gds/1050/1120/1120792_A1.jpg?v=20250915154915
3360,1018976,room_7,fur_0005,스타일랙다크 양날개 플러스 빨래건조대 이동형,79900,https://image.hanssem.com/hsimg/gds/550/1018/1018976_A1.jpg?v=20250717150013
3361,903481,room_7,fur_0005,심플터치빈 40L 대용량 분리수거겸용(+스티커),39900,https://image.hanssem.com/hsimg/gds/1050/903/903481_A1.jpg?v=20250902134040
3362,684860,room_7,fur_0005,양날개 플러스 빨래건조대 기본형,49900,https://image.hanssem.com/hsimg/gds/550/684/684860_A1.jpg?v=20250402111653
3363,820733,room_7,fur_0005,양날개 플러스 메쉬형 빨래건조대 2단,69900,https://image.hanssem.com/hsimg/gds/1050/820/820733_A1.jpg?v=20250925145111
3364,888149,room_7,fur_0005,컴팩트 빨래 건조대,17900,https://image.hanssem.com/hsimg/gds/550/888/888149_A1.jpg?v=20250402110842
3365,1018977,room_7,fur_0005,스타일랙다크 컴팩트 빨래건조대,36900,https://image.hanssem.com/hsimg/gds/550/1018/1018977_A1.jpg?v=20240705160224
3366,908673,room_7,fur_0005,마카롱 온오프 필터 샤워기 외 PVC 샤워기 호스 / 호텔식 욕실 면발매트,8310,https://image.hanssem.com/hsimg/gds/1050/908/908673_A1.jpg?v=20250918165637
3367,1018973,room_7,fur_0005,스타일랙 양날개 베이직 빨래건조대,32900,https://image.hanssem.com/hsimg/gds/550/1018/1018973_A1.jpg?v=20250812082935
3368,1077595,room_7,fur_0005,디럭스 2단 빨래건조대,47900,https://image.hanssem.com/hsimg/gds/1050/1077/1077595_A1.jpg?v=20250812151218
3369,885999,room_7,fur_0005,[55딜]스타일랙 양날개 플러스 빨래건조대 이동형 화이트,55000,https://image.hanssem.com/hsimg/gds/1050/885/885999_A1.jpg?v=20250812082935
3370,1118687,room_7,fur_0005,[웰컴딜 전용] 시그니쳐 자동센서 휴지통 6L 블랙,9900,https://image.hanssem.com/hsimg/gds/1050/1118/1118687_A1.jpg?v=20250910172922
3371,946956,room_7,fur_0005,뱀부 빨래바구니 런드리 햄퍼 (1단/2단),39900,https://image.hanssem.com/hsimg/gds/550/946/946956_A1.jpg?v=20250812082935
3372,1118688,room_7,fur_0005,[웰컴딜 전용] 더우드 빨래건조대 컴팩트형 블랙,9900,https://image.hanssem.com/hsimg/gds/1050/1118/1118688_A1.jpg?v=20250910172922
3373,1077596,room_7,fur_0005,프라임 2단 이동형 빨래건조대,57900,https://image.hanssem.com/hsimg/gds/1050/1077/1077596_A1.jpg?v=20250716103813
3374,635073,room_7,fur_0006,포레 우드 테이블 매트 겸 쟁반 (2종/택1),9900,https://image.hanssem.com/hsimg/gds/550/635/635073_A1.jpg?v=20250131090641
3375,772412,room_7,fur_0007,핸디 원터치 접이식 스툴 (3종/택1),6900,https://image.hanssem.com/hsimg/gds/550/772/772412_A1.jpg?v=20250904092943
3376,1051391,room_7,fur_0008,S.O.K 욕실정리 다용도선반 2종,25900,https://image.hanssem.com/hsimg/gds/1050/1051/1051391_A1.jpg?v=20250523084058
3377,642131,room_7,fur_0008,반영구 옷걸이형 옷장 습기제거제 장안애,6900,https://image.hanssem.com/hsimg/gds/1050/642/642131_A1.jpg?v=20250313111033
3378,887397,room_7,fur_0009,(톡톡) 다용도 탈취포(살균기미포함),9900,https://image.hanssem.com/hsimg/gds/550/887/887397_A1.jpg?v=20241106152733
3379,761192,room_7,fur_0010,클린 서랍매트,5900,https://image.hanssem.com/hsimg/gds/550/761/761192_A1.jpg?v=20250417131317
3380,1038427,room_7,fur_0011,독일 hettich 직수입 정품 컴포트 턴테이블 회전 수납트레이,29900,https://image.hanssem.com/hsimg/gds/1050/1038/1038427_A1.jpg?v=20241018075504
3381,1107225,room_7,fur_0012,플랫 음식물쓰레기통 7L/9L,6900,https://image.hanssem.com/hsimg/gds/1050/1107/1107225_A1.jpg?v=20250617132009
3382,353949,room_7,fur_0012,클린 서랍매트 반투명,5900,https://image.hanssem.com/hsimg/gds/550/353/353949_A1.jpg?v=20250417131214
3383,1051522,room_7,fur_0013,S.O.K 클리어 옷솔,10000,https://image.hanssem.com/hsimg/gds/1050/1051/1051522_A1.jpg?v=20240821131506
3384,1051523,room_7,fur_0013,S.O.K 클리어 워터저그 물통 3.5L,11900,https://image.hanssem.com/hsimg/gds/1050/1051/1051523_A1.jpg?v=20250404170957
3385,624064,room_7,fur_0013,가벼운 장바구니 쇼핑카트 40L,39900,https://image.hanssem.com/hsimg/gds/1050/624/624064_A1.jpg?v=20250417131532
3386,1015362,room_7,fur_0013,[특가~9/29]실리콘 아이스트레이,9900,https://image.hanssem.com/hsimg/gds/550/1015/1015362_A1.jpg?v=20241118135113
3387,1079319,room_7,fur_0014,주방 싱크대 입수전ML101 크롬,54900,https://image.hanssem.com/hsimg/gds/1050/1079/1079319_A1.jpg?v=20250820100237
3388,1079337,room_7,fur_0014,주방 싱크대 입수전ML300 크롬,69900,https://image.hanssem.com/hsimg/gds/1050/1079/1079337_A1.jpg?v=20250806112903
3389,1079340,room_7,fur_0014,주방 싱크대 필터 입수전 HS451F 크롬 + 필터 6개,139900,https://image.hanssem.com/hsimg/gds/1050/1079/1079340_A1.jpg?v=20250806112930
3390,1079334,room_7,fur_0014,주방 싱크대 입수전ML201,52900,https://image.hanssem.com/hsimg/gds/1050/1079/1079334_A1.jpg?v=20250806112841
3391,1029270,room_7,fur_0015,올스텐 배수구 거름망 커버 세트,16900,https://image.hanssem.com/hsimg/gds/1050/1029/1029270_A1.jpg?v=20250515155159
3392,1057938,room_7,fur_0016,타포린 장바구니 쇼핑백,6900,https://image.hanssem.com/hsimg/gds/1050/1057/1057938_A1.jpg?v=20250508155330
3393,1051525,room_7,fur_0017,S.O.K 클리어 오프너,3900,https://image.hanssem.com/hsimg/gds/1050/1051/1051525_A1.jpg?v=20241104085753
3394,1109668,room_7,fur_0017,[리빙선물990] S.O.K 클리어 오프너,14900,https://image.hanssem.com/hsimg/gds/550/1109/1109668_A1.jpg?v=20250611133954
3395,1078632,room_7,fur_0018,올스텐 조리도구 (6종/택1),6900,https://image.hanssem.com/hsimg/gds/1050/1078/1078632_A1.jpg?v=20250827112343
3396,1119683,room_7,fur_0018,[웰컴딜 전용] 올뉴스텐 거품기,1900,https://image.hanssem.com/hsimg/gds/550/1119/1119683_A1.jpg?v=20250910172922
3397,1046449,room_7,fur_0018,[특가~9/29]미니 실리콘 조리도구 세트(4p set),12900,https://image.hanssem.com/hsimg/gds/1050/1046/1046449_A1.jpg?v=20241122101618
3398,1119684,room_7,fur_0018,[웰컴딜 전용] 올뉴스텐 건지기(대),3900,https://image.hanssem.com/hsimg/gds/550/1119/1119684_A1.jpg?v=20250910172922
3399,1079291,room_7,fur_0019,욕조 샤워수전 HY S0910,81900,https://image.hanssem.com/hsimg/gds/1050/1079/1079291_A1.jpg?v=20250806113032
3400,1079299,room_7,fur_0019,욕조 샤워수전 HY S1010,69900,https://image.hanssem.com/hsimg/gds/1050/1079/1079299_A1.jpg?v=20250806113051
3401,1079277,room_7,fur_0019,세면수전 HY S1050,44900,https://image.hanssem.com/hsimg/gds/1050/1079/1079277_A1.jpg?v=20250820100114
3402,1079287,room_7,fur_0019,세면수전 HY S0950,50900,https://image.hanssem.com/hsimg/gds/1050/1079/1079287_A1.jpg?v=20250820100154
3403,1016963,room_7,fur_0020,구름 푹신 거실 실내화 (2종/택1),7900,https://image.hanssem.com/hsimg/gds/550/1016/1016963_A1.jpg?v=20250402111008
3404,1076082,room_7,fur_0021,샘베딩 클리어 휴대용 보풀제거기,12900,https://image.hanssem.com/hsimg/gds/1050/1076/1076082_A1.jpg?v=20250404082058
3405,1109093,room_7,fur_0022,소프트그립 상의용 옷걸이 30개,17900,https://image.hanssem.com/hsimg/gds/1050/1109/1109093_A1.jpg?v=20250623152119
3406,397534,room_7,fur_0022,라인 논슬립 샘키즈 아동용 옷걸이 10P,5500,https://image.hanssem.com/hsimg/gds/550/397/397534_A1.jpg?v=20241218102244
3407,1065840,room_7,fur_0022,[특가~9/29]멀티 행거 화이트,35900,https://image.hanssem.com/hsimg/gds/1050/1065/1065840_A1.jpg?v=20250915132053
3408,688230,room_7,fur_0022,이지 원스텝 4단 접이식 선반장 화이트,49900,https://image.hanssem.com/hsimg/gds/550/688/688230_A1.jpg?v=20250915132052
3409,110191,room_7,fur_0022,베이직 드레스커버 5P (어깨커버),6900,https://image.hanssem.com/hsimg/gds/550/110/110191_A1.jpg?v=20250402111116
3410,1117449,room_7,fur_0022,샘키즈 원목 행거(2종/택1),64900,https://image.hanssem.com/hsimg/gds/1050/1117/1117449_A1.jpg?v=20250919100544
3411,915933,room_7,fur_0022,라인 논슬립 베이직 옷걸이 10P,4900,https://image.hanssem.com/hsimg/gds/550/915/915933_A1.jpg?v=20250402130231
3412,967100,room_7,fur_0022,핸디 360도 회전 폴딩 장바구니 쇼핑카트(컵홀더 포함),49900,https://image.hanssem.com/hsimg/gds/1050/967/967100_A1.jpg?v=20250917134922
3413,569441,room_7,fur_0022,디바 이동형 행거 더블 화이트/블랙,49900,https://image.hanssem.com/hsimg/gds/550/569/569441_A1.jpg?v=20250915132053
3414,14869,room_7,fur_0022,바인 스탠드 행거 실버,59900,https://image.hanssem.com/hsimg/gds/550/14/14869_A1.jpg?v=20250915132052
3415,501557,room_7,fur_0022,[특가~9/29]마블 트리 행거(화이트),45900,https://image.hanssem.com/hsimg/gds/1050/501/501557_A1.jpg?v=20250915132054
3416,778862,room_7,fur_0022,다용도칸칸 정리트레이 리빙박스 화이트 (대) 3+1,17900,https://image.hanssem.com/hsimg/gds/550/778/778862_A1.jpg?v=20240705160224
3417,1018880,room_7,fur_0022,시그니처 부티크 비치우드 논슬립 원목 옷걸이 1P,5000,https://image.hanssem.com/hsimg/gds/550/1018/1018880_A1.jpg?v=20250714092210
3418,1112267,room_7,fur_0022,[특가~9/29]뉴 재크 철제 서랍장 화이트(2종 택1),59900,https://image.hanssem.com/hsimg/gds/1050/1112/1112267_A1.jpg?v=20250915132054
3419,1082284,room_7,fur_0022,샘키즈 전용 플라스틱 바스켓 소 3P 세트(뚜껑 포함),24900,https://image.hanssem.com/hsimg/gds/1050/1082/1082284_A1.jpg?v=20250715133018
3420,425879,room_7,fur_0022,재크 철제 선반 5단 다용도랙 1100 (2종/택1),85900,https://image.hanssem.com/hsimg/gds/550/425/425879_A1.jpg?v=20250915132052
3421,778860,room_7,fur_0022,다용도칸칸 정리트레이 리빙박스 (화이트/반투명),3900,https://image.hanssem.com/hsimg/gds/550/778/778860_A1.jpg?v=20240705160224
3422,1060736,room_7,fur_0022,3단 틈새 무빙카트 이동식 선반 수납장 트롤리,17900,https://image.hanssem.com/hsimg/gds/1050/1060/1060736_A1.jpg?v=20240705160225
3423,713175,room_7,fur_0022,모리 트롤리 오픈형 장난감 수납장,49900,https://image.hanssem.com/hsimg/gds/1050/713/713175_A1.jpg?v=20240716103646
3424,1048325,room_7,fur_0022,[리빙선물9900] 모로 3단 트롤리 화이트,23810,https://image.hanssem.com/hsimg/gds/550/1048/1048325_A1.jpg?v=20250609151921
3425,706313,room_7,fur_0022,샘폴리 수납 리빙바스켓 와이드형 2P (2종 택1),16900,https://image.hanssem.com/hsimg/gds/550/706/706313_A1.jpg?v=20250402110311
3426,1060153,room_7,fur_0022,1+1 재크 철제 선반 5단 다용도랙 1100 (2종/택1),179900,https://image.hanssem.com/hsimg/gds/550/1060/1060153_A1.jpg?v=20250915132054
3427,1112273,room_7,fur_0022,[특가~9/29]재크 히든 수납 트롤리(2종/택1),69900,https://image.hanssem.com/hsimg/gds/1050/1112/1112273_A1.jpg?v=20250915132054
3428,756888,room_7,fur_0022,재크플러스 철제 무빙 트롤리 (3종/택1),35900,https://image.hanssem.com/hsimg/gds/1050/756/756888_A1.jpg?v=20250915132052
3429,906684,room_7,fur_0022,헤이즐 옷장 붙박이장 정리 시리즈 수납함 모음,9900,https://image.hanssem.com/hsimg/gds/550/906/906684_A1.jpg?v=20240705160224
3430,1018884,room_7,fur_0022,심플라이트 알루미늄 경량 논슬립 옷걸이 시리즈,1900,https://image.hanssem.com/hsimg/gds/550/1018/1018884_A1.jpg?v=20250923090110
3431,1117453,room_7,fur_0022,[예약판매 9/29 순차 출고]뉴 재크 와이드 트롤리(2종/택1),69900,https://image.hanssem.com/hsimg/gds/1050/1117/1117453_A1.jpg?v=20250925141353
3432,878905,room_7,fur_0022,전면오픈 슬라이딩 리빙박스 수납장,11900,https://image.hanssem.com/hsimg/gds/550/878/878905_A1.jpg?v=20250602135400
3433,953096,room_7,fur_0022,링크 모듈형 DIY 드레스룸_  미니 옷장 세트_ 0.9M (5종/택1),128000,https://image.hanssem.com/hsimg/gds/550/953/953096_A1.jpg?v=20240705103130
3434,297232,room_7,fur_0022,샘폴리 수납 바스켓 다용도 리빙박스 정리함 1P,3900,https://image.hanssem.com/hsimg/gds/550/297/297232_A1.jpg?v=20250402110156
3435,127267,room_7,fur_0022,샘폴리 수납 바스켓 다용도 리빙박스 정리함 3P,12900,https://image.hanssem.com/hsimg/gds/550/127/127267_A1.jpg?v=20250402110130
3436,1060154,room_7,fur_0022,[특가~9/29]1+1 모로 3단 트롤리 화이트,35900,https://image.hanssem.com/hsimg/gds/550/1060/1060154_A1.jpg?v=20250915132053
3437,1103570,room_7,fur_0022,바인 트리 스탠드 행거(2종/택1),69900,https://image.hanssem.com/hsimg/gds/1050/1103/1103570_A1.jpg?v=20250915132054
3438,953094,room_7,fur_0022,링크 모듈형 DIY 3단/4단 수납장/선반장,79000,https://image.hanssem.com/hsimg/gds/550/953/953094_A1.jpg?v=20240920163536
3439,1103569,room_7,fur_0022,[예약판매 9/29 순차 출고]트윈 코트 스탠드 행거,89900,https://image.hanssem.com/hsimg/gds/1050/1103/1103569_A1.jpg?v=20250925141353
3440,927015,room_7,fur_0022,[특가~9/29]1+1 재크플러스 철제 5단 서랍장,99000,https://image.hanssem.com/hsimg/gds/550/927/927015_A1.jpg?v=20250915132053
3441,1018882,room_7,fur_0022,프레임 정장 코트 옷걸이 1P,1900,https://image.hanssem.com/hsimg/gds/550/1018/1018882_A1.jpg?v=20250404133459
3442,863534,room_7,fur_0022,[특가~9/29]샘폴리 큐브 수납 바스켓 다용도 리빙박스 정리함 3P,32900,https://image.hanssem.com/hsimg/gds/1050/863/863534_A1.jpg?v=20250416132918
3443,778861,room_7,fur_0022,다용도칸칸 정리트레이 리빙박스 화이트 6개 세트(대 4개+ 소2개),21900,https://image.hanssem.com/hsimg/gds/550/778/778861_A1.jpg?v=20240705160224
3444,1059744,room_7,fur_0022,마카롱 철제 3단 서랍장,57600,https://image.hanssem.com/hsimg/gds/1050/1059/1059744_A1.jpg?v=20241211104846
3445,1018877,room_7,fur_0022,폴딩 백레스트 수납스툴 등받이 화장대 의자,52900,https://image.hanssem.com/hsimg/gds/1050/1018/1018877_A1.jpg?v=20250630170427
3446,1018888,room_7,fur_0022,에코플라스틱 옷걸이 시리즈,2900,https://image.hanssem.com/hsimg/gds/550/1018/1018888_A1.jpg?v=20250404133723
3447,708091,room_7,fur_0022,샘폴리 수납 바스켓 다용도 리빙박스 정리함 6P,28900,https://image.hanssem.com/hsimg/gds/550/708/708091_A1.jpg?v=20250611092944
3448,1002618,room_7,fur_0022,1+1 옷장정리 필수 모듈 슬라이딩 리빙박스,9900,https://image.hanssem.com/hsimg/gds/1050/1002/1002618_A1.jpg?v=20250512090235
3449,643234,room_7,fur_0022,샘키즈 플라스틱 리빙박스 소품 모음 (박스/뚜껑/레일),900,https://image.hanssem.com/hsimg/gds/1050/643/643234_A1.jpg?v=20250926091311
3450,906686,room_7,fur_0022,헤이즐 옷장 붙박이장 정리 시리즈 이불정리함 모음,8900,https://image.hanssem.com/hsimg/gds/550/906/906686_A1.jpg?v=20240705160224
3451,180878,room_7,fur_0022,스페이스빌더 리빙박스 서랍수납장,27900,https://image.hanssem.com/hsimg/gds/1050/180/180878_A1.jpg?v=20250416154736
3452,1106971,room_7,fur_0022,라인 논슬립 상의용 옷걸이 20개/30개,15900,https://image.hanssem.com/hsimg/gds/1050/1106/1106971_A1.jpg?v=20250627133026
3453,1082285,room_7,fur_0022,샘키즈 전용 플라스틱 바스켓 대 3P 세트(뚜껑 포함),30900,https://image.hanssem.com/hsimg/gds/1050/1082/1082285_A1.jpg?v=20241212090914
3454,1002466,room_7,fur_0022,샘키즈 전용 플라스틱박스 뚜껑 12P,29900,https://image.hanssem.com/hsimg/gds/550/1002/1002466_A1.jpg?v=20250211132454
3455,473833,room_7,fur_0022,다용도칸칸 정리트레이 리빙박스 4개세트 (대 2개+소 2개),14900,https://image.hanssem.com/hsimg/gds/550/473/473833_A1.jpg?v=20250417130933
3456,88830,room_7,fur_0022,샘키즈 다용도 분리박스 이동형 2P,8900,https://image.hanssem.com/hsimg/gds/550/88/88830_A1.jpg?v=20240705160224
3457,879981,room_7,fur_0022,스페이스빌더 플라스틱 우드상판 서랍장,55900,https://image.hanssem.com/hsimg/gds/550/879/879981_A1.jpg?v=20250623094314
3458,1002467,room_7,fur_0022,[특가~9/29]샘키즈 전용 플라스틱박스 뚜껑 15P,29900,https://image.hanssem.com/hsimg/gds/550/1002/1002467_A1.jpg?v=20250925103429
3459,1120588,room_7,fur_0022,[사전예약판매 10월13일부터 출고] 샘키즈 옷장 칸칸정리함 3종,4900,https://image.hanssem.com/hsimg/gds/1050/1120/1120588_A1.jpg?v=20250924095206
3460,1058420,room_7,fur_0022,에코플라스틱 옷걸이 30종 세트 그레이,9900,https://image.hanssem.com/hsimg/gds/1050/1058/1058420_A1.jpg?v=20241127153946
3461,915934,room_7,fur_0022,라인 논슬립 니트용 옷걸이 크림화이트 10P,5900,https://image.hanssem.com/hsimg/gds/550/915/915934_A1.jpg?v=20250402130146
3462,1112265,room_7,fur_0022,샘키즈 데일리 스탠드 행거 (2종/택1),39900,https://image.hanssem.com/hsimg/gds/1050/1112/1112265_A1.jpg?v=20250917153939
3463,1068540,room_7,fur_0022,[특가~9/29]마블 홀 행거,39900,https://image.hanssem.com/hsimg/gds/1050/1068/1068540_A1.jpg?v=20250915132053
3464,1109094,room_7,fur_0022,우드 옷걸이 20개,19900,https://image.hanssem.com/hsimg/gds/1050/1109/1109094_A1.jpg?v=20250623152119
3465,1109095,room_7,fur_0022,샘키즈 아동용 옷걸이 20개,9900,https://image.hanssem.com/hsimg/gds/1050/1109/1109095_A1.jpg?v=20250923131031
3466,1018887,room_7,fur_0022,심플라이트 블랙 러버 논슬립 옷걸이 5P,2900,https://image.hanssem.com/hsimg/gds/550/1018/1018887_A1.jpg?v=20250404133655
3467,383719,room_7,fur_0022,[특가~9/29]샘베딩 옷장수납 리빙용품 시리즈,6900,https://image.hanssem.com/hsimg/gds/1050/383/383719_A1.jpg?v=20250402111154
3468,1112268,room_7,fur_0022,[특가~9/29]뉴 재크 5단 서랍장(3종/택1),79900,https://image.hanssem.com/hsimg/gds/1050/1112/1112268_A1.jpg?v=20250915132054
3469,168603,room_7,fur_0022,다용도칸칸 정리트레이 리빙박스 (소),3900,https://image.hanssem.com/hsimg/gds/550/168/168603_A1.jpg?v=20250417130849
3470,636816,room_7,fur_0022,미끄러지지 않는 러버코팅 옷걸이 시리즈,2900,https://image.hanssem.com/hsimg/gds/550/636/636816_A1.jpg?v=20250402130319
3471,168602,room_7,fur_0022,다용도칸칸 정리트레이 리빙박스 (대),4900,https://image.hanssem.com/hsimg/gds/550/168/168602_A1.jpg?v=20250417130913
3472,1065842,room_7,fur_0022,선인장 행거(2종/택1),29900,https://image.hanssem.com/hsimg/gds/1050/1065/1065842_A1.jpg?v=20250915132053
3473,898922,room_7,fur_0022,샘키즈 플라스틱박스 뚜껑,2900,https://image.hanssem.com/hsimg/gds/550/898/898922_A1.jpg?v=20250211132413
3474,1060737,room_7,fur_0022,올데이 플라스틱 서랍장 600 시리즈,69900,https://image.hanssem.com/hsimg/gds/1050/1060/1060737_A1.jpg?v=20241211104804
3475,767303,room_7,fur_0022,재크플러스 철제 4단 다용도랙 800 (2종/택1),49900,https://image.hanssem.com/hsimg/gds/550/767/767303_A1.jpg?v=20250915132052
3476,1061581,room_7,fur_0022,[리빙선물990] 심플라이트 알루미늄 논슬립 옷걸이,14900,https://image.hanssem.com/hsimg/gds/550/1061/1061581_A1.jpg?v=20250609151921
3477,1117452,room_7,fur_0022,[예약판매 9/29 순차 출고]뉴 재크 트롤리 플러스(3종/택1),59900,https://image.hanssem.com/hsimg/gds/1050/1117/1117452_A1.jpg?v=20250925141353
3478,723647,room_7,fur_0022,샘키즈/보나 베이비장 전용 서랍 정리함,4900,https://image.hanssem.com/hsimg/gds/550/723/723647_A1.jpg?v=20250402111537
3479,354679,room_7,fur_0022,데일리 원목 옷걸이/바지걸이,3900,https://image.hanssem.com/hsimg/gds/550/354/354679_A1.jpg?v=20250417131557
3480,1065841,room_7,fur_0022,트리 행거(2종/택1),39900,https://image.hanssem.com/hsimg/gds/1050/1065/1065841_A1.jpg?v=20250915132053
3481,928608,room_7,fur_0022,라임 주방수납 트롤리 수납장세트 60cm (2종 택1),396580,https://image.hanssem.com/hsimg/gds/1050/928/928608_A1.jpg?v=20250908100852
3482,37749,room_7,fur_0022,베이직 드레스커버 5P,9900,https://image.hanssem.com/hsimg/gds/550/37/37749_A1.jpg?v=20250402111045
3483,1018892,room_7,fur_0022,에브리 완벽방수 리빙박스 카키 47L,15900,https://image.hanssem.com/hsimg/gds/550/1018/1018892_A1.jpg?v=20250812082935
3484,807236,room_7,fur_0022,클린 서랍매트 1+1,9900,https://image.hanssem.com/hsimg/gds/550/807/807236_A1.jpg?v=20250417131340
3485,139616,room_7,fur_0022,포플러 우드 옷걸이 시리즈,9900,https://image.hanssem.com/hsimg/gds/550/139/139616_A1.jpg?v=20250417131412
3486,778863,room_7,fur_0022,다용도칸칸 정리트레이 리빙박스 화이트 (소) 3+1,14900,https://image.hanssem.com/hsimg/gds/550/778/778863_A1.jpg?v=20240705160224
3487,915935,room_7,fur_0022,라인 논슬립 셔츠용 옷걸이 크림화이트 10P,5900,https://image.hanssem.com/hsimg/gds/550/915/915935_A1.jpg?v=20240705160224
3488,14868,room_7,fur_0022,바인 스탠드 행거 블랙,49900,https://image.hanssem.com/hsimg/gds/550/14/14868_A1.jpg?v=20250915132052
3489,1018878,room_7,fur_0022,플리에 사각 수납스툴  화장대 의자,15900,https://image.hanssem.com/hsimg/gds/550/1018/1018878_A1.jpg?v=20250402111346
3490,1059747,room_7,fur_0022,마카롱 철제 5단 서랍장(크림화이트),75400,https://image.hanssem.com/hsimg/gds/1050/1059/1059747_A1.jpg?v=20250418150133
3491,737707,room_7,fur_0022,튼튼한 원목옷걸이 30p,25900,https://image.hanssem.com/hsimg/gds/550/737/737707_A1.jpg?v=20250812082935
3492,1017408,room_7,fur_0022,샘키즈 전용 플라스틱박스 뚜껑 10P,25900,https://image.hanssem.com/hsimg/gds/550/1017/1017408_A1.jpg?v=20250211132519
3493,1089039,room_7,fur_0022,이불 압축지퍼 파우치 (4종/택1),13900,https://image.hanssem.com/hsimg/gds/1050/1089/1089039_A1.jpg?v=20250812082934
3494,915938,room_7,fur_0022,라인 논슬립 바지용 옷걸이 1단/2단,3900,https://image.hanssem.com/hsimg/gds/550/915/915938_A1.jpg?v=20250402130121
3495,915937,room_7,fur_0022,라인 논슬립 자켓용 옷걸이 3P,3900,https://image.hanssem.com/hsimg/gds/550/915/915937_A1.jpg?v=20250402130252
3496,45713,room_7,fur_0022,샘키즈 플라스틱박스 600 화이트,7900,https://image.hanssem.com/hsimg/gds/550/45/45713_A1.jpg?v=20250901154054
3497,767304,room_7,fur_0022,[55딜]재크플러스 철제 5단 다용도랙 800 (2종/택1),55000,https://image.hanssem.com/hsimg/gds/550/767/767304_A1.jpg?v=20250925164708
3498,967130,room_7,fur_0022,베이직 사각 수납스툴 화장대의자 라이트그레이,14900,https://image.hanssem.com/hsimg/gds/1050/967/967130_A1.jpg?v=20250402110043
3499,739940,room_7,fur_0022,미끄러지지 않는 PVC 바지걸이 20P PKG,15900,https://image.hanssem.com/hsimg/gds/550/739/739940_A1.jpg?v=20250402130728
3500,46531,room_7,fur_0022,"샘키즈 화이트 플라스틱레일 395 (1005,모모로 옷장 전용)",900,https://image.hanssem.com/hsimg/gds/550/46/46531_A1.jpg?v=20241121145524
3501,1058418,room_7,fur_0022,에코플라스틱 옷걸이 30종 세트 베이지,9900,https://image.hanssem.com/hsimg/gds/1050/1058/1058418_A1.jpg?v=20250530100849
3502,863533,room_7,fur_0022,샘폴리 큐브 수납 바스켓 다용도 리빙박스 정리함 1P,12900,https://image.hanssem.com/hsimg/gds/550/863/863533_A1.jpg?v=20250402130358
3503,767214,room_7,fur_0022,재크플러스 철제 5단 서랍장 3종/택1,49900,https://image.hanssem.com/hsimg/gds/550/767/767214_A1.jpg?v=20250915132052
3504,477087,room_7,fur_0022,디바 심플 행거 화이트/블랙,19900,https://image.hanssem.com/hsimg/gds/550/477/477087_A1.jpg?v=20250915132053
3505,627191,room_7,fur_0022,상의용 옷걸이 30P 20P 패키지 (2종 택1),9900,https://image.hanssem.com/hsimg/gds/550/627/627191_A1.jpg?v=20250417131053
3506,756815,room_7,fur_0022,앵글러 원목 행거,49900,https://image.hanssem.com/hsimg/gds/550/756/756815_A1.jpg?v=20250915132052
3507,931569,room_7,fur_0022,라인 논슬립 옷걸이 50P 세트 멀티팩,25900,https://image.hanssem.com/hsimg/gds/550/931/931569_A1.jpg?v=20250414131902
3508,1089040,room_7,fur_0022,샘 펠트 바스켓 2P세트 9종,7900,https://image.hanssem.com/hsimg/gds/1050/1089/1089040_A1.jpg?v=20250422172711
3509,1018883,room_7,fur_0022,프레임 옷걸이 숄더커버 2P 세트,1900,https://image.hanssem.com/hsimg/gds/550/1018/1018883_A1.jpg?v=20250404133531
3510,180777,room_7,fur_0022,다용도칸칸 정리트레이 리빙박스 6개세트 (대 4개+소 2개),19900,https://image.hanssem.com/hsimg/gds/550/180/180777_A1.jpg?v=20250417130953
3511,196922,room_7,fur_0022,모로 3단 트롤리 화이트,17900,https://image.hanssem.com/hsimg/gds/550/196/196922_A1.jpg?v=20250915132052
3512,1045333,room_7,fur_0023,[특가~9/29]S.O.K 슬라이딩박스 서랍 수납함,37900,https://image.hanssem.com/hsimg/gds/1050/1045/1045333_A1.jpg?v=20250619094546
3513,919771,room_7,fur_0023,SOK 팬트리 투명한 정리 수납시리즈 (6종 택1),6900,https://image.hanssem.com/hsimg/gds/550/919/919771_A1.jpg?v=20250515105353
3514,1051396,room_7,fur_0023,샘와이어 서재 책장정리 철제 행잉 수납바스켓 3종,7900,https://image.hanssem.com/hsimg/gds/1050/1051/1051396_A1.jpg?v=20250417131617
3515,1018890,room_7,fur_0023,샘폴딩 GRS 재생 에코플라스틱 수납 리빙박스,2900,https://image.hanssem.com/hsimg/gds/550/1018/1018890_A1.jpg?v=20250516084341
3516,1116105,room_7,fur_0023,[55딜]S.O.K 슬라이딩박스 서랍 수납함 1+1,55000,https://image.hanssem.com/hsimg/gds/1050/1116/1116105_A1.jpg?v=20250925163450
3517,1018891,room_7,fur_0023,샘바이딩 GRS 재생 에코플라스틱 툴박스 네이비,2900,https://image.hanssem.com/hsimg/gds/550/1018/1018891_A1.jpg?v=20250812082935
3518,841974,room_7,fur_0023,S.O.K 팬트리 수납함 시리즈,3900,https://image.hanssem.com/hsimg/gds/550/841/841974_A1.jpg?v=20250909164659
3519,1058422,room_7,fur_0023,샘폴딩 GRS 재생 플라스틱 수납 리빙박스 4종 세트 그레이,6900,https://image.hanssem.com/hsimg/gds/1050/1058/1058422_A1.jpg?v=20250404133813
3520,1051392,room_7,fur_0023,S.O.K 베이직 슬라이딩 양념병 주방 정리랙 2종,25900,https://image.hanssem.com/hsimg/gds/1050/1051/1051392_A1.jpg?v=20240705160225
3521,46530,room_7,fur_0024,"샘키즈 화이트 플라스틱레일 295 (1305,870전용)",900,https://image.hanssem.com/hsimg/gds/550/46/46530_A1.jpg?v=20241121145445
3522,1103133,room_7,fur_0025,펠트 티슈케이스,2900,https://image.hanssem.com/hsimg/gds/1050/1103/1103133_A1.jpg?v=20250422180917
3523,563551,room_7,fur_0026,가죽패턴 호텔 티슈커버 (3종/택1),7900,https://image.hanssem.com/hsimg/gds/1050/563/563551_A1.jpg?v=20250709094651
3524,785209,room_7,fur_0027,락향 디퓨저리필 디퓨저재료 고급향기21종 105ml+105ml+105ml 차량 실내 화장실디퓨저,12800,https://image.hanssem.com/hsimg/gds/550/785/785209_A1.jpg?v=20240723164550
3525,787784,room_7,fur_0027,락향 디퓨저리필 디퓨저재료 105ml+105ml +발향스틱10개 고급향기21종 화장실 거실 차량 인테리어소품,11800,https://image.hanssem.com/hsimg/gds/550/787/787784_A1.jpg?v=20240723164550
3526,1033307,room_7,fur_0027,홈데코 곰돌이 소품트레이 1개,44100,https://image.hanssem.com/hsimg/gds/550/1033/1033307_A1.jpg?v=20240801155003
3527,182014,room_7,fur_0027,리템LnC 프라임 리빙박스37L 68031,18750,https://image.hanssem.com/hsimg/gds/550/182/182014_A1.jpg?v=20220413172334
3528,989250,room_7,fur_0027,석고보드앙카 동공앙카 피스 12mm 20mm 28mm 나사포함,150,https://image.hanssem.com/hsimg/gds/550/989/989250_A1.jpg?v=20240910102813
3529,788414,room_7,fur_0027,예다움 8폭 부모은중도-추사체 병풍 (C0038),235000,https://image.hanssem.com/hsimg/gds/550/788/788414_A1.jpg?v=20250409121216
3530,181955,room_7,fur_0027,시스맥스 NEO 아이박스 중형 3단 56019,14950,https://image.hanssem.com/hsimg/gds/550/181/181955_A1.jpg?v=20220624131834
3531,469524,room_7,fur_0027,자석캐치 원터치빠찌링 회색-1개,800,https://image.hanssem.com/hsimg/gds/550/469/469524_A1.jpg?v=20240910102744
3532,1074187,room_7,fur_0027,퍼블릭아트 풍수 그림 400 벽시계,40900,https://image.hanssem.com/hsimg/gds/1050/1074/1074187_A1.jpg?v=20241017192042
3533,1049521,room_7,fur_0027,무타공 설치 인조대리석 일체형 앵커 시즌3 이동식 싱크대 오피스 홈,369000,https://image.hanssem.com/hsimg/gds/1050/1049/1049521_A1.jpg?v=20240910102743
3534,1059773,room_7,fur_0027,헤이미쉬홈 샘스틸 멀티탭 거치대 정리함,29000,https://image.hanssem.com/hsimg/gds/1050/1059/1059773_A1.jpg?v=20250605131522
3535,1054937,room_7,fur_0027,플라워 골드 레터링 토퍼 다용도 파티용품 케이크 웨딩 촬영 소품,1040,https://image.hanssem.com/hsimg/gds/1050/1054/1054937_A1.jpg?v=20241121130150
3536,1098329,room_7,fur_0027,현관 인테리어 풍경종 1개(디자인 택1),25100,https://image.hanssem.com/hsimg/gds/1050/1098/1098329_A1.jpg?v=20250415172929
3537,1097204,room_7,fur_0027,의자에 묶는 방석 (2개) 코튼100% MK22499-2,21700,https://image.hanssem.com/hsimg/gds/1050/1097/1097204_A1.jpg?v=20250311135418
3538,1071821,room_7,fur_0027,플라이토 무선 루나 터닝 원형 온습도 와이파이 LED 벽시계,249000,https://image.hanssem.com/hsimg/gds/1050/1071/1071821_A1.jpg?v=20240826104038
3539,771199,room_7,fur_0027,큐빅 엔틱 사진액자(리본),27000,https://image.hanssem.com/hsimg/gds/550/771/771199_A1.jpg?v=20240723164550
3540,1098843,room_7,fur_0027,이케아 JATTESTOR 코끼리 인형/애착인형,35200,https://image.hanssem.com/hsimg/gds/1050/1098/1098843_A1.jpg?v=20250515172036
3541,1002606,room_7,fur_0027,보노하우스 한피스씩 분리되는 홈즈 조립식 데크타일 9장(36피스) 데코 타일 조립 마루 베란다 욕실,22900,https://image.hanssem.com/hsimg/gds/1050/1002/1002606_A1.jpg?v=20240910102743
3542,1118979,room_7,fur_0027,배스트위시스 디저트 케이크 쿠키 선물 포장 박스 간식 상자,2320,https://image.hanssem.com/hsimg/gds/1050/1118/1118979_A1.jpg?v=20250828100038
3543,182004,room_7,fur_0027,시스맥스 클립보드 A4 46107,2340,https://image.hanssem.com/hsimg/gds/550/182/182004_A1.jpg?v=20220624132154
3544,469123,room_7,fur_0027,스펀지 세차 줄눈시공 타일 스폰지 1개,600,https://image.hanssem.com/hsimg/gds/550/469/469123_A1.jpg?v=20240910102825
3545,820424,room_7,fur_0027,데일리데코 세투르 부엉이 추 벽시계,32900,https://image.hanssem.com/hsimg/gds/550/820/820424_A1.jpg?v=20240723164541
3546,1100078,room_7,fur_0027,에이플럼 북트레이 책꽂이 북엔드,29800,https://image.hanssem.com/hsimg/gds/1050/1100/1100078_A1.jpg?v=20250321130627
3547,833371,room_7,fur_0027,무아스 백라이트 심플 타이머 알람 탁상시계,12500,https://image.hanssem.com/hsimg/gds/550/833/833371_A1.jpg?v=20240723164541
3548,771193,room_7,fur_0027,플라워 엔틱 미니액자 실버 2X3,16000,https://image.hanssem.com/hsimg/gds/550/771/771193_A1.jpg?v=20240723164550
3549,845739,room_7,fur_0027,블랑 콤팩트 서랍정리함 7P세트 칸막이,20900,https://image.hanssem.com/hsimg/gds/550/845/845739_A1.jpg?v=20220822145730
3550,868074,room_7,fur_0027,윈스타 녹색 커팅매트 A3 데스크 매트 셀프힐링 컷팅,5890,https://image.hanssem.com/hsimg/gds/550/868/868074_A1.jpg?v=20250620105249
3551,807685,room_7,fur_0027,스몰빌리지 - 유지언 작가 행복을 전하는 화사한 인테리어 그림 액자,85000,https://image.hanssem.com/hsimg/gds/550/807/807685_A1.jpg?v=20240723164550
3552,785202,room_7,fur_0027,데코 왕골 라탄 부채(2size),4900,https://image.hanssem.com/hsimg/gds/550/785/785202_A1.jpg?v=20250529110235
3553,812167,room_7,fur_0027,테네리페 풍경 3 - slowus 감성 여행 일러스트 인테리어 그림 액자,80000,https://image.hanssem.com/hsimg/gds/550/812/812167_A1.jpg?v=20240723164550
3554,768795,room_7,fur_0027,프리미엄디퓨저 이앤 황동골프디퓨저 프리미엄 고급향 허센트13종 향오일 더첨한 200ml 수경재배 화병 인테리어 아로마디퓨저,96800,https://image.hanssem.com/hsimg/gds/550/768/768795_A1.jpg?v=20240723164550
3555,840387,room_7,fur_0027,대형 3분할 슬림액자 액자세트 블랙 텍스트 월드맵,153900,https://image.hanssem.com/hsimg/gds/550/840/840387_A1.jpg?v=20240723164541
3556,467013,room_7,fur_0027,가구손잡이 이오니아 128mm(1개),3070,https://image.hanssem.com/hsimg/gds/550/467/467013_A1.jpg?v=20240910102825
3557,771243,room_7,fur_0027,웨이버 엔틱사진액자(타원형) 소 4X6,25000,https://image.hanssem.com/hsimg/gds/550/771/771243_A1.jpg?v=20240723164550
3558,1120578,room_7,fur_0027,카페인테리어 벽장식 유화 미숙작품 추상화그림 캔버스액자,144000,https://image.hanssem.com/hsimg/gds/1050/1120/1120578_A1.jpg?v=20250915131337
3559,1099083,room_7,fur_0027,[트리빌리지]티니블랑 파밍스마켓 350ml 머그컵,14800,https://image.hanssem.com/hsimg/gds/1050/1099/1099083_A1.jpg?v=20250415094239
3560,1065320,room_7,fur_0027,아주 두꺼운 소형 투명 PVC 미니 지퍼백,40,https://image.hanssem.com/hsimg/gds/1050/1065/1065320_A1.jpg?v=20250506121509
3561,469632,room_7,fur_0027,스텐 오도시-최소(1개) 잠금고리,600,https://image.hanssem.com/hsimg/gds/550/469/469632_A1.jpg?v=20240910102744
3562,1107216,room_7,fur_0027,에이모노 컬러매트액자 네컷사진 액자,11500,https://image.hanssem.com/hsimg/gds/1050/1107/1107216_A1.jpg?v=20250725160910
3563,1098335,room_7,fur_0027,시선차단 무점착 창문 시트지 1개,33000,https://image.hanssem.com/hsimg/gds/1050/1098/1098335_A1.jpg?v=20250415172928
3564,769393,room_7,fur_0027,데일리데코 제러드 주물 양면 벽시계,168000,https://image.hanssem.com/hsimg/gds/550/769/769393_A1.jpg?v=20240723164550
3565,943334,room_7,fur_0027,(1+1) 프랑코 핸디 테이블정리함 3colors,11900,https://image.hanssem.com/hsimg/gds/550/943/943334_A1.jpg?v=20230523093045
3566,1097444,room_7,fur_0027,테이블다리 철제다리 (한개가격) 그레이 MK13876,28000,https://image.hanssem.com/hsimg/gds/1050/1097/1097444_A1.jpg?v=20250609150215
3567,1067308,room_7,fur_0027,무아스 우드문 무선 LED 벽시계 무소음 거실 벽걸이시계 인테리어,62900,https://image.hanssem.com/hsimg/gds/1050/1067/1067308_A1.jpg?v=20241011140329
3568,784248,room_7,fur_0027,DK9075 무노 메모보드 겸 파티션600 (선반형) DVX,17900,https://image.hanssem.com/hsimg/gds/1050/784/784248_A1.jpg?v=20250926115749
3569,237494,room_7,fur_0027,시스맥스 나무 독서대 대 46203,21780,https://image.hanssem.com/hsimg/gds/550/237/237494_A1.jpg?v=20230203095403
3570,973441,room_7,fur_0027,벤트스틱 차량용 방향제 4P 모음전,6500,https://image.hanssem.com/hsimg/gds/550/973/973441_A1.jpg?v=20240813091926
3571,94365,room_7,fur_0027,창신리빙 엘레강스 정리함2호,3000,https://image.hanssem.com/hsimg/gds/550/94/94365_A1.jpg?v=20240708113743
3572,841472,room_7,fur_0027,루나랩 키즈 책 거치대,10000,https://image.hanssem.com/hsimg/gds/1050/841/841472_A1.jpg?v=20240723164541
3573,771242,room_7,fur_0027,웨이버 엔틱사진액자(사각형) 대 5X7,30000,https://image.hanssem.com/hsimg/gds/550/771/771242_A1.jpg?v=20240723164550
3574,1100081,room_7,fur_0027,플라이토 3세대 백라이트 터닝 플랫 원형 온습도 LED 벽시계 29cm,149000,https://image.hanssem.com/hsimg/gds/1050/1100/1100081_A1.jpg?v=20250321130627
3575,771227,room_7,fur_0027,엘레강스 엔틱 액자 골드 3X5,14000,https://image.hanssem.com/hsimg/gds/550/771/771227_A1.jpg?v=20240723164550
3576,1098253,room_7,fur_0027,숨결 슬림 전신거울 높이110cm,149000,https://image.hanssem.com/hsimg/gds/1050/1098/1098253_A1.jpg?v=20250403084909
3577,841079,room_7,fur_0027,모나미 붓펜 드로잉 1개,800,https://image.hanssem.com/hsimg/gds/550/841/841079_A1.jpg?v=20240723164541
3578,769927,room_7,fur_0027,TWEMCO BQ-268P 트웸코 벽시계,310000,https://image.hanssem.com/hsimg/gds/550/769/769927_A1.jpg?v=20250917121620
3579,839953,room_7,fur_0027,솔리드 단색 무광시트지 고급 리폼시트지 화이트,2200,https://image.hanssem.com/hsimg/gds/550/839/839953_A1.jpg?v=20240910102707
3580,771189,room_7,fur_0027,골드엔틱 미니액자 사각,16000,https://image.hanssem.com/hsimg/gds/550/771/771189_A1.jpg?v=20240723164550
3581,812179,room_7,fur_0027,캠브리지 펀팅 - slowus 작가 여행 감성 일러스트 인테리어 그림 액자,75000,https://image.hanssem.com/hsimg/gds/550/812/812179_A1.jpg?v=20240723164550
3582,469420,room_7,fur_0027,각도톱질대 마이터박스 노랑-1개,2100,https://image.hanssem.com/hsimg/gds/550/469/469420_A1.jpg?v=20240910102825
3583,1098334,room_7,fur_0027,금전운의 큐빅 코끼리장식(소) 1개,121100,https://image.hanssem.com/hsimg/gds/1050/1098/1098334_A1.jpg?v=20250415172928
3584,551615,room_7,fur_0027,아날로그 가죽 일반 티슈케이스 각티슈 휴지 커버,4000,https://image.hanssem.com/hsimg/gds/550/551/551615_A1.jpg?v=20250620105409
3585,1020049,room_7,fur_0027,아로마엣세 벤트클립 4P 차량용 방향제 (택1),8500,https://image.hanssem.com/hsimg/gds/550/1020/1020049_A1.jpg?v=20240723163622
3586,1104184,room_7,fur_0027,[트리빌리지] 귀여운 버드박스 도어벨 3color,31000,https://image.hanssem.com/hsimg/gds/1050/1104/1104184_A1.jpg?v=20250630191407
3587,1095184,room_7,fur_0027,홈 오피스 공간활용 4파티션 정리 포르타 비타 미니,4200,https://image.hanssem.com/hsimg/gds/1050/1095/1095184_A1.jpg?v=20250304171515
3588,771185,room_7,fur_0027,웨이버 엔틱사진액자(사각형) 미니 2X3,14000,https://image.hanssem.com/hsimg/gds/550/771/771185_A1.jpg?v=20240723164550
3589,1098782,room_7,fur_0027,DIY 붙이는 흡음 템바보드 접착식 템파 루바 보드,34900,https://image.hanssem.com/hsimg/gds/1050/1098/1098782_A1.jpg?v=20250314102448
3590,1120572,room_7,fur_0027,우아한 포도그림 도자기 풍수 침실인테리어 벽액자,224000,https://image.hanssem.com/hsimg/gds/1050/1120/1120572_A1.jpg?v=20250915131338
3591,877075,room_7,fur_0027,가쯔 논슬립 가죽 마우스패드 겸 데스크매트 M 1개,8800,https://image.hanssem.com/hsimg/gds/550/877/877075_A1.jpg?v=20250620094859
3592,404440,room_7,fur_0027,가죽 고급 기역자형 데스크패드 데스크매트 책상매트,42500,https://image.hanssem.com/hsimg/gds/550/404/404440_A1.jpg?v=20240831184943
3593,770091,room_7,fur_0027,라움데코 레이 코끼리 인테리어 소품 3p 세트,77800,https://image.hanssem.com/hsimg/gds/550/770/770091_A1.jpg?v=20240723164550
3594,820738,room_7,fur_0027,브리즈 각도조절 사무실 발받침대 풋레스트 풋스툴,19900,https://image.hanssem.com/hsimg/gds/550/820/820738_A1.jpg?v=20241224171108
3595,840388,room_7,fur_0027,대형 3분할 슬림액자 액자세트 월드맵 카툰버전2,153900,https://image.hanssem.com/hsimg/gds/550/840/840388_A1.jpg?v=20240723164541
3596,1100204,room_7,fur_0027,히키스플랜트 중형화분 봄 분갈이 가벼운 바운스화분,11000,https://image.hanssem.com/hsimg/gds/1050/1100/1100204_A1.jpg?v=20250909164205
3597,974326,room_7,fur_0027,(1+1) 차량용 방향제 프래그런스 스피어스 택2,17900,https://image.hanssem.com/hsimg/gds/550/974/974326_A1.jpg?v=20240723161650
3598,904815,room_7,fur_0027,Woman with tulips - 진순 작가 소녀 감성 꽃 그림 인테리어 액자,125000,https://image.hanssem.com/hsimg/gds/550/904/904815_A1.jpg?v=20240723164534
3599,820426,room_7,fur_0027,라움데코 호노스 부엉이 엔틱 벽시계,61900,https://image.hanssem.com/hsimg/gds/550/820/820426_A1.jpg?v=20240723164541
3600,469490,room_7,fur_0027,싱크대경첩 아웃도어-1개 싱크경첩,390,https://image.hanssem.com/hsimg/gds/550/469/469490_A1.jpg?v=20240910102744
3601,1101182,room_7,fur_0027,무아스 클리어빔 프로젝션 탁상시계 온도 달력 알람,24900,https://image.hanssem.com/hsimg/gds/1050/1101/1101182_A1.jpg?v=20250402163133
3602,1028185,room_7,fur_0027,페인트붓 페인트브러쉬 빽붓 평붓 청소붓 막붓 1인치,300,https://image.hanssem.com/hsimg/gds/550/1028/1028185_A1.jpg?v=20240910102706
3603,770089,room_7,fur_0027,라움데코 타브 코끼리 인테리어 소품 2p 세트,49800,https://image.hanssem.com/hsimg/gds/550/770/770089_A1.jpg?v=20240723164550
3604,771196,room_7,fur_0027,빈티지 골드 액자 5X7,32000,https://image.hanssem.com/hsimg/gds/550/771/771196_A1.jpg?v=20240723164550
3605,1099084,room_7,fur_0027,[트리빌리지]레벤호프 플리츠 골드 포인트 샷잔 4P세트,20000,https://image.hanssem.com/hsimg/gds/1050/1099/1099084_A1.jpg?v=20250415094239
3606,631227,room_7,fur_0027,대형 각도조절책상 데스크패드 마그넷보드+자석바(하이책상 호환가능),46000,https://image.hanssem.com/hsimg/gds/550/631/631227_A1.jpg?v=20240831182750
3607,181943,room_7,fur_0027,시스맥스 시스템 KEY 서류함 8단 1208K,37700,https://image.hanssem.com/hsimg/gds/550/181/181943_A1.jpg?v=20230628140922
3608,814843,room_7,fur_0027,원홀 거위목 주방 수전 3049,83900,https://image.hanssem.com/hsimg/gds/550/814/814843_A1.jpg?v=20240723164550
3609,1098499,room_7,fur_0027,철제 잡지꽂이 진열대(폭48cm) 1개,153700,https://image.hanssem.com/hsimg/gds/1050/1098/1098499_A1.jpg?v=20250415172926
3610,468644,room_7,fur_0027,국산 도배솔 01번 골드 정배솔 16인치,72000,https://image.hanssem.com/hsimg/gds/1050/468/468644_A1.jpg?v=20240910102707
3611,877072,room_7,fur_0027,가쯔 논슬립 가죽 마우스패드 겸 데스크매트 L 1개,11900,https://image.hanssem.com/hsimg/gds/550/877/877072_A1.jpg?v=20250804132936
3612,623628,room_7,fur_0027,시우아트 화이트무소음벽시계/건전지포함,15800,https://image.hanssem.com/hsimg/gds/550/623/623628_A1.jpg?v=20241219174201
3613,770178,room_7,fur_0027,데일리데코 비르바 로얄 부엉이 추 벽시계,191800,https://image.hanssem.com/hsimg/gds/550/770/770178_A1.jpg?v=20240723164550
3614,788413,room_7,fur_0027,예다움 8폭 추사글씨-사군자 병풍 (C0039),245000,https://image.hanssem.com/hsimg/gds/550/788/788413_A1.jpg?v=20250409121008
3615,1103487,room_7,fur_0027,[트리빌리지] 말랑말랑 달콤한 컵케이크 머핀 1P (랜덤),5600,https://image.hanssem.com/hsimg/gds/1050/1103/1103487_A1.jpg?v=20250630191407
3616,812607,room_7,fur_0027,알루미늄 액자 집꾸미기 소품 A4 할리우드,16400,https://image.hanssem.com/hsimg/gds/550/812/812607_A1.jpg?v=20240723164550
3617,551247,room_7,fur_0027,아날로그 슈프림 양장노트 A5 그리드 유선 방안,2680,https://image.hanssem.com/hsimg/gds/550/551/551247_A1.jpg?v=20250701172125
3618,812175,room_7,fur_0027,가을하늘 맑음- slowus 작가 여행 감성 일러스트 인테리어 그림 액자,75000,https://image.hanssem.com/hsimg/gds/550/812/812175_A1.jpg?v=20240723164550
3619,785230,room_7,fur_0027,락향 프리미엄 아로마디퓨저 향21종 조화장식 차량 화장실 실내용 인테리어디퓨저,15800,https://image.hanssem.com/hsimg/gds/550/785/785230_A1.jpg?v=20240723164550
3620,770085,room_7,fur_0027,라움데코 시마키 코끼리 인테리어 소품 2P 세트-중,83800,https://image.hanssem.com/hsimg/gds/550/770/770085_A1.jpg?v=20240723164550
3621,1097261,room_7,fur_0027,강아지모양 쿠션 쇼파쿠션 인테리어쿠션 MK29867,19600,https://image.hanssem.com/hsimg/gds/1050/1097/1097261_A1.jpg?v=20250311135215
3622,785214,room_7,fur_0027,락향 디퓨저리필 디퓨저재료 고급향기21종 105ml+105ml 차량 실내 화장실 아로마디퓨저 리필액,9800,https://image.hanssem.com/hsimg/gds/550/785/785214_A1.jpg?v=20240723164550
3623,804558,room_7,fur_0027,빈티지 말린장미 조화 가지(5color),4200,https://image.hanssem.com/hsimg/gds/550/804/804558_A1.jpg?v=20250619210008
3624,718624,room_7,fur_0027,반투명 안개시트지 유리창 창문엠보시트지 WFMF0427,10900,https://image.hanssem.com/hsimg/gds/550/718/718624_A1.jpg?v=20240723164558
3625,1079536,room_7,fur_0027,에이모노 국내생산 그림보관액자 8절 스케치북액자 A4,10000,https://image.hanssem.com/hsimg/gds/1050/1079/1079536_A1.jpg?v=20241126173717
3626,748929,room_7,fur_0027,무소음 벽시계 플랫우드 나뭇가지,14500,https://image.hanssem.com/hsimg/gds/550/748/748929_A1.jpg?v=20241118160312
3627,1120580,room_7,fur_0027,결혼선물 러블리 하트그림 이쁜 추상화 원화 인테리어액자,214000,https://image.hanssem.com/hsimg/gds/1050/1120/1120580_A1.jpg?v=20250915131337
3628,820432,room_7,fur_0027,데일리데코 셀리나 로얄 부엉이 벽시계,81900,https://image.hanssem.com/hsimg/gds/550/820/820432_A1.jpg?v=20240723164541
3629,771235,room_7,fur_0027,보이드 엔틱 원형액자(대) 5X7,22000,https://image.hanssem.com/hsimg/gds/550/771/771235_A1.jpg?v=20240723164550
3630,1023449,room_7,fur_0027,프리미엄 리얼 3D LED 벽시계 인테리어 거실시계 사무실 집들이선물 2colors,22900,https://image.hanssem.com/hsimg/gds/550/1023/1023449_A1.jpg?v=20241118155508
3631,749123,room_7,fur_0027,플라팜 시스템서랍장 책상정리함 A4 서류정리함 미니서랍장,6500,https://image.hanssem.com/hsimg/gds/550/749/749123_A1.jpg?v=20250701142214
3632,181965,room_7,fur_0027,시스맥스 오픈형 서류함 4단(조립식) 13104,25500,https://image.hanssem.com/hsimg/gds/550/181/181965_A1.jpg?v=20220413172334
3633,1027887,room_7,fur_0027,무아스 무소음 벽시계 플랫우드 미니,11900,https://image.hanssem.com/hsimg/gds/550/1027/1027887_A1.jpg?v=20240723163622
3634,1083100,room_7,fur_0027,사각거울 화장대거울 80cm P0000PTV (착불),92400,https://image.hanssem.com/hsimg/gds/1050/1083/1083100_A1.jpg?v=20250220165431
3635,812878,room_7,fur_0027,내추럴 캔들 6P 세트 2colors,5400,https://image.hanssem.com/hsimg/gds/550/812/812878_A1.jpg?v=20250529110712
3636,1100203,room_7,fur_0027,히키스 플랜트 봄 분갈이 가벼운 라운드 베이직 화분,10500,https://image.hanssem.com/hsimg/gds/1050/1100/1100203_A1.jpg?v=20250728153725
3637,906901,room_7,fur_0027,가구손잡이 황동손잡이 테이블 황동 128mm 1개,13900,https://image.hanssem.com/hsimg/gds/550/906/906901_A1.jpg?v=20240910102814
3638,839956,room_7,fur_0027,솔리드 단색 무광시트지 고급 리폼시트지 다크그레이,2200,https://image.hanssem.com/hsimg/gds/550/839/839956_A1.jpg?v=20240910102706
3639,1089020,room_7,fur_0027,풍수 해바라기액자 유화 현대미술 인테리어그림,174000,https://image.hanssem.com/hsimg/gds/1050/1089/1089020_A1.jpg?v=20250331094334
3640,1014393,room_7,fur_0027,mooas 방수 욕실시계 2WAY 화장실 흡착 탁상 무소음,9500,https://image.hanssem.com/hsimg/gds/1050/1014/1014393_A1.jpg?v=20250725100206
3641,1103489,room_7,fur_0027,[트리빌리지]운동화 신은 귀여운 고양이 2color 소품,52000,https://image.hanssem.com/hsimg/gds/1050/1103/1103489_A1.jpg?v=20250630191407
3642,1119051,room_7,fur_0027,손잡이 체크 프린팅 컵케익 머핀 포장 상자 선물 박스,360,https://image.hanssem.com/hsimg/gds/1050/1119/1119051_A1.jpg?v=20250828100038
3643,788416,room_7,fur_0027,예다움 8폭 풍속도-추사체 병풍 (C0036),235000,https://image.hanssem.com/hsimg/gds/550/788/788416_A1.jpg?v=20250409121404
3644,801035,room_7,fur_0027,항균필름 테이블용 책상용 항바이러스 약점착 필름 교차감염예방,6300,https://image.hanssem.com/hsimg/gds/550/801/801035_A1.jpg?v=20240910102707
3645,1098254,room_7,fur_0027,숨결 슬림 전신거울 높이170cm,219000,https://image.hanssem.com/hsimg/gds/1050/1098/1098254_A1.jpg?v=20250403084909
3646,812171,room_7,fur_0027,주황벽 - slowus 감성 여행 일러스트 인테리어 그림 액자,80000,https://image.hanssem.com/hsimg/gds/550/812/812171_A1.jpg?v=20240723164550
3647,973381,room_7,fur_0027,양키캔들 룸스프레이 미드썸머나잇 43g,9900,https://image.hanssem.com/hsimg/gds/550/973/973381_A1.jpg?v=20240723164526
3648,1100207,room_7,fur_0027,히키스플랜트 봄학교 텃밭가꾸기 가벼운 하우스팜화분,9900,https://image.hanssem.com/hsimg/gds/1050/1100/1100207_A1.jpg?v=20250326134113
3649,469522,room_7,fur_0027,빠찌링 PVC 백색,250,https://image.hanssem.com/hsimg/gds/550/469/469522_A1.jpg?v=20240910102744
3650,785227,room_7,fur_0027,락향 디퓨저리필 디퓨저재료 차량 실내 화장실디퓨저 고급향21종 105ml 아로마디퓨저리필,4980,https://image.hanssem.com/hsimg/gds/550/785/785227_A1.jpg?v=20240723164550
3651,807686,room_7,fur_0027,빈티지 플라워 - 유지언 작가 행복을 전하는 화사한 꽃 사진 인테리어 그림 액자,95000,https://image.hanssem.com/hsimg/gds/550/807/807686_A1.jpg?v=20240723164550
3652,1106169,room_7,fur_0027,소소모소 심플 탁상 거울 (사각 진그레이),6900,https://image.hanssem.com/hsimg/gds/1050/1106/1106169_A1.jpg?v=20250513171209
3653,801359,room_7,fur_0027,이케아 TROMMA 벽시계,6200,https://image.hanssem.com/hsimg/gds/550/801/801359_A1.jpg?v=20240806140046
3654,1117689,room_7,fur_0027,히키스 가족 아기 추억 기념사진 메탈 프레임 포토 테이블 사진액자,7900,https://image.hanssem.com/hsimg/gds/1050/1117/1117689_A1.jpg?v=20250807133042
3655,467900,room_7,fur_0027,타일줄눈 백시멘트1kg(소포장),900,https://image.hanssem.com/hsimg/gds/550/467/467900_A1.jpg?v=20240910102752
3656,1097259,room_7,fur_0027,코코넛섬유로 만든 도어매트 발매트 MK22832,24500,https://image.hanssem.com/hsimg/gds/1050/1097/1097259_A1.jpg?v=20250311135219
3657,1118686,room_7,fur_0027,[트리빌리지] 귀여운 고양이와 강아지 마스코트 젓가락받침 2p 세트,7000,https://image.hanssem.com/hsimg/gds/1050/1118/1118686_A1.jpg?v=20250915131338
3658,1104101,room_7,fur_0027,무아스 타임 루프 디지털 타이머 무소음 구글타이머 뽀모도로,34900,https://image.hanssem.com/hsimg/gds/1050/1104/1104101_A1.jpg?v=20250423151334
3659,1119124,room_7,fur_0027,[트리빌리지] 럭셔리 오트밀 체크 의자발커버 4P세트 발 스크래치 방지,7000,https://image.hanssem.com/hsimg/gds/1050/1119/1119124_A1.jpg?v=20250915131338
3660,770092,room_7,fur_0027,라움데코 패밀리 코끼리 인테리어 소품 7p 세트,93800,https://image.hanssem.com/hsimg/gds/550/770/770092_A1.jpg?v=20240723164550
3661,812978,room_7,fur_0027,거실포인트액자 집꾸미기소품 야자수 A4,16400,https://image.hanssem.com/hsimg/gds/550/812/812978_A1.jpg?v=20240723164550
3662,467266,room_7,fur_0027,포세린모자이크타일 내츄럴콘크리트(H2303),6120,https://image.hanssem.com/hsimg/gds/550/467/467266_A1.jpg?v=20240910102752
3663,930048,room_7,fur_0027,아로망 수납 책상 책꽂이,18900,https://image.hanssem.com/hsimg/gds/550/930/930048_A1.jpg?v=20220413103454
3664,814864,room_7,fur_0027,원홀 거위목 주방 수전 6042,119000,https://image.hanssem.com/hsimg/gds/550/814/814864_A1.jpg?v=20240715112002
3665,842159,room_7,fur_0027,빈티지 주물 실패 (마끈포함) (2type),25700,https://image.hanssem.com/hsimg/gds/550/842/842159_A1.jpg?v=20250529110712
3666,769923,room_7,fur_0027,TWEMCO BQ-368 트웸코 벽시계,390000,https://image.hanssem.com/hsimg/gds/550/769/769923_A1.jpg?v=20250917121530
3667,112019,room_7,fur_0027,창신리빙 유니크 원형펜슬홀더,2000,https://image.hanssem.com/hsimg/gds/550/112/112019_A1.jpg?v=20250915132828
3668,1098504,room_7,fur_0027,크라프트 무지 롤 스티커500매(1세트),2200,https://image.hanssem.com/hsimg/gds/1050/1098/1098504_A1.jpg?v=20250415172926
3669,468674,room_7,fur_0027,필름공구집 필름연장가방,13000,https://image.hanssem.com/hsimg/gds/550/468/468674_A1.jpg?v=20240910102707
3670,1098341,room_7,fur_0027,독특한 베어 곰돌이 트레이1개(택1),38000,https://image.hanssem.com/hsimg/gds/1050/1098/1098341_A1.jpg?v=20250415172928
3671,522970,room_7,fur_0027,마리안느 인테리어 철제 벽장식 500  (집꾸미기 거실액자),115900,https://image.hanssem.com/hsimg/gds/550/522/522970_A1.jpg?v=20240723164613
3672,1120569,room_7,fur_0027,카페 개업선물 추상화 미술작품 유화 인테리어 그림액자,284000,https://image.hanssem.com/hsimg/gds/1050/1120/1120569_A1.jpg?v=20250915131338
3673,974325,room_7,fur_0027,프리미엄 차량용 방향제 사이드킥 컬력션 (택1),24000,https://image.hanssem.com/hsimg/gds/550/974/974325_A1.jpg?v=20240723164526
3674,735366,room_7,fur_0027,무아스 멀티 큐브 시계 타이머,12900,https://image.hanssem.com/hsimg/gds/550/735/735366_A1.jpg?v=20241118161640
3675,771230,room_7,fur_0027,엘레강스 엔틱 액자 아이보리 3X5,14000,https://image.hanssem.com/hsimg/gds/550/771/771230_A1.jpg?v=20240723164550
3676,1104170,room_7,fur_0027,바라 스마트톡,15000,https://image.hanssem.com/hsimg/gds/1050/1104/1104170_A1.jpg?v=20250926135856
3677,1091356,room_7,fur_0027,패셔니스타 필수템 셀카예쁜 전신거울 (안전배송) 50cm P0000PUZ (착불),153300,https://image.hanssem.com/hsimg/gds/1050/1091/1091356_A1.jpg?v=20250304144711
3678,1098825,room_7,fur_0027,이케아 IVOSJON 단문형 거울 수납장/벽걸이장,45900,https://image.hanssem.com/hsimg/gds/1050/1098/1098825_A1.jpg?v=20250915143054
3679,812176,room_7,fur_0027,가을이 오네요 - slowus 작가 여행 감성 일러스트 인테리어 그림 액자,75000,https://image.hanssem.com/hsimg/gds/550/812/812176_A1.jpg?v=20240723164550
3680,996345,room_7,fur_0027,베란다 세탁기 바닥 인테리어 조립마루 데크타일 20개,29900,https://image.hanssem.com/hsimg/gds/1050/996/996345_A1.jpg?v=20250227174412
3681,1104185,room_7,fur_0027,[트리빌리지] 아기자기한 다알리아 도어벨 3color,26000,https://image.hanssem.com/hsimg/gds/1050/1104/1104185_A1.jpg?v=20250630191407
3682,967772,room_7,fur_0027,시우아트 고양이 무소음 벽시계 (칼리코)/건전지포함,24800,https://image.hanssem.com/hsimg/gds/550/967/967772_A1.jpg?v=20241219173248
3683,770087,room_7,fur_0027,라움데코 페츠 코끼리 인테리어 소품 2p 세트,127800,https://image.hanssem.com/hsimg/gds/550/770/770087_A1.jpg?v=20240723164550
3684,954630,room_7,fur_0027,유리 핑크 돼지 가족,17100,https://image.hanssem.com/hsimg/gds/550/954/954630_A1.jpg?v=20250529110712
3685,1098336,room_7,fur_0027,명화 장식소품 마그넷 1개(디자인 택1),11700,https://image.hanssem.com/hsimg/gds/1050/1098/1098336_A1.jpg?v=20250415172928
3686,438583,room_7,fur_0027,(어프리) 스티키리프 단풍 (M) 점착메모,1730,https://image.hanssem.com/hsimg/gds/550/438/438583_A1.jpg?v=20250620104719
3687,1107148,room_7,fur_0027,[트리빌리지]내추럴 우드 테이블 오픈 클로즈 사인보드,10000,https://image.hanssem.com/hsimg/gds/1050/1107/1107148_A1.jpg?v=20250630191406
3688,969718,room_7,fur_0027,플라이토 큐브 디지털 타이머 알람 시계,7900,https://image.hanssem.com/hsimg/gds/550/969/969718_A1.jpg?v=20240723164526
3689,1104183,room_7,fur_0027,[트리빌리지]예쁜 쉐비로즈 도어벨 3color,42000,https://image.hanssem.com/hsimg/gds/1050/1104/1104183_A1.jpg?v=20250630191407
3690,974002,room_7,fur_0027,국산 플라이토 실리콘 사원증 신분증 명찰 케이스(줄미포함),2300,https://image.hanssem.com/hsimg/gds/550/974/974002_A1.jpg?v=20240723164526
3691,469521,room_7,fur_0027,자석캐치-실버(고급형)1개 원터치빠찌링,1700,https://image.hanssem.com/hsimg/gds/550/469/469521_A1.jpg?v=20240910102744
3692,467051,room_7,fur_0027,가구손잡이 그랜드스퀘어 128mm(1개),4980,https://image.hanssem.com/hsimg/gds/550/467/467051_A1.jpg?v=20240910102825
3693,1054077,room_7,fur_0027,무아스 투명 와이드 접이식 프리미엄 360도 회전 높이조절 독서대,34900,https://image.hanssem.com/hsimg/gds/1050/1054/1054077_A1.jpg?v=20250821104041
3694,1097271,room_7,fur_0027,벽선반 액세서리 선반 MK37258,30100,https://image.hanssem.com/hsimg/gds/1050/1097/1097271_A1.jpg?v=20250311135155
3695,979518,room_7,fur_0027,보티브캔들 모음전 (택1),1500,https://image.hanssem.com/hsimg/gds/550/979/979518_A1.jpg?v=20240723164517
3696,1107422,room_7,fur_0027,플래지어 레이든 드 패리스 오브제 미러보드,369000,https://image.hanssem.com/hsimg/gds/1050/1107/1107422_A1.jpg?v=20250602094604
3697,788415,room_7,fur_0027,예다움 8폭 풍속도-반야심경 병풍 (C0037),235000,https://image.hanssem.com/hsimg/gds/550/788/788415_A1.jpg?v=20250409121312
3698,972961,room_7,fur_0027,리플렉스 모던 넘버 무소음벽시계,32000,https://image.hanssem.com/hsimg/gds/550/972/972961_A1.jpg?v=20240723164526
3699,785336,room_7,fur_0027,냉장고 자석 선인장 마그넷 6개 세트 (2type),2700,https://image.hanssem.com/hsimg/gds/550/785/785336_A1.jpg?v=20250529110235
3700,843830,room_7,fur_0027,리템LnC 하이브 데스크오거나이저 CGN PB WH,9750,https://image.hanssem.com/hsimg/gds/550/843/843830_A1.jpg?v=20230331153515
3701,977042,room_7,fur_0027,무타공 부착식 도어스토퍼 말발굽,18900,https://image.hanssem.com/hsimg/gds/550/977/977042_A1.jpg?v=20240910102813
3702,925701,room_7,fur_0027,플리츠 홀로그램 화병 (3size),14700,https://image.hanssem.com/hsimg/gds/550/925/925701_A1.jpg?v=20250629172626
3703,841078,room_7,fur_0027,모나미 붓펜 드로잉 12개,8650,https://image.hanssem.com/hsimg/gds/550/841/841078_A1.jpg?v=20240723164541
3704,1098331,room_7,fur_0027,미니 야자수 모형 3종세트,8600,https://image.hanssem.com/hsimg/gds/1050/1098/1098331_A1.jpg?v=20250415172929
3705,770084,room_7,fur_0027,라움데코 시마키 코끼리 인테리어 소품 2P 세트-대,131800,https://image.hanssem.com/hsimg/gds/550/770/770084_A1.jpg?v=20240723164550
3706,1101777,room_7,fur_0027,무아스 아날로그 집중 타이머 무소음 구글타이머 뽀모도로,29900,https://image.hanssem.com/hsimg/gds/1050/1101/1101777_A1.jpg?v=20250408142524
3707,989205,room_7,fur_0027,나사못 목재피스 접시머리 앙카피스 나사 60mm 270개,9000,https://image.hanssem.com/hsimg/gds/550/989/989205_A1.jpg?v=20240910102813
3708,969364,room_7,fur_0027,플라이토 문폴 우드 인테리어 LED 탁상시계,24900,https://image.hanssem.com/hsimg/gds/550/969/969364_A1.jpg?v=20250417172345
3709,409260,room_7,fur_0027,큐데스크 메탈 모니터받침대,22000,https://image.hanssem.com/hsimg/gds/550/409/409260_A1.jpg?v=20241224191441
3710,523862,room_7,fur_0027,[루미아] 웨인 인테리어 모던 스틸 벽시계 (무소음 벽걸이시계/결혼선물/집들이선물),36900,https://image.hanssem.com/hsimg/gds/550/523/523862_A1.jpg?v=20240723164612
3711,1097199,room_7,fur_0027,벽선반 수납선반 MK23899,41300,https://image.hanssem.com/hsimg/gds/1050/1097/1097199_A1.jpg?v=20250715092615
3712,947757,room_7,fur_0027,이솔홈 라벤더 꽃 조화,2200,https://image.hanssem.com/hsimg/gds/550/947/947757_A1.jpg?v=20240723164533
3713,1097536,room_7,fur_0027,테이블다리 철제다리 (한개가격) MK13884,28000,https://image.hanssem.com/hsimg/gds/1050/1097/1097536_A1.jpg?v=20250609150215
3714,768794,room_7,fur_0027,아로마 인테리어디퓨저 네스네이처 기획센트5 고급향기5종 특별한가격 130ml+130ml 차량용 실내용 화장실디퓨저,9700,https://image.hanssem.com/hsimg/gds/550/768/768794_A1.jpg?v=20240723164550
3715,1053380,room_7,fur_0027,스탠드 벽걸이 전신거울 40X150 P0000NNR,55300,https://image.hanssem.com/hsimg/gds/1050/1053/1053380_A1.jpg?v=20250404095616
3716,806564,room_7,fur_0027,블랑 미니서랍장 3단 4단 4size,16900,https://image.hanssem.com/hsimg/gds/550/806/806564_A1.jpg?v=20250217091052
3717,1097269,room_7,fur_0027,어린이텐트 아지트 놀이텐트 MK9595,35700,https://image.hanssem.com/hsimg/gds/1050/1097/1097269_A1.jpg?v=20250311135159
3718,1119047,room_7,fur_0027,소소모소 디퓨저 리필 750ml 4종,13900,https://image.hanssem.com/hsimg/gds/1050/1119/1119047_A1.jpg?v=20250827101210
3719,812173,room_7,fur_0027,영주에서 고기잡이 - slowus 감성 여행 일러스트 인테리어 그림 액자,80000,https://image.hanssem.com/hsimg/gds/550/812/812173_A1.jpg?v=20240723164550
3720,840009,room_7,fur_0027,못없이 붙이는 초강력 접착 실리콘 양면테이프 3m,2500,https://image.hanssem.com/hsimg/gds/550/840/840009_A1.jpg?v=20240930111519
3721,1098502,room_7,fur_0027,옐로우 스마일 롤스티커 포장 스티커500매(1세트),2500,https://image.hanssem.com/hsimg/gds/1050/1098/1098502_A1.jpg?v=20250415172926
3722,177508,room_7,fur_0027,Reflex무소음벽시계(소)ND171-GR,34000,https://image.hanssem.com/hsimg/gds/550/177/177508_A1.jpg?v=20240723161650
3723,812183,room_7,fur_0027,파란하늘 나무그림자 - slowus 작가 여행 감성 일러스트 인테리어 그림 액자,75000,https://image.hanssem.com/hsimg/gds/550/812/812183_A1.jpg?v=20240723164550
3724,803832,room_7,fur_0027,장미 러넌큘러스 조화 3colors,7900,https://image.hanssem.com/hsimg/gds/550/803/803832_A1.jpg?v=20250922082312
3725,1064894,room_7,fur_0027,매장 개업선물 현대미술 꽃그림 유화 인테리어액자,184000,https://image.hanssem.com/hsimg/gds/1050/1064/1064894_A1.jpg?v=20241014145458
3726,814855,room_7,fur_0027,레드 원홀 거위목 주방 수전 6046,125000,https://image.hanssem.com/hsimg/gds/550/814/814855_A1.jpg?v=20240628014852
3727,771226,room_7,fur_0027,클래식 레이디 엔틱액자(아이보리) 5X7,40000,https://image.hanssem.com/hsimg/gds/550/771/771226_A1.jpg?v=20240723164550
3728,571195,room_7,fur_0027,데일리데코 해솔 입체 도금 액자 800x600,118300,https://image.hanssem.com/hsimg/gds/550/571/571195_A1.jpg?v=20240723164606
3729,999528,room_7,fur_0027,논슬립 인조가죽 마우스 패드 데스크 매트 대 1개,11900,https://image.hanssem.com/hsimg/gds/550/999/999528_A1.jpg?v=20250718144403
3730,812170,room_7,fur_0027,부다페스트 커플 - slowus 감성 여행 일러스트 인테리어 그림 액자,80000,https://image.hanssem.com/hsimg/gds/550/812/812170_A1.jpg?v=20240723164550
3731,771241,room_7,fur_0027,웨이버 엔틱사진액자(사각형) 소 4X6,25000,https://image.hanssem.com/hsimg/gds/550/771/771241_A1.jpg?v=20240723164550
3732,125324,room_7,fur_0027,다빈치 트윈벨 알람탁상시계,21800,https://image.hanssem.com/hsimg/gds/550/125/125324_A1.jpg?v=20240723164627
3733,1097260,room_7,fur_0027,설치편한 무타공 도어스토퍼 현관발굽 MK19103,21000,https://image.hanssem.com/hsimg/gds/1050/1097/1097260_A1.jpg?v=20250311135216
3734,1119072,room_7,fur_0027,저스트포유 레터링 공단 리본 포장 끈 1cm 45야드,1840,https://image.hanssem.com/hsimg/gds/1050/1119/1119072_A1.jpg?v=20250828100038
3735,1063363,room_7,fur_0027,직사각 귀여운 일러스트 디저트 케이크 선물 포장 봉인 데코 실링 스티커 50P,1680,https://image.hanssem.com/hsimg/gds/1050/1063/1063363_A1.jpg?v=20240723162849
3736,1098263,room_7,fur_0027,숨결 벽걸이형 사각거울3,59900,https://image.hanssem.com/hsimg/gds/1050/1098/1098263_A1.jpg?v=20250403084909
3737,771229,room_7,fur_0027,엘레강스 엔틱 액자 아이보리 5X7,25000,https://image.hanssem.com/hsimg/gds/550/771/771229_A1.jpg?v=20240723164550
3738,604622,room_7,fur_0027,아리아라 가죽 각도 조절 책상용 자석바 대형 패드,16800,https://image.hanssem.com/hsimg/gds/550/604/604622_A1.jpg?v=20240831183105
3739,1099832,room_7,fur_0027,[트리빌리지]귀여운 플레르 미니 리스 겸 캔들링 3color 장식,20000,https://image.hanssem.com/hsimg/gds/1050/1099/1099832_A1.jpg?v=20250415094239
3740,840384,room_7,fur_0027,대형 3분할 슬림액자 액자세트 몬스테라 잎,153900,https://image.hanssem.com/hsimg/gds/550/840/840384_A1.jpg?v=20240723164541
3741,783158,room_7,fur_0027,까메오 저그 화병,19300,https://image.hanssem.com/hsimg/gds/550/783/783158_A1.jpg?v=20250924195518
3742,1008937,room_7,fur_0027,풍수에 좋은 인테리어 자작나무 그림액자,194000,https://image.hanssem.com/hsimg/gds/550/1008/1008937_A1.jpg?v=20241011141052
3743,813083,room_7,fur_0027,리템LnC UP 데스크 오거나이저 DG 271787,6500,https://image.hanssem.com/hsimg/gds/550/813/813083_A1.jpg?v=20220819163101
3744,1109174,room_7,fur_0027,소소모소 플뢰르 시멘트 화분 - 중,3900,https://image.hanssem.com/hsimg/gds/1050/1109/1109174_A1.jpg?v=20250602150334
3745,181981,room_7,fur_0027,시스맥스 컴펙트 클립보드 46109,2280,https://image.hanssem.com/hsimg/gds/550/181/181981_A1.jpg?v=20221011153923
3746,1104289,room_7,fur_0027,달항아리 그림액자 포스터 MOON JAR MJ05,11000,https://image.hanssem.com/hsimg/gds/1050/1104/1104289_A1.jpg?v=20250725160910
3747,156630,room_7,fur_0027,(리뉴얼) 원목 멀티탭 케이블 정리함 3colors,11900,https://image.hanssem.com/hsimg/gds/550/156/156630_A1.jpg?v=20230621103449
3748,1097257,room_7,fur_0027,스틸 우편함 우체통 포스트박스 인테리어소품 MK23695,39900,https://image.hanssem.com/hsimg/gds/1050/1097/1097257_A1.jpg?v=20250311135224
3749,771237,room_7,fur_0027,보이드 엔틱 사각액자(중) 4X6,21000,https://image.hanssem.com/hsimg/gds/550/771/771237_A1.jpg?v=20240723164550
3750,820430,room_7,fur_0027,데일리데코 셀리나 로얄 부엉이 양면 벽시계,144900,https://image.hanssem.com/hsimg/gds/550/820/820430_A1.jpg?v=20240723164541
3751,771186,room_7,fur_0027,웨이버 엔틱사진액자(타원형) 미니 2X3,14000,https://image.hanssem.com/hsimg/gds/550/771/771186_A1.jpg?v=20240723164550
3752,1098264,room_7,fur_0027,숨결 벽걸이형 전신거울4,79900,https://image.hanssem.com/hsimg/gds/1050/1098/1098264_A1.jpg?v=20250403084909
3753,1008862,room_7,fur_0027,풍경화 바다 그림 인테리어 캔버스 액자,234000,https://image.hanssem.com/hsimg/gds/550/1008/1008862_A1.jpg?v=20241011144106
3754,1066198,room_7,fur_0027,남원 제사용 촛대 양초꽂이 초받침대,29900,https://image.hanssem.com/hsimg/gds/1050/1066/1066198_A1.jpg?v=20240723162849
3755,1107194,room_7,fur_0027,에이모노 12x12 액자 8x8사진창 매트보드,25000,https://image.hanssem.com/hsimg/gds/1050/1107/1107194_A1.jpg?v=20250725160910
3756,589468,room_7,fur_0027,"동아 티키톡,빼꼼연필5본 HB",1100,https://image.hanssem.com/hsimg/gds/550/589/589468_A1.jpg?v=20240723164606
3757,989503,room_7,fur_0027,활용도 만점 초강력 투명 양면테이프 부처패드 300P,4900,https://image.hanssem.com/hsimg/gds/550/989/989503_A1.jpg?v=20250807100758
3758,1098330,room_7,fur_0027,무타공 두꺼비집 가리개 1개(디자인 택1),46800,https://image.hanssem.com/hsimg/gds/1050/1098/1098330_A1.jpg?v=20250415172929
3759,1119846,room_7,fur_0027,책상정리 육각형 3단 높낮이 데스크 연필꽂이 오거나이저,4800,https://image.hanssem.com/hsimg/gds/1050/1119/1119846_A1.jpg?v=20250912095458
3760,1098328,room_7,fur_0027,현관 풍경종 자석 도어벨 1개(색상 택1),28100,https://image.hanssem.com/hsimg/gds/1050/1098/1098328_A1.jpg?v=20250415172929
3761,820429,room_7,fur_0027,라움데코 호노리스 부엉이 엔틱 벽시계,67900,https://image.hanssem.com/hsimg/gds/550/820/820429_A1.jpg?v=20240723164541
3762,102531,room_7,fur_0027,티라이트50폴리백2.5시간연소 BONCandle,3700,https://image.hanssem.com/hsimg/gds/550/102/102531_A1.jpg?v=20250910104142
3763,469491,room_7,fur_0027,스텐경첩 가구경첩 미니경첩 힌지 5종,300,https://image.hanssem.com/hsimg/gds/550/469/469491_A1.jpg?v=20240910102744
3764,1097270,room_7,fur_0027,어린이텐트 아지트 놀이텐트 MK27879,53200,https://image.hanssem.com/hsimg/gds/1050/1097/1097270_A1.jpg?v=20250311135156
3765,595428,room_7,fur_0027,리템LnC 마이룸 책꽂이 4단 42121,13000,https://image.hanssem.com/hsimg/gds/550/595/595428_A1.jpg?v=20230828094620
3766,1098261,room_7,fur_0027,숨결 벽걸이형 사각거울2,89900,https://image.hanssem.com/hsimg/gds/1050/1098/1098261_A1.jpg?v=20250403084909
3767,1045821,room_7,fur_0027,선물포장 Pieta 원목 현관 문종 도어벨 선물세트 행운,39500,https://image.hanssem.com/hsimg/gds/1050/1045/1045821_A1.jpg?v=20240723162850
3768,1075395,room_7,fur_0027,이케아 SAVSTA 메모 칠판,5500,https://image.hanssem.com/hsimg/gds/1050/1075/1075395_A1.jpg?v=20250829163139
3769,1002635,room_7,fur_0027,럭비넘버 클래식 크롬 무소음벽시계,39000,https://image.hanssem.com/hsimg/gds/550/1002/1002635_A1.jpg?v=20240723163950
3770,771246,room_7,fur_0027,플라워 골드 3칸 엔틱 사진액자,68000,https://image.hanssem.com/hsimg/gds/550/771/771246_A1.jpg?v=20240723164550
3771,969424,room_7,fur_0027,국산 루나리스 GPS 수신 LED 벽시계 36cm 비앙코,129000,https://image.hanssem.com/hsimg/gds/550/969/969424_A1.jpg?v=20240723164526
3772,1118685,room_7,fur_0027,[트리빌리지] 내추럴 우드 나뭇잎 젓가락 받침,3000,https://image.hanssem.com/hsimg/gds/1050/1118/1118685_A1.jpg?v=20250915131338
3773,677433,room_7,fur_0027,바이올라 도자기 저그 화병(2type),19300,https://image.hanssem.com/hsimg/gds/550/677/677433_A1.jpg?v=20250529110235
3774,1097258,room_7,fur_0027,고양이모양 쿠션 쇼파쿠션 인테리어쿠션 MK24630,16800,https://image.hanssem.com/hsimg/gds/1050/1097/1097258_A1.jpg?v=20250311135222
3775,181998,room_7,fur_0027,리템LnC 케이블 O 미니 68011,5400,https://image.hanssem.com/hsimg/gds/550/181/181998_A1.jpg?v=20220620131343
3776,1097203,room_7,fur_0027,미니식탁보 겸용 행주 (4장) 면100% MK29296,11200,https://image.hanssem.com/hsimg/gds/1050/1097/1097203_A1.jpg?v=20250311135421
3777,468655,room_7,fur_0027,도배공구 50번 에폭시칼받이 3 5,5900,https://image.hanssem.com/hsimg/gds/550/468/468655_A1.jpg?v=20240910102707
3778,272034,room_7,fur_0027,스퀘어 스틸 알람 탁상시계,16800,https://image.hanssem.com/hsimg/gds/550/272/272034_A1.jpg?v=20240723164627
3779,181954,room_7,fur_0027,시스맥스 NEO 아이박스 중형 2단 56018,11050,https://image.hanssem.com/hsimg/gds/550/181/181954_A1.jpg?v=20220624131831
3780,526377,room_7,fur_0027,[루미아] 아리아 인테리어 타원거울 (화장대거울/인테리어거울),52900,https://image.hanssem.com/hsimg/gds/550/526/526377_A1.jpg?v=20240723164612
3781,1076356,room_7,fur_0027,리플리컬러 실버 무소음벽시계 그린,46000,https://image.hanssem.com/hsimg/gds/1050/1076/1076356_A1.jpg?v=20240925150208
3782,1104169,room_7,fur_0027,에이미 스마트톡,15000,https://image.hanssem.com/hsimg/gds/1050/1104/1104169_A1.jpg?v=20250926140002
3783,813089,room_7,fur_0027,화이트부엉이 장식(캔들홀더) 3size,9500,https://image.hanssem.com/hsimg/gds/550/813/813089_A1.jpg?v=20250529110712
3784,788412,room_7,fur_0027,예다움 8폭 추사글씨-산수화 병풍 (C0040),245000,https://image.hanssem.com/hsimg/gds/550/788/788412_A1.jpg?v=20250409120659
3785,1014366,room_7,fur_0027,[특가~9/29]mooas 무소음 LED탁상시계 온도 습도 팝미러클락 빅 3colors,13610,https://image.hanssem.com/hsimg/gds/550/1014/1014366_A1.jpg?v=20241118152736
3786,181884,room_7,fur_0027,리템LnC 마이룸 포르타 68020 택1,7150,https://image.hanssem.com/hsimg/gds/550/181/181884_A1.jpg?v=20220620131219
3787,607111,room_7,fur_0027,시우아트 레아무소음벽시계/건전지포함,8800,https://image.hanssem.com/hsimg/gds/550/607/607111_A1.jpg?v=20241219175013
3788,840380,room_7,fur_0027,대형 3분할 슬림액자 액자세트 월드맵 빈티지,153900,https://image.hanssem.com/hsimg/gds/550/840/840380_A1.jpg?v=20240723164541
3789,1097262,room_7,fur_0027,원목 트레이 쟁반 MK26541,16800,https://image.hanssem.com/hsimg/gds/1050/1097/1097262_A1.jpg?v=20250311135213
3790,1083088,room_7,fur_0027,받침대달린 사각거울 화장대거울 60cm P0000QDP (착불),53900,https://image.hanssem.com/hsimg/gds/1050/1083/1083088_A1.jpg?v=20250220165442
3791,1097266,room_7,fur_0027,침대캐노피 아이방꾸미기 MK12923,25900,https://image.hanssem.com/hsimg/gds/1050/1097/1097266_A1.jpg?v=20250311135205
3792,1097263,room_7,fur_0027,이동이편한 파티션 가림막 MK28116,149800,https://image.hanssem.com/hsimg/gds/1050/1097/1097263_A1.jpg?v=20250812120219
3793,995207,room_7,fur_0027,LOVE 당근 토끼 4P세트,28300,https://image.hanssem.com/hsimg/gds/550/995/995207_A1.jpg?v=20250529110809
3794,180041,room_7,fur_0027,시우아트 욕실방수시계(3color)/건전지포함/거치대포함,9800,https://image.hanssem.com/hsimg/gds/550/180/180041_A1.jpg?v=20240925122210
3795,771181,room_7,fur_0027,하트천사 엔틱액자 아이보리,19000,https://image.hanssem.com/hsimg/gds/550/771/771181_A1.jpg?v=20240723164550
3796,771233,room_7,fur_0027,보이드 엔틱 원형액자(소) 3X5,17000,https://image.hanssem.com/hsimg/gds/550/771/771233_A1.jpg?v=20240723164550
3797,1120445,room_7,fur_0027,높이 220cm 물로 붙이는 무점착 유리 창문시트지 사생활보호 암막 시트지,11900,https://image.hanssem.com/hsimg/gds/1050/1120/1120445_A1.jpg?v=20250909112557
3798,877074,room_7,fur_0027,가쯔 논슬립 가죽 마우스패드 겸 데스크매트 M 2개,14900,https://image.hanssem.com/hsimg/gds/550/877/877074_A1.jpg?v=20250620094924
3799,771188,room_7,fur_0027,골드브라운 미니액자(타원),16000,https://image.hanssem.com/hsimg/gds/550/771/771188_A1.jpg?v=20240723164550
3800,812180,room_7,fur_0027,테네리페 4 - slowus 작가 여행 감성 일러스트 인테리어 그림 액자,75000,https://image.hanssem.com/hsimg/gds/550/812/812180_A1.jpg?v=20240723164550
3801,820448,room_7,fur_0027,데일리데코 두디 금거북이 커플 인테리어 소품,61900,https://image.hanssem.com/hsimg/gds/550/820/820448_A1.jpg?v=20240723164541
3802,467268,room_7,fur_0027,포세린모자이크타일 내츄럴베이지(H2301),6120,https://image.hanssem.com/hsimg/gds/550/467/467268_A1.jpg?v=20240910102752
3803,1118540,room_7,fur_0027,히키스 디지털 타이머 VITA 뽀모도로 집중 무소음 필통속 수험생 쿠킹,3800,https://image.hanssem.com/hsimg/gds/1050/1118/1118540_A1.jpg?v=20250827174756
3804,1098333,room_7,fur_0027,결혼 집들이선물 부엉이커플 1세트,85800,https://image.hanssem.com/hsimg/gds/1050/1098/1098333_A1.jpg?v=20250415172929
3805,771201,room_7,fur_0027,아기천사 미니액자(타원),16000,https://image.hanssem.com/hsimg/gds/550/771/771201_A1.jpg?v=20240723164550
3806,771190,room_7,fur_0027,골드엔틱 미니액자 타원,16000,https://image.hanssem.com/hsimg/gds/550/771/771190_A1.jpg?v=20240723164550
3807,1120584,room_7,fur_0027,복도인테리어 프리미엄 금색 추상화 원화 현관액자,284000,https://image.hanssem.com/hsimg/gds/1050/1120/1120584_A1.jpg?v=20250915131337
3808,1027889,room_7,fur_0027,무아스 무소음 벽시계 플랫우드 빅,15900,https://image.hanssem.com/hsimg/gds/550/1027/1027889_A1.jpg?v=20240723163622
3809,1120574,room_7,fur_0027,카페 개업선물 시원한파도 그림 풍경화 벽인테리어 캔버스액자,314000,https://image.hanssem.com/hsimg/gds/1050/1120/1120574_A1.jpg?v=20250915131337
3810,466453,room_7,fur_0027,단색시트지 무광화이트 백색1701(장폭),1500,https://image.hanssem.com/hsimg/gds/550/466/466453_A1.jpg?v=20240910102707
3811,903526,room_7,fur_0027,가구손잡이 황동손잡이 파인 황동 1홀 1개,4000,https://image.hanssem.com/hsimg/gds/550/903/903526_A1.jpg?v=20240910102814
3812,1104168,room_7,fur_0027,러브 이즈 아트웍,350000,https://image.hanssem.com/hsimg/gds/1050/1104/1104168_A1.jpg?v=20250424114316
3813,945708,room_7,fur_0027,미니 다육 코르크 화분 냉장고 자석 (16type),2000,https://image.hanssem.com/hsimg/gds/550/945/945708_A1.jpg?v=20250826181442
3814,1103250,room_7,fur_0027,감성 집들이 선물 유화 인테리어액자 꽃그림,184000,https://image.hanssem.com/hsimg/gds/1050/1103/1103250_A1.jpg?v=20250415094238
3815,977484,room_7,fur_0027,모나코올리브 감성 벨크로 케이블 타이 5M,6900,https://image.hanssem.com/hsimg/gds/550/977/977484_A1.jpg?v=20230927112129
3816,820433,room_7,fur_0027,데일리데코 셀리나 엔틱 부엉이 벽시계,75900,https://image.hanssem.com/hsimg/gds/550/820/820433_A1.jpg?v=20240723164541
3817,868066,room_7,fur_0027,윈스타 녹색 데스크 매트 A1 책상 고무판 패드 깔판,10630,https://image.hanssem.com/hsimg/gds/550/868/868066_A1.jpg?v=20250620105046
3818,787772,room_7,fur_0027,달링260 실내용 차량용 프리미엄디퓨저 130ml+130ml 고급향22종 화장실 가게 영업집디퓨저,16800,https://image.hanssem.com/hsimg/gds/550/787/787772_A1.jpg?v=20240723164550
3819,1103252,room_7,fur_0027,봄 감성 벚꽃 인테리어 액자 거실 분위기 전환 그림,284000,https://image.hanssem.com/hsimg/gds/1050/1103/1103252_A1.jpg?v=20250415094236
3820,469818,room_7,fur_0027,원목다보 8mm*30mm 목다보 목심,8100,https://image.hanssem.com/hsimg/gds/550/469/469818_A1.jpg?v=20240910102744
3821,820435,room_7,fur_0027,데일리데코 금전운 풍수인테리어 액자 450x350,40000,https://image.hanssem.com/hsimg/gds/550/820/820435_A1.jpg?v=20240723164541
3822,1098503,room_7,fur_0027,스마일 롤 스티커 포장 원형스티커500매(1세트),2500,https://image.hanssem.com/hsimg/gds/1050/1098/1098503_A1.jpg?v=20250415172926
3823,840389,room_7,fur_0027,대형 3분할 슬림액자 액자세트 월드맵 카툰버전1,153900,https://image.hanssem.com/hsimg/gds/550/840/840389_A1.jpg?v=20240723164541
3824,1120579,room_7,fur_0027,이사선물 푸른 한옥집 풍경화 현대미술 원화 인테리어그림,224000,https://image.hanssem.com/hsimg/gds/1050/1120/1120579_A1.jpg?v=20250915131337
3825,807688,room_7,fur_0027,Blue - 김유라 작가 감성 여행 일러스트 인테리어 그림 액자,75000,https://image.hanssem.com/hsimg/gds/550/807/807688_A1.jpg?v=20240723164550
3826,181864,room_7,fur_0027,리템LnC 마이룸 SnS A4 67080,5200,https://image.hanssem.com/hsimg/gds/550/181/181864_A1.jpg?v=20220620131029
3827,1119054,room_7,fur_0027,화이트 도트 공단 리본 포장 끈 폭 10mm 25야드,2800,https://image.hanssem.com/hsimg/gds/1050/1119/1119054_A1.jpg?v=20250828100038
3828,771482,room_7,fur_0027,로망스 엔틱 보석함,13000,https://image.hanssem.com/hsimg/gds/550/771/771482_A1.jpg?v=20240723164550
3829,924421,room_7,fur_0027,요리제빵 스터디 볼륨조절 간편조작 다이얼 LED타이머,10800,https://image.hanssem.com/hsimg/gds/550/924/924421_A1.jpg?v=20240723164534
3830,1100469,room_7,fur_0027,이케아 SANDBI 스칸디나비아 자연 컨셉의 모빌,15200,https://image.hanssem.com/hsimg/gds/1050/1100/1100469_A1.jpg?v=20250515172036
3831,1087973,room_7,fur_0027,스탠드형 전신거울 40cm P0000PTZ (착불),112700,https://image.hanssem.com/hsimg/gds/1050/1087/1087973_A1.jpg?v=20250304144712
3832,1120583,room_7,fur_0027,이사선물 임팩토 추상화 밝은 인테리어그림 벽장식,294000,https://image.hanssem.com/hsimg/gds/1050/1120/1120583_A1.jpg?v=20250915131337
3833,1120576,room_7,fur_0027,감성적 추상화액자 신혼부부선물 매력적인 인테리어그림,214000,https://image.hanssem.com/hsimg/gds/1050/1120/1120576_A1.jpg?v=20250915131337
3834,703956,room_7,fur_0027,스텐 다용도 집게 20p set,5500,https://image.hanssem.com/hsimg/gds/550/703/703956_A1.jpg?v=20250529110235
3835,1119056,room_7,fur_0027,양면 밀크 매트 컬러 리본 포장 끈 폭 10mm 18야드,3040,https://image.hanssem.com/hsimg/gds/1050/1119/1119056_A1.jpg?v=20250828100038
3836,771232,room_7,fur_0027,엘레강스 엔틱 액자 아이보리 5X7,25000,https://image.hanssem.com/hsimg/gds/550/771/771232_A1.jpg?v=20240723164550
3837,1073674,room_7,fur_0027,퍼블릭아트 트래블 사각 세계지도 시계,125900,https://image.hanssem.com/hsimg/gds/1050/1073/1073674_A1.jpg?v=20241017192331
3838,1084550,room_7,fur_0027,핀란디아 리프 2단 발받침대 (일반형),24900,https://image.hanssem.com/hsimg/gds/1050/1084/1084550_A1.jpg?v=20241226105817
3839,973443,room_7,fur_0027,차량용 방향제 얼티메이트 모음전,6500,https://image.hanssem.com/hsimg/gds/550/973/973443_A1.jpg?v=20240813092036
3840,1099831,room_7,fur_0027,[트리빌리지]예쁜 빈티지 포레스트 조화 화분 대 4color,52000,https://image.hanssem.com/hsimg/gds/1050/1099/1099831_A1.jpg?v=20250415094239
3841,1098265,room_7,fur_0027,숨결 스타일링 셀카 전신거울(안전배송)1,79900,https://image.hanssem.com/hsimg/gds/1050/1098/1098265_A1.jpg?v=20250403084909
3842,787777,room_7,fur_0027,락향 디퓨저리필 디퓨저재료 고급향기21종 대용량디퓨저 105ml+105ml+105ml+발향스틱15개,15800,https://image.hanssem.com/hsimg/gds/550/787/787777_A1.jpg?v=20240723164550
3843,1098262,room_7,fur_0027,숨결 벽걸이형 전신거울3,69900,https://image.hanssem.com/hsimg/gds/1050/1098/1098262_A1.jpg?v=20250403084909
3844,1119126,room_7,fur_0027,[트리빌리지] 데님 청지원단 의자 발커버 4P 세트,6000,https://image.hanssem.com/hsimg/gds/1050/1119/1119126_A1.jpg?v=20250915131338
3845,1100208,room_7,fur_0027,히키스플랜트 화분 봄분갈이 가벼운 원형 화분받침 소,3500,https://image.hanssem.com/hsimg/gds/1050/1100/1100208_A1.jpg?v=20250326134113
3846,467195,room_7,fur_0027,가구손잡이 돌체 96mm(1개),2740,https://image.hanssem.com/hsimg/gds/550/467/467195_A1.jpg?v=20240910102825
3847,970678,room_7,fur_0027,홀로그램 2단 화병,19600,https://image.hanssem.com/hsimg/gds/550/970/970678_A1.jpg?v=20250619213126
3848,820418,room_7,fur_0027,데일리데코 무소음 메오 엔틱 부엉이 추 벽시계,84900,https://image.hanssem.com/hsimg/gds/550/820/820418_A1.jpg?v=20240723164541
3849,1097202,room_7,fur_0027,의자에 묶는 방석 (4개) MK20365-4,39200,https://image.hanssem.com/hsimg/gds/1050/1097/1097202_A1.jpg?v=20250311135424
3850,768304,room_7,fur_0027,자작나무 내추럴 오리지널 무소음 벽시계,36000,https://image.hanssem.com/hsimg/gds/550/768/768304_A1.jpg?v=20240723164550
3851,583138,room_7,fur_0027,무아스 Best 탁상시계 플립,38900,https://image.hanssem.com/hsimg/gds/550/583/583138_A1.jpg?v=20240723161650
3852,771183,room_7,fur_0027,크라운 트윈 엔틱액자(아이보리),23000,https://image.hanssem.com/hsimg/gds/550/771/771183_A1.jpg?v=20240723164550
3853,969351,room_7,fur_0027,플라이토 뉴모던 우드 인테리어 LED 탁상시계,39000,https://image.hanssem.com/hsimg/gds/550/969/969351_A1.jpg?v=20250908140325
3854,807684,room_7,fur_0027,숲속좁은길 - 유지언 작가 행복을 전하는 화사한 인테리어 그림 액자,85000,https://image.hanssem.com/hsimg/gds/550/807/807684_A1.jpg?v=20240723164550
3855,1019373,room_7,fur_0027,차량용방향제 (프래그런스 스피어스 + 얼티메이트 ) 총2개,16000,https://image.hanssem.com/hsimg/gds/550/1019/1019373_A1.jpg?v=20250416151911
3856,771195,room_7,fur_0027,빈티지 골드 액자 4X6,27000,https://image.hanssem.com/hsimg/gds/550/771/771195_A1.jpg?v=20240723164550
3857,181953,room_7,fur_0027,시스맥스 NEO 아이박스 중형 1단 56017,6500,https://image.hanssem.com/hsimg/gds/550/181/181953_A1.jpg?v=20220624131827
3858,1097208,room_7,fur_0027,자석달린 방석 (4개) 철제의자용 MK26344-4,63700,https://image.hanssem.com/hsimg/gds/1050/1097/1097208_A1.jpg?v=20250311135409
3859,386077,room_7,fur_0027,Y라인 양면거울,11860,https://image.hanssem.com/hsimg/gds/550/386/386077_A1.jpg?v=20250310134055
3860,812178,room_7,fur_0027,자주가던 카페에서 - slowus 작가 여행 감성 일러스트 인테리어 그림 액자,75000,https://image.hanssem.com/hsimg/gds/550/812/812178_A1.jpg?v=20240723164550
3861,706337,room_7,fur_0027,[무료배송]인디언 에스닉 장식 드림캐쳐 3type,5600,https://image.hanssem.com/hsimg/gds/550/706/706337_A1.jpg?v=20250529110235
3862,1112367,room_7,fur_0027,플로랑 실속형 디퓨저 향기뿜뿜 200ml 2개입 선물세트,12000,https://image.hanssem.com/hsimg/gds/1050/1112/1112367_A1.jpg?v=20250807135258
3863,771517,room_7,fur_0027,프로방스 원벨 저소음 알람탁상시계(아이보리),26000,https://image.hanssem.com/hsimg/gds/550/771/771517_A1.jpg?v=20240723164550
3864,1120585,room_7,fur_0027,새집인테리어 멋진 대형 고급스러운 추상화그림 인테리어액자,284000,https://image.hanssem.com/hsimg/gds/1050/1120/1120585_A1.jpg?v=20250915131337
3865,906900,room_7,fur_0027,가구손잡이 황동손잡이 테이블 황동 96mm 1개,11600,https://image.hanssem.com/hsimg/gds/550/906/906900_A1.jpg?v=20240910102814
3866,806558,room_7,fur_0027,실버 반사필름 사생활보호 시선차단 열반사 시트지,2800,https://image.hanssem.com/hsimg/gds/550/806/806558_A1.jpg?v=20240910102707
3867,467899,room_7,fur_0027,타일 파벽돌 시공재료세트(4kg)-바닥용,11200,https://image.hanssem.com/hsimg/gds/550/467/467899_A1.jpg?v=20240910102752
3868,812181,room_7,fur_0027,테네리페 8 - slowus 작가 여행 감성 일러스트 인테리어 그림 액자,75000,https://image.hanssem.com/hsimg/gds/550/812/812181_A1.jpg?v=20240723164550
3869,771244,room_7,fur_0027,웨이버 엔틱사진액자(타원형) 대 5X7,30000,https://image.hanssem.com/hsimg/gds/550/771/771244_A1.jpg?v=20240723164550
3870,820417,room_7,fur_0027,데일리데코 무소음 메오 로얄 부엉이 추 벽시계,94900,https://image.hanssem.com/hsimg/gds/550/820/820417_A1.jpg?v=20240723164541
3871,468678,room_7,fur_0027,도배공구 연장가방 칸막이공구집 기술자용,17000,https://image.hanssem.com/hsimg/gds/550/468/468678_A1.jpg?v=20240910102707
3872,467058,room_7,fur_0027,가구손잡이 무도색 원목손잡이 라운드-128mm(1개),1660,https://image.hanssem.com/hsimg/gds/550/467/467058_A1.jpg?v=20240910102825
3873,770093,room_7,fur_0027,라움데코 칙칙폭폭 코끼리 인테리어 소품 3p 세트,65800,https://image.hanssem.com/hsimg/gds/550/770/770093_A1.jpg?v=20240723164550
3874,1080069,room_7,fur_0027,무아스 풀문 오로라 무드등 LED 벽시계 거실 벽걸이시계 인테리어,84900,https://image.hanssem.com/hsimg/gds/1050/1080/1080069_A1.jpg?v=20241106154115
3875,71662,room_7,fur_0027,비비드 후라이팬 벽시계,16800,https://image.hanssem.com/hsimg/gds/550/71/71662_A1.jpg?v=20240910133721
3876,595427,room_7,fur_0027,리템LnC 마이룸 책꽂이 4단 42121 CG,13000,https://image.hanssem.com/hsimg/gds/550/595/595427_A1.jpg?v=20230828094924
3877,1060049,room_7,fur_0027,행운 귀여운선물 카피바라 & 별고양이 키링 인형 키링 가방고리 생일 친구 마니또 선물 합격 부적,9900,https://image.hanssem.com/hsimg/gds/1050/1060/1060049_A1.jpg?v=20250114075010
3878,94372,room_7,fur_0027,창신리빙 엘레강스 시스템1호,2200,https://image.hanssem.com/hsimg/gds/550/94/94372_A1.jpg?v=20240708113743
3879,767588,room_7,fur_0027,메피토스 양면 벽시계,28900,https://image.hanssem.com/hsimg/gds/550/767/767588_A1.jpg?v=20240910140500
3880,773963,room_7,fur_0027,시우아트 무소음욕실방수시계 16종/건전지포함,9800,https://image.hanssem.com/hsimg/gds/550/773/773963_A1.jpg?v=20240925122506
3881,807689,room_7,fur_0027,Night Moon - 김유라 작가 감성 여행 일러스트 인테리어 그림 액자,75000,https://image.hanssem.com/hsimg/gds/550/807/807689_A1.jpg?v=20240723164550
3882,181942,room_7,fur_0027,시스맥스 시스템 KEY 서류함 7단 1207K,37700,https://image.hanssem.com/hsimg/gds/550/181/181942_A1.jpg?v=20220624132032
3883,596008,room_7,fur_0027,아트박스 노트패드 A5 라인 03007114,1620,https://image.hanssem.com/hsimg/gds/550/596/596008_A1.jpg?v=20240723164606
3884,985677,room_7,fur_0027,무아스 15W 미니 스퀘어 거치형 무선충전 탁상시계,28900,https://image.hanssem.com/hsimg/gds/550/985/985677_A1.jpg?v=20250703143352
3885,840382,room_7,fur_0027,대형 3분할 슬림액자 액자세트 다크그레이 세계지도,153900,https://image.hanssem.com/hsimg/gds/550/840/840382_A1.jpg?v=20240723164541
3886,840381,room_7,fur_0027,대형 3분할 슬림액자 액자세트 블루 세계지도,153900,https://image.hanssem.com/hsimg/gds/550/840/840381_A1.jpg?v=20240723164541
3887,1087977,room_7,fur_0027,스탠드형 전신거울 60cm P0000PTK (착불),124600,https://image.hanssem.com/hsimg/gds/1050/1087/1087977_A1.jpg?v=20250304144712
3888,1119058,room_7,fur_0027,실키 밀크 컬러 리본 포장 끈 폭 25mm 20야드,2480,https://image.hanssem.com/hsimg/gds/1050/1119/1119058_A1.jpg?v=20250828100038
3889,467889,room_7,fur_0027,타일 파벽돌 시공재료세트(1kg)7종-벽면용,8000,https://image.hanssem.com/hsimg/gds/550/467/467889_A1.jpg?v=20240910102752
3890,812177,room_7,fur_0027,몬트리올 - slowus 작가 여행 감성 일러스트 인테리어 그림 액자,75000,https://image.hanssem.com/hsimg/gds/550/812/812177_A1.jpg?v=20240723164550
3891,771236,room_7,fur_0027,보이드 엔틱 사각액자(소) 3X5,17000,https://image.hanssem.com/hsimg/gds/550/771/771236_A1.jpg?v=20240723164550
3892,1098255,room_7,fur_0027,숨결 스탠드형 전신거울 드레스룸거울1,109000,https://image.hanssem.com/hsimg/gds/1050/1098/1098255_A1.jpg?v=20250403084909
3893,532474,room_7,fur_0027,덜튼 메탈 클립보드 M,10800,https://image.hanssem.com/hsimg/gds/550/532/532474_A1.jpg?v=20240723164612
3894,804609,room_7,fur_0027,스티커형 접착식 항균필름 교차감염예방 항균 코팅지 강점착,5200,https://image.hanssem.com/hsimg/gds/550/804/804609_A1.jpg?v=20240910102707
3895,1099830,room_7,fur_0027,[트리빌리지]싱그러운 라벤더 링 리스 2color 장식,43000,https://image.hanssem.com/hsimg/gds/1050/1099/1099830_A1.jpg?v=20250415094239
3896,1066763,room_7,fur_0027,[리빙선물9900] 포시즌 디퓨저 200ml 정원향,23810,https://image.hanssem.com/hsimg/gds/550/1066/1066763_A1.jpg?v=20250609151921
3897,1097201,room_7,fur_0027,의자에 묶는 방석 (2개) MK20365-2,21700,https://image.hanssem.com/hsimg/gds/1050/1097/1097201_A1.jpg?v=20250311135424
3898,1008082,room_7,fur_0027,[특가~9/29]무아스 Best 풀문 백라이트 무드등 LED 벽시계,77900,https://image.hanssem.com/hsimg/gds/1050/1008/1008082_A1.jpg?v=20241230092635
3899,468686,room_7,fur_0027,화신컷터칼 색상랜덤발송,1000,https://image.hanssem.com/hsimg/gds/550/468/468686_A1.jpg?v=20240910102707
3900,812184,room_7,fur_0027,하늘에 풍선 - slowus 작가 여행 감성 일러스트 인테리어 그림 액자,75000,https://image.hanssem.com/hsimg/gds/550/812/812184_A1.jpg?v=20240723164550
3901,1017400,room_7,fur_0027,원터치 인테리어 이쑤시개 꽂이 홀더,9900,https://image.hanssem.com/hsimg/gds/550/1017/1017400_A1.jpg?v=20240423172811
3902,1120621,room_7,fur_0027,[트리빌리지] 유니크 스티치 해지 자수 실내화 2color,16000,https://image.hanssem.com/hsimg/gds/1050/1120/1120621_A1.jpg?v=20250915131337
3903,1073436,room_7,fur_0027,달항아리 규조토 디퓨저 세트,25900,https://image.hanssem.com/hsimg/gds/1050/1073/1073436_A1.jpg?v=20250103155041
3904,769644,room_7,fur_0027,감각적인 친환경 원목 무소음 벽시계,55000,https://image.hanssem.com/hsimg/gds/550/769/769644_A1.jpg?v=20240723164550
3905,1017825,room_7,fur_0027,mooas 욕실시계 루프 방수 화장실 흡착판포함 주방,10900,https://image.hanssem.com/hsimg/gds/550/1017/1017825_A1.jpg?v=20241118153102
3906,696714,room_7,fur_0027,아카시아 원목 조립마루(30x30/10개입) 2종 택 1,23900,https://image.hanssem.com/hsimg/gds/550/696/696714_A1.jpg?v=20240723164606
3907,1098260,room_7,fur_0027,숨결 벽걸이형 전신거울2,89900,https://image.hanssem.com/hsimg/gds/1050/1098/1098260_A1.jpg?v=20250403084909
3908,805825,room_7,fur_0027,미니멀 해바라기 - 체리시 작가 풍수 인테리어 돈들어오는 그림 액자,75000,https://image.hanssem.com/hsimg/gds/550/805/805825_A1.jpg?v=20240723164550
3909,1087428,room_7,fur_0027,무아스 3D 입체 폰트 무소음 벽시계 거실 벽걸이시계 인테리어,18900,https://image.hanssem.com/hsimg/gds/1050/1087/1087428_A1.jpg?v=20250911112900
3910,182003,room_7,fur_0027,시스맥스 N 투명 클립보드 46108,2540,https://image.hanssem.com/hsimg/gds/550/182/182003_A1.jpg?v=20220624131812
3911,1098259,room_7,fur_0027,숨결 벽걸이형 사각거울1,89900,https://image.hanssem.com/hsimg/gds/1050/1098/1098259_A1.jpg?v=20250403084909
3912,842136,room_7,fur_0027,블루 나뭇잎 부엉이 촛대 캔들홀더 (2type),10800,https://image.hanssem.com/hsimg/gds/550/842/842136_A1.jpg?v=20250529110712
3913,770094,room_7,fur_0027,라움데코 사니 코끼리 인테리어 소품 2p 세트,35800,https://image.hanssem.com/hsimg/gds/550/770/770094_A1.jpg?v=20240723164550
3914,640821,room_7,fur_0027,프렌치 그린넝쿨 가지 조화,5400,https://image.hanssem.com/hsimg/gds/550/640/640821_A1.jpg?v=20250529110235
3915,466426,room_7,fur_0027,단색시트지 유광녹색 2044(장폭),1500,https://image.hanssem.com/hsimg/gds/550/466/466426_A1.jpg?v=20240910102707
3916,1064545,room_7,fur_0027,포시즌 디퓨저 200ml 소나무향/정원향,19900,https://image.hanssem.com/hsimg/gds/1050/1064/1064545_A1.jpg?v=20241213132936
3917,1119052,room_7,fur_0027,쉬폰 레인보우 도트 리본 포장 끈 폭 25mm 25야드,2320,https://image.hanssem.com/hsimg/gds/1050/1119/1119052_A1.jpg?v=20250828100038
3918,729371,room_7,fur_0027,북유럽 타일스티커 16장SET 셀프리폼 포인트 토마르,10900,https://image.hanssem.com/hsimg/gds/550/729/729371_A1.jpg?v=20240723164558
3919,1107370,room_7,fur_0027,소소모소 라운드 노엣지 탁상거울,15900,https://image.hanssem.com/hsimg/gds/1050/1107/1107370_A1.jpg?v=20250526190641
3920,1103251,room_7,fur_0027,고급스러운 집 인테리어그림 골드포인트 액자,284000,https://image.hanssem.com/hsimg/gds/1050/1103/1103251_A1.jpg?v=20250415094238
3921,812182,room_7,fur_0027,테네리페 풍경 2 - slowus 작가 여행 감성 일러스트 인테리어 그림 액자,75000,https://image.hanssem.com/hsimg/gds/550/812/812182_A1.jpg?v=20240723164550
3922,181949,room_7,fur_0027,시스맥스 NEO 소형 아이박스 4단 56009,14300,https://image.hanssem.com/hsimg/gds/550/181/181949_A1.jpg?v=20220624131823
3923,1044664,room_7,fur_0027,벽걸이형 전신거울 P0000NOB (착불),62300,https://image.hanssem.com/hsimg/gds/1050/1044/1044664_A1.jpg?v=20250220232021
3924,1120581,room_7,fur_0027,모던 레인 모티브 독특한 현대미술 벽인테리어 캔버스액자,204000,https://image.hanssem.com/hsimg/gds/1050/1120/1120581_A1.jpg?v=20250915131337
3925,358454,room_7,fur_0027,시우아트 그레이무소음벽시계/건전지포함,15800,https://image.hanssem.com/hsimg/gds/550/358/358454_A1.jpg?v=20241219175628
3926,771187,room_7,fur_0027,골드브라운 미니액자(사각),16000,https://image.hanssem.com/hsimg/gds/550/771/771187_A1.jpg?v=20240723164550
3927,1098337,room_7,fur_0027,풍수인테리어 파란부엉이 1세트,94800,https://image.hanssem.com/hsimg/gds/1050/1098/1098337_A1.jpg?v=20250415172928
3928,1064114,room_7,fur_0027,귀여운선물 별샴냥 카피바라 키링 인형 생일 행운,7900,https://image.hanssem.com/hsimg/gds/1050/1064/1064114_A1.jpg?v=20250114075355
3929,391893,room_7,fur_0027,시우아트 베이직욕실방수시계(6color)/건전지포함/거치대포함,9800,https://image.hanssem.com/hsimg/gds/550/391/391893_A1.jpg?v=20240925122020
3930,1098506,room_7,fur_0027,러블리 땡큐 롤스티커 500매(1세트),2200,https://image.hanssem.com/hsimg/gds/1050/1098/1098506_A1.jpg?v=20250415172926
3931,978799,room_7,fur_0027,(1+1) 리드디퓨저 35ml (택2),20500,https://image.hanssem.com/hsimg/gds/550/978/978799_A1.jpg?v=20240723164526
3932,1117692,room_7,fur_0027,히키스 가족 아기 추억 메탈 프레임 포토 테이블 접이식 웨딩 사진액자4x6,15800,https://image.hanssem.com/hsimg/gds/1050/1117/1117692_A1.jpg?v=20250807133027
3933,1120620,room_7,fur_0027,[트리빌리지] 모던 레이스 장식 버튼 핀턱 미끄럼방지 실내화,16000,https://image.hanssem.com/hsimg/gds/1050/1120/1120620_A1.jpg?v=20250915131337
3934,181863,room_7,fur_0027,시스맥스 마이룸 PP꽂이 33101,5600,https://image.hanssem.com/hsimg/gds/550/181/181863_A1.jpg?v=20250924142843
3935,1100205,room_7,fur_0027,히키스플랜트 중형화분 봄 분갈이 가벼운 아르보화분,9900,https://image.hanssem.com/hsimg/gds/1050/1100/1100205_A1.jpg?v=20250909164227
3936,1120570,room_7,fur_0027,집들이선물 미니멀 벽인테리어 추상화 미술작품 원화 캔버스액자,214000,https://image.hanssem.com/hsimg/gds/1050/1120/1120570_A1.jpg?v=20250915131338
3937,820416,room_7,fur_0027,데일리데코 투투나 부엉이 추 벽시계,43900,https://image.hanssem.com/hsimg/gds/550/820/820416_A1.jpg?v=20240723164541
3938,1119125,room_7,fur_0027,[트리빌리지] 린넨레이스 의자발커버 4P세트,7000,https://image.hanssem.com/hsimg/gds/1050/1119/1119125_A1.jpg?v=20250915131338
3939,1119847,room_7,fur_0027,벽걸이 패브릭 소품 다용도 현관 거실 수납함 인테리어 8칸 포켓,8900,https://image.hanssem.com/hsimg/gds/1050/1119/1119847_A1.jpg?v=20250912095457
3940,1107147,room_7,fur_0027,[트리빌리지]레터링 포인트 초콜렛 우드 티슈케이스,19000,https://image.hanssem.com/hsimg/gds/1050/1107/1107147_A1.jpg?v=20250630191406
3941,1100206,room_7,fur_0027,히키스플랜트 중형화분 봄 분갈이 가벼운 클래스화분,12000,https://image.hanssem.com/hsimg/gds/1050/1100/1100206_A1.jpg?v=20250728153642
3942,807693,room_7,fur_0027,저녁노을 - 김유라 작가 감성 여행 일러스트 인테리어 그림 액자,75000,https://image.hanssem.com/hsimg/gds/550/807/807693_A1.jpg?v=20240723164550
3943,880050,room_7,fur_0027,히든 슬라이딩 수납정리함 서랍형 S 2개,5500,https://image.hanssem.com/hsimg/gds/1050/880/880050_A1.jpg?v=20250224145827
3944,182001,room_7,fur_0027,시스맥스 클리어 캐비넷 4단 13004 BL,18850,https://image.hanssem.com/hsimg/gds/550/182/182001_A1.jpg?v=20220624132147
3945,820420,room_7,fur_0027,데일리데코 썬플라워 철제 프레임 벽시계,91900,https://image.hanssem.com/hsimg/gds/550/820/820420_A1.jpg?v=20240723164541
3946,672334,room_7,fur_0027,리템LnC 포르타 미니,3120,https://image.hanssem.com/hsimg/gds/550/672/672334_A1.jpg?v=20220819163806
3947,805826,room_7,fur_0027,칼의 여행 - 유지언 작가 행복을 전하는 화사한 인테리어 그림 액자,85000,https://image.hanssem.com/hsimg/gds/550/805/805826_A1.jpg?v=20240723164550
3948,807692,room_7,fur_0027,여기서 이대로 - 김유라 작가 감성 여행 일러스트 인테리어 그림 액자,75000,https://image.hanssem.com/hsimg/gds/550/807/807692_A1.jpg?v=20240723164550
3949,771228,room_7,fur_0027,엘레강스 엔틱 액자 골드 4X6,22000,https://image.hanssem.com/hsimg/gds/550/771/771228_A1.jpg?v=20240723164550
3950,1100080,room_7,fur_0027,에이플럼 아이콘 안경거치대 홀더,16900,https://image.hanssem.com/hsimg/gds/1050/1100/1100080_A1.jpg?v=20250321130627
3951,467019,room_7,fur_0027,가구손잡이 스퀘어 128mm(1개),5890,https://image.hanssem.com/hsimg/gds/550/467/467019_A1.jpg?v=20240910102825
3952,568854,room_7,fur_0027,무아스 Best 무소음 벽시계 플랫우드 스탠다드,12420,https://image.hanssem.com/hsimg/gds/550/568/568854_A1.jpg?v=20241021101405
3953,787771,room_7,fur_0027,달링130 실내 차량용 아로마디퓨저 130ml 고급향22종 유칼립장식 실내인테리어소품,8580,https://image.hanssem.com/hsimg/gds/550/787/787771_A1.jpg?v=20240723164550
3954,1100082,room_7,fur_0027,플라이토 입체 골드림 인테리어 액자 2size,129000,https://image.hanssem.com/hsimg/gds/1050/1100/1100082_A1.jpg?v=20250321130624
3955,1027748,room_7,fur_0027,화장대거울 거울수납장 거울장 콘솔거울 P0000INH (착불),130200,https://image.hanssem.com/hsimg/gds/550/1027/1027748_A1.jpg?v=20250715093209
3956,1107149,room_7,fur_0027,모던 추상화 사무실 매장 흑백 원화 인테리어그림,294000,https://image.hanssem.com/hsimg/gds/1050/1107/1107149_A1.jpg?v=20250630191406
3957,985016,room_7,fur_0027,데스크 사선 펜꽂이 (2size),2000,https://image.hanssem.com/hsimg/gds/550/985/985016_A1.jpg?v=20250529110809
3958,1074114,room_7,fur_0027,퍼블릭아트 디레나 로맨틱 엔틱 추 벽시계,45900,https://image.hanssem.com/hsimg/gds/1050/1074/1074114_A1.jpg?v=20241017192045
3959,175234,room_7,fur_0027,앤틱 포토테이블 7P세트,69900,https://image.hanssem.com/hsimg/gds/550/175/175234_A1.jpg?v=20240723164627
3960,1073738,room_7,fur_0027,몬스데코 네토토 300 자작나무 벽시계,34900,https://image.hanssem.com/hsimg/gds/1050/1073/1073738_A1.jpg?v=20241017192305
3961,788411,room_7,fur_0027,예다움 8폭 팔상도-옥비단반야심경 병풍 (C0041),295000,https://image.hanssem.com/hsimg/gds/550/788/788411_A1.jpg?v=20250409121121
3962,812169,room_7,fur_0027,운동가는 길 - slowus 감성 여행 일러스트 인테리어 그림 액자,80000,https://image.hanssem.com/hsimg/gds/550/812/812169_A1.jpg?v=20240723164550
3963,568837,room_7,fur_0027,스파이더락 흡착식 도어스토퍼 문 말발굽,11900,https://image.hanssem.com/hsimg/gds/550/568/568837_A1.jpg?v=20240910102743
3964,841468,room_7,fur_0027,루나랩 키즈 LED 스탠드,29000,https://image.hanssem.com/hsimg/gds/550/841/841468_A1.jpg?v=20240723164541
3965,843831,room_7,fur_0027,리템LnC 하이브 데스크오거나이저 PB,9750,https://image.hanssem.com/hsimg/gds/550/843/843831_A1.jpg?v=20230331153515
3966,1063626,room_7,fur_0027,홈 오피스 매장 스마트BIG LCD 온습도 알람시계 HeaL,12000,https://image.hanssem.com/hsimg/gds/1050/1063/1063626_A1.jpg?v=20250110091746
3967,179937,room_7,fur_0027,시우아트 러블리욕실방수시계(3color)/건전지포함/거치대포함,9800,https://image.hanssem.com/hsimg/gds/550/179/179937_A1.jpg?v=20240925122044
3968,1118541,room_7,fur_0027,히키스 100분 디지털 뽀모도로 몰입학습 쿠킹 자석 타이머 Timing,3500,https://image.hanssem.com/hsimg/gds/1050/1118/1118541_A1.jpg?v=20250827174756
3969,1100210,room_7,fur_0027,히키스플랜트 중형화분 봄 분갈이 가벼운 라운드화분,13000,https://image.hanssem.com/hsimg/gds/1050/1100/1100210_A1.jpg?v=20250728153617
3970,771245,room_7,fur_0027,플라워 민트 3칸 엔틱 사진액자,68000,https://image.hanssem.com/hsimg/gds/550/771/771245_A1.jpg?v=20240723164550
3971,1098339,room_7,fur_0027,인테리어 라탄 화분바스켓(사각형S) 1개,23200,https://image.hanssem.com/hsimg/gds/1050/1098/1098339_A1.jpg?v=20250415172928
3972,771231,room_7,fur_0027,엘레강스 엔틱 액자 아이보리 4X6,22000,https://image.hanssem.com/hsimg/gds/550/771/771231_A1.jpg?v=20240723164550
3973,1120582,room_7,fur_0027,매장인테리어 뉴트럴 아트 추상화 현대미술 원화 인테리어액자,294000,https://image.hanssem.com/hsimg/gds/1050/1120/1120582_A1.jpg?v=20250915131337
3974,1098808,room_7,fur_0027,이케아 HAVREHOJ 태블릿 패드 거치대/태블릿악세서리,19800,https://image.hanssem.com/hsimg/gds/1050/1098/1098808_A1.jpg?v=20250402112848
3975,777485,room_7,fur_0027,윈도우 솔라필름 창문시트지 자외선차단 유리 썬팅지,2000,https://image.hanssem.com/hsimg/gds/550/777/777485_A1.jpg?v=20240723164550
3976,1098501,room_7,fur_0027,텀블러 와인포장 리본 쇼핑백 1개,3600,https://image.hanssem.com/hsimg/gds/1050/1098/1098501_A1.jpg?v=20250415172926
3977,1014341,room_7,fur_0027,mooas LED알람시계 미러클락,9900,https://image.hanssem.com/hsimg/gds/550/1014/1014341_A1.jpg?v=20250102151652
3978,840386,room_7,fur_0027,대형 3분할 슬림액자 액자세트 블랙 골드 대리석,153900,https://image.hanssem.com/hsimg/gds/550/840/840386_A1.jpg?v=20240723164541
3979,165275,room_7,fur_0027,New 감성 로봇 알람 시계,22900,https://image.hanssem.com/hsimg/gds/550/165/165275_A1.jpg?v=20240723164627
3980,1017912,room_7,fur_0027,노르딕 다용도 충격방지 안전패드 4P세트,6900,https://image.hanssem.com/hsimg/gds/550/1017/1017912_A1.jpg?v=20240910102706
3981,1031999,room_7,fur_0027,루나랩 데스크 오거나이저 L 책상 정리함 수납 거치대 타공보드,33000,https://image.hanssem.com/hsimg/gds/550/1031/1031999_A1.jpg?v=20250820160207
3982,871050,room_7,fur_0027,하우스플랜 세라믹 안전 커터칼,5900,https://image.hanssem.com/hsimg/gds/550/871/871050_A1.jpg?v=20240816145543
3983,468697,room_7,fur_0027,도배공구 32번 전문가용 도배칼 대나무,20800,https://image.hanssem.com/hsimg/gds/1050/468/468697_A1.jpg?v=20241118171203
3984,1052047,room_7,fur_0027,무아스 플랫우드 포레스트 벽시계 무소음 인테리어 시계,29900,https://image.hanssem.com/hsimg/gds/1050/1052/1052047_A1.jpg?v=20250114103924
3985,692956,room_7,fur_0027,버니쉬 집게링 20p set(9size),4000,https://image.hanssem.com/hsimg/gds/550/692/692956_A1.jpg?v=20250529110235
3986,770086,room_7,fur_0027,라움데코 포에 코끼리 인테리어 소품 2p 세트,127800,https://image.hanssem.com/hsimg/gds/550/770/770086_A1.jpg?v=20240723164550
3987,526050,room_7,fur_0027,시우아트 엔틱로만온습도벽시계/건전지포함,28800,https://image.hanssem.com/hsimg/gds/550/526/526050_A1.jpg?v=20241219175156
3988,977657,room_7,fur_0027,MF 조립전용 망치,3100,https://image.hanssem.com/hsimg/gds/550/977/977657_A1.jpg?v=20250813143046
3989,1103369,room_7,fur_0027,무아스 카운트링 디지털 타이머 무소음 구글타이머 뽀모도로,29900,https://image.hanssem.com/hsimg/gds/1050/1103/1103369_A1.jpg?v=20250417130941
3990,771197,room_7,fur_0027,큐빅 엔틱 사진액자(왕관) 대,39000,https://image.hanssem.com/hsimg/gds/550/771/771197_A1.jpg?v=20240723164550
3991,987266,room_7,fur_0027,파스텔 아코디언 파일정리함 (6type),9400,https://image.hanssem.com/hsimg/gds/550/987/987266_A1.jpg?v=20250529110809
3992,820421,room_7,fur_0027,데일리데코 비르바 엔틱 부엉이 추 벽시계,94900,https://image.hanssem.com/hsimg/gds/550/820/820421_A1.jpg?v=20240723164541
3993,1120586,room_7,fur_0027,신혼집 인테리어액자 화이트숲 풍경화 예쁜 캔버스그림,304000,https://image.hanssem.com/hsimg/gds/1050/1120/1120586_A1.jpg?v=20250915131337
3994,999527,room_7,fur_0027,논슬립 인조가죽 마우스 패드 데스크 매트 중 1개,9900,https://image.hanssem.com/hsimg/gds/550/999/999527_A1.jpg?v=20250512160625
3995,468651,room_7,fur_0027,도배공구 55번 에폭시칼받이 8 10,9000,https://image.hanssem.com/hsimg/gds/550/468/468651_A1.jpg?v=20240910102707
3996,181971,room_7,fur_0027,리템LnC 유니 데스크 오거나이져 42107,6500,https://image.hanssem.com/hsimg/gds/550/181/181971_A1.jpg?v=20220620131242
3997,737509,room_7,fur_0027,무아스 Best LED 벽시계 퓨어 화이트/오렌지,16900,https://image.hanssem.com/hsimg/gds/550/737/737509_A1.jpg?v=20241118153426
3998,1098340,room_7,fur_0027,빈티지 골드 대형 철제원형 바구니 1개,30000,https://image.hanssem.com/hsimg/gds/1050/1098/1098340_A1.jpg?v=20250415172928
3999,787785,room_7,fur_0027,락향 디퓨저재료 디퓨저리필 프리미엄고급향21종 105ml+고급발향스틱5개 차량 실내 화장실 디퓨저재료,6800,https://image.hanssem.com/hsimg/gds/550/787/787785_A1.jpg?v=20240723164550
4000,1097210,room_7,fur_0027,자석달린 방석 (1개) 철제의자용 MK26344,19600,https://image.hanssem.com/hsimg/gds/1050/1097/1097210_A1.jpg?v=20250311135406
4001,609655,room_7,fur_0027,홀로그램시트지 HP-59(길이50cm),2800,https://image.hanssem.com/hsimg/gds/550/609/609655_A1.jpg?v=20240910102707
4002,1103488,room_7,fur_0027,[트리빌리지] 귀여운 프로포즈 토끼 미니어처 장식,46000,https://image.hanssem.com/hsimg/gds/1050/1103/1103488_A1.jpg?v=20250630191407
4003,1098338,room_7,fur_0027,행운 장식 부엉이가족 1세트,69700,https://image.hanssem.com/hsimg/gds/1050/1098/1098338_A1.jpg?v=20250415172928
4004,806559,room_7,fur_0027,골드반사필름 시선차단 자외선차단 금반사 사생활보호,2800,https://image.hanssem.com/hsimg/gds/550/806/806559_A1.jpg?v=20240910102707
4005,181986,room_7,fur_0027,시스맥스 케이블 래핑 72131,4550,https://image.hanssem.com/hsimg/gds/550/181/181986_A1.jpg?v=20221011155522
4006,841973,room_7,fur_0027,보성 컬러링키트 색연필12색+사인펜12색,4200,https://image.hanssem.com/hsimg/gds/550/841/841973_A1.jpg?v=20240723164541
4007,1049388,room_7,fur_0027,제거할때 흔적없이 완전차단 방풍 테이프,5900,https://image.hanssem.com/hsimg/gds/1050/1049/1049388_A1.jpg?v=20240801152159
4008,187273,room_7,fur_0027,[라움데코] 크로커 450 양면 벽시계,81000,https://image.hanssem.com/hsimg/gds/550/187/187273_A1.jpg?v=20240910140611
4009,771234,room_7,fur_0027,보이드 엔틱 원형액자(중) 4X6,21000,https://image.hanssem.com/hsimg/gds/550/771/771234_A1.jpg?v=20240723164550
4010,1099346,room_7,fur_0027,무아스 미니 오토매틱 멀티 플립시계 탁상시계,79900,https://image.hanssem.com/hsimg/gds/1050/1099/1099346_A1.jpg?v=20250917093909
4011,438531,room_7,fur_0027,(어프리) 리프마그넷 동백꽃 / 메모 냉장고 자석 보드,2900,https://image.hanssem.com/hsimg/gds/550/438/438531_A1.jpg?v=20250620104912
4012,973469,room_7,fur_0027,(1+1) 양키캔들 HI 라지자 538g 모음전,33900,https://image.hanssem.com/hsimg/gds/550/973/973469_A1.jpg?v=20250416162257
4013,787775,room_7,fur_0027,달링390 실내용 차량용디퓨저 프리미엄향22종 130ml+130ml+130ml 대용량 차량 화장실 가정 가게인테리어소품,24800,https://image.hanssem.com/hsimg/gds/550/787/787775_A1.jpg?v=20240723164550
4014,1073531,room_7,fur_0027,퍼블릭아트 루쏘 사각 양면 벽시계,99900,https://image.hanssem.com/hsimg/gds/1050/1073/1073531_A1.jpg?v=20241017192508
4015,1118684,room_7,fur_0027,[트리빌리지] 귀여운 블루 돌고래 세라믹 젓가락받침,3000,https://image.hanssem.com/hsimg/gds/1050/1118/1118684_A1.jpg?v=20250915131338
4016,812172,room_7,fur_0027,장보러 가는 길 - slowus 감성 여행 일러스트 인테리어 그림 액자,80000,https://image.hanssem.com/hsimg/gds/550/812/812172_A1.jpg?v=20240723164550
4017,820434,room_7,fur_0027,데일리데코 루마니아노 스탠드 시계,149900,https://image.hanssem.com/hsimg/gds/550/820/820434_A1.jpg?v=20240723164541
4018,1099082,room_7,fur_0027,[트리빌리지]뉴 아르딘 도자기 라면기 5color,16000,https://image.hanssem.com/hsimg/gds/1050/1099/1099082_A1.jpg?v=20250415094239
4019,820431,room_7,fur_0027,데일리데코 셀리나 엔틱 부엉이 양면 벽시계,136900,https://image.hanssem.com/hsimg/gds/550/820/820431_A1.jpg?v=20240723164541
4020,769928,room_7,fur_0027,TWEMCO BQ-15 트웸코 벽시계,280000,https://image.hanssem.com/hsimg/gds/550/769/769928_A1.jpg?v=20250926115011
4021,820425,room_7,fur_0027,라움데코 호노스 부엉이 양면 벽시계,118900,https://image.hanssem.com/hsimg/gds/550/820/820425_A1.jpg?v=20240723164541
4022,468680,room_7,fur_0027,도배공구 고급군용벨트 연장가방착용벨트,5000,https://image.hanssem.com/hsimg/gds/550/468/468680_A1.jpg?v=20240910102707
4023,319779,room_7,fur_0027,무아스 Best LED 벽시계 미니 화이트,15900,https://image.hanssem.com/hsimg/gds/550/319/319779_A1.jpg?v=20240723161650
4024,1028373,room_7,fur_0027,스칸디나비아 무소음 아크릴벽시계 옐로우,48000,https://image.hanssem.com/hsimg/gds/550/1028/1028373_A1.jpg?v=20240723163622
4025,820422,room_7,fur_0027,데일리데코 테메 로얄 부엉이 추 벽시계,75900,https://image.hanssem.com/hsimg/gds/550/820/820422_A1.jpg?v=20240723164541
4026,807690,room_7,fur_0027,Night Riding - 김유라 작가 감성 여행 일러스트 인테리어 그림 액자,75000,https://image.hanssem.com/hsimg/gds/550/807/807690_A1.jpg?v=20240723164550
4027,1069754,room_7,fur_0027,이케아 AFTONSPARV 컬러링 페이퍼롤/색칠놀이,10600,https://image.hanssem.com/hsimg/gds/1050/1069/1069754_A1.jpg?v=20240806110740
4028,769926,room_7,fur_0027,데일리스윗 챕터14 고급향기20종 130ml+130ml+130ml 차량용 실내용 아로마디퓨저,17500,https://image.hanssem.com/hsimg/gds/550/769/769926_A1.jpg?v=20240723164550
4029,804630,room_7,fur_0027,AI 스마트멀티탭 16A,52000,https://image.hanssem.com/hsimg/gds/550/804/804630_A1.jpg?v=20250922135001
4030,1097264,room_7,fur_0027,와이어 벽시계 집들이선물 MK30046,33600,https://image.hanssem.com/hsimg/gds/1050/1097/1097264_A1.jpg?v=20250715092554
4031,768793,room_7,fur_0027,프리미엄디퓨저 디알씨 기획 고급향기7종 특별한가격 130ml 실내용 차량용 화장실디퓨저,5980,https://image.hanssem.com/hsimg/gds/550/768/768793_A1.jpg?v=20240723164550
4032,181973,room_7,fur_0027,시스맥스 점보꽂이 32101,2470,https://image.hanssem.com/hsimg/gds/550/181/181973_A1.jpg?v=20220624105900
4033,973128,room_7,fur_0027,양키캔들 스몰자 블랙체리,8900,https://image.hanssem.com/hsimg/gds/550/973/973128_A1.jpg?v=20240723164526
4034,820428,room_7,fur_0027,라움데코 호노리스 부엉이 양면 벽시계,125900,https://image.hanssem.com/hsimg/gds/550/820/820428_A1.jpg?v=20240723164541
4035,987837,room_7,fur_0027,우비 토끼 가족 장식,33800,https://image.hanssem.com/hsimg/gds/550/987/987837_A1.jpg?v=20250529110809
4036,840383,room_7,fur_0027,대형 3분할 슬림액자 알루미늄 액자세트 월드맵,153900,https://image.hanssem.com/hsimg/gds/550/840/840383_A1.jpg?v=20240723164541
4037,771198,room_7,fur_0027,큐빅 엔틱 사진액자(왕관) 소,27000,https://image.hanssem.com/hsimg/gds/550/771/771198_A1.jpg?v=20240723164550
4038,1026692,room_7,fur_0027,플라티코 플라스틱 인테리어 홈가드닝 거실화분 13호,2800,https://image.hanssem.com/hsimg/gds/550/1026/1026692_A1.jpg?v=20250728173735
4039,820423,room_7,fur_0027,데일리데코 테메 엔틱 부엉이 추 벽시계,67900,https://image.hanssem.com/hsimg/gds/550/820/820423_A1.jpg?v=20240723164541
4040,1067182,room_7,fur_0027,화이트 슬라이딩 투명창 롤케이크 머핀 쿠키 꽃 선물 포장 상자 케이스,320,https://image.hanssem.com/hsimg/gds/1050/1067/1067182_A1.jpg?v=20250403165139
4041,1085149,room_7,fur_0027,강력자석 도어스토퍼 G,7050,https://image.hanssem.com/hsimg/gds/1050/1085/1085149_A1.jpg?v=20241226102254
4042,970667,room_7,fur_0027,베란다 인테리어 화장실 바닥 조립마루 데크타일 10개,15900,https://image.hanssem.com/hsimg/gds/1050/970/970667_A1.jpg?v=20250922170102
4043,660450,room_7,fur_0027,그린 리프 나무가지 조화,6400,https://image.hanssem.com/hsimg/gds/550/660/660450_A1.jpg?v=20250529110235
4044,771184,room_7,fur_0027,크라운 트윈 엔틱액자(골드),23000,https://image.hanssem.com/hsimg/gds/550/771/771184_A1.jpg?v=20240723164550
4045,181947,room_7,fur_0027,시스맥스 NEO 소형 아이박스 1단 56007,4550,https://image.hanssem.com/hsimg/gds/550/181/181947_A1.jpg?v=20220624131816
4046,812174,room_7,fur_0027,빛과 나무그림자- slowus 감성 여행 일러스트 인테리어 그림 액자,80000,https://image.hanssem.com/hsimg/gds/550/812/812174_A1.jpg?v=20240723164550
4047,812168,room_7,fur_0027,테네리페 풍경 - slowus 감성 여행 일러스트 인테리어 그림 액자,80000,https://image.hanssem.com/hsimg/gds/550/812/812168_A1.jpg?v=20240723164550
4048,715863,room_7,fur_0027,디자인몰딩,4000,https://image.hanssem.com/hsimg/gds/550/715/715863_A1.jpg?v=20240910102825
4049,1118813,room_7,fur_0027,키미 유아 아기 필기 독서대 책상 책받침대,50900,https://image.hanssem.com/hsimg/gds/1050/1118/1118813_A1.jpg?v=20250901085535
4050,807687,room_7,fur_0027,Beach Town - 김유라 작가 감성 여행 일러스트 인테리어 그림 액자,75000,https://image.hanssem.com/hsimg/gds/550/807/807687_A1.jpg?v=20240723164550
4051,820415,room_7,fur_0027,데일리데코 투투나 부엉이 양면 벽시계,80900,https://image.hanssem.com/hsimg/gds/550/820/820415_A1.jpg?v=20240723164541
4052,1014983,room_7,fur_0027,클리어 아이스 교회 워터볼,16100,https://image.hanssem.com/hsimg/gds/550/1014/1014983_A1.jpg?v=20250529110809
4053,404094,room_7,fur_0027,가죽 600 데스크패드 마우스패드 세트 블랙,33000,https://image.hanssem.com/hsimg/gds/550/404/404094_A1.jpg?v=20240831191616
4054,771180,room_7,fur_0027,르노와르 엔틱 사진액자(골드),24000,https://image.hanssem.com/hsimg/gds/550/771/771180_A1.jpg?v=20240723164550
4055,1118981,room_7,fur_0027,대형 리본 달린 비닐 파우치 구디백 답례품 선물 포장 봉투 10장 세트,3200,https://image.hanssem.com/hsimg/gds/1050/1118/1118981_A1.jpg?v=20250924155612
4056,1070743,room_7,fur_0027,먼지 캐츠아이 고양이 키링 행운 인형 키링 시험 가방,7500,https://image.hanssem.com/hsimg/gds/1050/1070/1070743_A1.jpg?v=20241017192509
4057,1020387,room_7,fur_0027,사무실 액자 정물화 현대미술 서양화 벽인테리어 그림,160000,https://image.hanssem.com/hsimg/gds/550/1020/1020387_A1.jpg?v=20241011144900
4058,936092,room_7,fur_0027,무소음 벽시계 플랫우드 블랙라벨,15500,https://image.hanssem.com/hsimg/gds/550/936/936092_A1.jpg?v=20241021101405
4059,771247,room_7,fur_0027,골드프레임 엔틱사진액자(세로형),22000,https://image.hanssem.com/hsimg/gds/550/771/771247_A1.jpg?v=20240723164550
4060,409250,room_7,fur_0027,큐데스크 자석 메모보드 미니칠판,22000,https://image.hanssem.com/hsimg/gds/550/409/409250_A1.jpg?v=20241224191953
4061,807691,room_7,fur_0027,제주도 - 김유라 작가 감성 여행 일러스트 인테리어 그림 액자,75000,https://image.hanssem.com/hsimg/gds/550/807/807691_A1.jpg?v=20240723164550
4062,1097209,room_7,fur_0027,자석달린 방석 (2개) 철제의자용 MK26344-2,34300,https://image.hanssem.com/hsimg/gds/1050/1097/1097209_A1.jpg?v=20250311135407
4063,1087975,room_7,fur_0027,스탠드형 전신거울 50cm P0000PRU (착불),126000,https://image.hanssem.com/hsimg/gds/1050/1087/1087975_A1.jpg?v=20250304144712
4064,469406,room_7,fur_0027,도배공구 평붓 페인트붓 도배솔 미장솔 막솔 8인치,2000,https://image.hanssem.com/hsimg/gds/1050/469/469406_A1.jpg?v=20240910102825
4065,769924,room_7,fur_0027,TWEMCO BQ-368P 트웸코 벽시계,340000,https://image.hanssem.com/hsimg/gds/550/769/769924_A1.jpg?v=20250917121551
4066,1098834,room_7,fur_0027,이케아 JANKIG 로즈골드 벽시계,22800,https://image.hanssem.com/hsimg/gds/1050/1098/1098834_A1.jpg?v=20250515172036
4067,812979,room_7,fur_0027,인테리어액자 그림액자 A4 골드테마,16400,https://image.hanssem.com/hsimg/gds/550/812/812979_A1.jpg?v=20240723164550
4068,1102441,room_7,fur_0027,플라이토 무드홈 인테리어 LED 탁상시계,19800,https://image.hanssem.com/hsimg/gds/1050/1102/1102441_A1.jpg?v=20250414140815
4069,771182,room_7,fur_0027,하트천사 엔틱액자 골드,19000,https://image.hanssem.com/hsimg/gds/550/771/771182_A1.jpg?v=20240723164550
4070,840385,room_7,fur_0027,대형 3분할 슬림액자 액자세트 블루대리석 추상화,153900,https://image.hanssem.com/hsimg/gds/550/840/840385_A1.jpg?v=20240723164541
4071,1120573,room_7,fur_0027,예쁜 텍스처 추상화 안방 거실그림 벽장식 인테리어액자,204000,https://image.hanssem.com/hsimg/gds/1050/1120/1120573_A1.jpg?v=20250915131337
4072,1111762,room_7,fur_0027,플로랑 오브제 인테리어 디퓨저 향기뿜뿜 500ml 2개입 선물세트,19000,https://image.hanssem.com/hsimg/gds/1050/1111/1111762_A1.jpg?v=20250807135537
4073,771179,room_7,fur_0027,클래식 심플 엔틱 액자 8X10 브라운,39000,https://image.hanssem.com/hsimg/gds/550/771/771179_A1.jpg?v=20240723164550
4074,93156,room_7,fur_0027,[큐빅스]2 모니터받침대,33000,https://image.hanssem.com/hsimg/gds/550/93/93156_A1.jpg?v=20250901105500
4075,1097212,room_7,fur_0027,방석 의자방석 (1개) MK20366,13300,https://image.hanssem.com/hsimg/gds/1050/1097/1097212_A1.jpg?v=20250311135402
4076,1108148,room_7,fur_0027,플라이토 3세대 백라이트 터닝 플랫 원형 온습도 LED 벽시계 19cm,99800,https://image.hanssem.com/hsimg/gds/1050/1108/1108148_A1.jpg?v=20250529130949
4077,92496,room_7,fur_0027,ying-zakka 우드 자동차 6개 셋트 II,26800,https://image.hanssem.com/hsimg/gds/550/92/92496_A1.jpg?v=20240723164632
4078,181948,room_7,fur_0027,시스맥스 NEO 소형 아이박스 2단 56008,9100,https://image.hanssem.com/hsimg/gds/550/181/181948_A1.jpg?v=20221202161007
4079,1097445,room_7,fur_0027,테이블다리 철제다리 (한개가격) 화이트 MK13874,28000,https://image.hanssem.com/hsimg/gds/1050/1097/1097445_A1.jpg?v=20250609150215
4080,181945,room_7,fur_0027,시스맥스 아이박스 2단 56002,17550,https://image.hanssem.com/hsimg/gds/550/181/181945_A1.jpg?v=20220624132111
4081,1102113,room_7,fur_0027,귀여운 애니멀 막대 사탕 홀더 어린이집 구디백 포장 10개,640,https://image.hanssem.com/hsimg/gds/1050/1102/1102113_A1.jpg?v=20250411084241
4082,814865,room_7,fur_0027,블랙 원홀 거위목 주방 수전 6047,125000,https://image.hanssem.com/hsimg/gds/550/814/814865_A1.jpg?v=20240723161650
4083,1098332,room_7,fur_0027,풍수 미니장식 돈나무 1개,15800,https://image.hanssem.com/hsimg/gds/1050/1098/1098332_A1.jpg?v=20250415172929
4084,466549,room_7,fur_0027,인테리어필름 단색 8215(길이50cm),3000,https://image.hanssem.com/hsimg/gds/550/466/466549_A1.jpg?v=20240910102707
4085,715892,room_7,fur_0027,수납아이템,3000,https://image.hanssem.com/hsimg/gds/550/715/715892_A1.jpg?v=20250318135637
4086,271719,room_7,fur_0027,"각도조절책상 전용 마그넷보드+자석바 데스크패드(모리, 조이책상 호환가능)",43000,https://image.hanssem.com/hsimg/gds/550/271/271719_A1.jpg?v=20240831193628
4087,1097255,room_7,fur_0027,여름용원단 얇은 홑이불 MK36950,21000,https://image.hanssem.com/hsimg/gds/1050/1097/1097255_A1.jpg?v=20250311135227
4088,1100077,room_7,fur_0027,에이플럼 다용도 연필꽂이,22900,https://image.hanssem.com/hsimg/gds/1050/1100/1100077_A1.jpg?v=20250321130627
4089,1098500,room_7,fur_0027,포장용 종이 완충제 50x3000 1개,49500,https://image.hanssem.com/hsimg/gds/1050/1098/1098500_A1.jpg?v=20250415172926
4090,391891,room_7,fur_0027,시우아트 레트로욕실방수시계(2color)/건전지포함/거치대포함,9800,https://image.hanssem.com/hsimg/gds/550/391/391891_A1.jpg?v=20240925122140
4091,1091448,room_7,fur_0027,무아스 마시멜로 무소음 욕실시계 방수 화장실 흡착 탁상,16500,https://image.hanssem.com/hsimg/gds/1050/1091/1091448_A1.jpg?v=20250122164230
4092,1120571,room_7,fur_0027,카페 개업선물 그레이블루 물결액자 벽장식 인테리어그림,284000,https://image.hanssem.com/hsimg/gds/1050/1120/1120571_A1.jpg?v=20250915131338
4093,181980,room_7,fur_0027,시스맥스 컬러 클립보드 46110,3900,https://image.hanssem.com/hsimg/gds/550/181/181980_A1.jpg?v=20220624132140
4094,812443,room_7,fur_0027,우등생 시간관리 무소음 진동플래시 알람타이머 Dream,10800,https://image.hanssem.com/hsimg/gds/550/812/812443_A1.jpg?v=20240723164550
4095,518432,room_7,fur_0027,시우아트 고양이무소음벽시계 (솔리드 블랙)/건전지포함,24800,https://image.hanssem.com/hsimg/gds/550/518/518432_A1.jpg?v=20241219175307
4096,856838,room_7,fur_0027,모나미 네임펜X 검정 1개,650,https://image.hanssem.com/hsimg/gds/550/856/856838_A1.jpg?v=20240723164541
4097,820414,room_7,fur_0027,데일리데코 로베르 470 원형 엔틱 추 벽시계,64900,https://image.hanssem.com/hsimg/gds/550/820/820414_A1.jpg?v=20240723164541
4098,874008,room_7,fur_0027,스틸 훅 고리집게 10p set,5500,https://image.hanssem.com/hsimg/gds/550/874/874008_A1.jpg?v=20250529110712
4099,771238,room_7,fur_0027,보이드 엔틱 사각액자(대) 5X7,22000,https://image.hanssem.com/hsimg/gds/550/771/771238_A1.jpg?v=20240723164550
4100,1104500,room_7,fur_0027,히키스 마블 디즈니 스마트폰 거치대 매직 포스트,1000,https://image.hanssem.com/hsimg/gds/1050/1104/1104500_A1.jpg?v=20250728152518
4101,880051,room_7,fur_0027,히든 슬라이딩 수납정리함 서랍형 M 2개,6500,https://image.hanssem.com/hsimg/gds/1050/880/880051_A1.jpg?v=20250818150814
4102,409248,room_7,fur_0027,큐데스크 책상파티션 철제 가림막,47000,https://image.hanssem.com/hsimg/gds/550/409/409248_A1.jpg?v=20241224192258
4103,181941,room_7,fur_0027,시스맥스 시스템 KEY 서류함 5단 1205K,35750,https://image.hanssem.com/hsimg/gds/550/181/181941_A1.jpg?v=20220624132028
4104,1097211,room_7,fur_0027,방석 의자방석 (2개) MK20366-2,21700,https://image.hanssem.com/hsimg/gds/1050/1097/1097211_A1.jpg?v=20250311135404
4105,1098370,room_7,fur_0027,빈티지 원목 풍경힐링 현관종1개(택1),23000,https://image.hanssem.com/hsimg/gds/1050/1098/1098370_A1.jpg?v=20250415172928
4106,1100209,room_7,fur_0027,히키스 플랜트 미니화분 봄분갈이 가벼운 베이직화분,2000,https://image.hanssem.com/hsimg/gds/1050/1100/1100209_A1.jpg?v=20250926161127
4107,1097205,room_7,fur_0027,의자에 묶는 방석 (4개) 코튼100% MK22499-4,39200,https://image.hanssem.com/hsimg/gds/1050/1097/1097205_A1.jpg?v=20250311135416
4108,1098505,room_7,fur_0027,크라프트 땡큐 롤스티커 500매(1세트),2200,https://image.hanssem.com/hsimg/gds/1050/1098/1098505_A1.jpg?v=20250415172926
4109,181946,room_7,fur_0027,시스맥스 아이박스 3단 56003,26650,https://image.hanssem.com/hsimg/gds/550/181/181946_A1.jpg?v=20220811100219
4110,1120577,room_7,fur_0027,카페 개업선물 추상화 현대미술 원화 벽장식 인테리어액자,204000,https://image.hanssem.com/hsimg/gds/1050/1120/1120577_A1.jpg?v=20250915131337
4111,931381,room_7,fur_0027,무아스 Best 무소음 벽시계 플랫우드 로즈골드,15500,https://image.hanssem.com/hsimg/gds/550/931/931381_A1.jpg?v=20241021101405
4112,1098171,room_7,fur_0027,이케아 FAMNIG HJARTA 두손벌려 하트쿠션/인형,15200,https://image.hanssem.com/hsimg/gds/1050/1098/1098171_A1.jpg?v=20250515172036
4113,469523,room_7,fur_0027,금속빠찌링AAA,520,https://image.hanssem.com/hsimg/gds/550/469/469523_A1.jpg?v=20240910102744
4114,1097197,room_7,fur_0027,벽선반 수납선반 MK24302,21700,https://image.hanssem.com/hsimg/gds/1050/1097/1097197_A1.jpg?v=20250311135431
4115,771200,room_7,fur_0027,아기천사 미니액자(하트),16000,https://image.hanssem.com/hsimg/gds/550/771/771200_A1.jpg?v=20240723164550
4116,613309,room_7,fur_0028,티오 루밍 학생용 LED 스탠드(2종/택1),36600,https://image.hanssem.com/hsimg/gds/1050/613/613309_A1.jpg?v=20250106130513
4117,1059927,room_7,fur_0028,테이블 조명 HSP T102,219000,https://image.hanssem.com/hsimg/gds/1050/1059/1059927_A1.jpg?v=20250605142207
4118,879258,room_7,fur_0028,클로이 단 스탠드 조명,90900,https://image.hanssem.com/hsimg/gds/550/879/879258_A1.jpg?v=20250320111523
4119,875989,room_7,fur_0028,필립 단스탠드 조명,48400,https://image.hanssem.com/hsimg/gds/550/875/875989_A1.jpg?v=20250926152823
4120,857332,room_7,fur_0028,LED 전구 시리즈,5000,https://image.hanssem.com/hsimg/gds/550/857/857332_A1.jpg?v=20250617082910
4121,1106051,room_7,fur_0028,올리비아 MONO 시리즈,44900,https://image.hanssem.com/hsimg/gds/1050/1106/1106051_A1.jpg?v=20250909171514
4122,1095214,room_7,fur_0028,CITY S 스탠드램프 단스탠드,35900,https://image.hanssem.com/hsimg/gds/1050/1095/1095214_A1.jpg?v=20250527113600
4123,1061506,room_7,fur_0028,뉴 엘리시아 램프 조명 시리즈,69900,https://image.hanssem.com/hsimg/gds/1050/1061/1061506_A1.jpg?v=20250605142207
4124,613308,room_7,fur_0028,티오 루밍 집게스탠드 블랙,39500,https://image.hanssem.com/hsimg/gds/1050/613/613308_A1.jpg?v=20250219144915
4125,879260,room_7,fur_0028,조이 스탠드 조명 세트 블랙,119000,https://image.hanssem.com/hsimg/gds/550/879/879260_A1.jpg?v=20250527113600
4126,1071585,room_7,fur_0028,[특가~9/29]뉴 클림트 플로어 램프,87900,https://image.hanssem.com/hsimg/gds/1050/1071/1071585_A1.jpg?v=20250527113557
4127,1117923,room_7,fur_0028,리네아 플로어 램프,79500,https://image.hanssem.com/hsimg/gds/1050/1117/1117923_A1.jpg?v=20250925172049
4128,849801,room_7,fur_0028,올리비아 테이블 램프 조명,50900,https://image.hanssem.com/hsimg/gds/550/849/849801_A1.jpg?v=20250925142546
4129,913194,room_7,fur_0028,엠마플리츠 플로어 램프 조명,109900,https://image.hanssem.com/hsimg/gds/550/913/913194_A1.jpg?v=20250605142207
4130,1051323,room_7,fur_0028,[리빙선물9900] 헵타 테이블램프 무드등 조명,44810,https://image.hanssem.com/hsimg/gds/550/1051/1051323_A1.jpg?v=20250609151921
4131,912328,room_7,fur_0028,누텔라 미드센추리 테이블 램프 조명,45900,https://image.hanssem.com/hsimg/gds/1050/912/912328_A1.jpg?v=20250527113600
4132,1005691,room_7,fur_0028,[리빙선물4990] 루밍 집게스탠드 블랙,39900,https://image.hanssem.com/hsimg/gds/550/1005/1005691_A1.jpg?v=20250609151921
4133,849803,room_7,fur_0028,올리비아 플로어 램프 조명,88900,https://image.hanssem.com/hsimg/gds/550/849/849803_A1.jpg?v=20250808152342
4134,1059928,room_7,fur_0028,미니 테이블 조명 HSP T103,129000,https://image.hanssem.com/hsimg/gds/1050/1059/1059928_A1.jpg?v=20250605142207
4135,1106052,room_7,fur_0028,"[특가~9/29]올리비아 MONO 미니 테이블램프, 단스탠드",44900,https://image.hanssem.com/hsimg/gds/1050/1106/1106052_A1.jpg?v=20250917154032
4136,1106053,room_7,fur_0028,올리비아 MONO 플로어램프,79900,https://image.hanssem.com/hsimg/gds/1050/1106/1106053_A1.jpg?v=20250909171513
4137,1023235,room_7,fur_0028,[특가~9/29]헵타 테이블램프 무드등  조명,19900,https://image.hanssem.com/hsimg/gds/1050/1023/1023235_A1.jpg?v=20250527113600
4138,912622,room_7,fur_0028,스테이 LED 라인 펜던트 식탁 조명,79000,https://image.hanssem.com/hsimg/gds/550/912/912622_A1.jpg?v=20250527113601
4139,42372,room_7,fur_0028,뉴 엘리시아 플로어 램프 조명,209000,https://image.hanssem.com/hsimg/gds/550/42/42372_A1.jpg?v=20250617082525
4140,880037,room_7,fur_0028,조쉬 플로어 램프 조명,182900,https://image.hanssem.com/hsimg/gds/550/880/880037_A1.jpg?v=20250320111603
4141,1117922,room_7,fur_0028,아네트 관절 플로어 램프,69500,https://image.hanssem.com/hsimg/gds/1050/1117/1117922_A1.jpg?v=20250926133023
4142,1005695,room_7,fur_0028,[리빙선물4990] 스마트 LED 슬라이딩 스탠드 다크그레이,39900,https://image.hanssem.com/hsimg/gds/550/1005/1005695_A1.jpg?v=20250609151921
4143,876313,room_7,fur_0028,티오 뉴 루밍 LED 충전식 스탠드,47900,https://image.hanssem.com/hsimg/gds/1050/876/876313_A1.jpg?v=20241211101644
4144,1059929,room_7,fur_0028,활장 조명 HSP F301,409000,https://image.hanssem.com/hsimg/gds/1050/1059/1059929_A1.jpg?v=20250605142207
4145,880045,room_7,fur_0028,우붓 라탄 장 스탠드 조명,84900,https://image.hanssem.com/hsimg/gds/550/880/880045_A1.jpg?v=20250605142207
4146,1002558,room_7,fur_0028,CITY S 스탠드 램프 활장 조명 시리즈,35900,https://image.hanssem.com/hsimg/gds/550/1002/1002558_A1.jpg?v=20250820201116
4147,1061253,room_7,fur_0028,LED 전구 시리즈(13종/택1),5900,https://image.hanssem.com/hsimg/gds/1050/1061/1061253_A1.jpg?v=20250617082938
4148,912327,room_7,fur_0028,누텔라 미드센추리 램프 조명 세트(테이블+플로어),109000,https://image.hanssem.com/hsimg/gds/1050/912/912327_A1.jpg?v=20250527113600
4149,1005693,room_7,fur_0028,[리빙선물4990] 루밍 학생용 LED 스탠드 (2종/택1),39900,https://image.hanssem.com/hsimg/gds/550/1005/1005693_A1.jpg?v=20250609151921
4150,1005690,room_7,fur_0028,[리빙선물4990] 뉴 루밍 LED 충전식 스탠드 핑크,39900,https://image.hanssem.com/hsimg/gds/550/1005/1005690_A1.jpg?v=20250609151921
4151,1059925,room_7,fur_0028,플로어 조명 HSP F101,399000,https://image.hanssem.com/hsimg/gds/1050/1059/1059925_A1.jpg?v=20250605142207
4152,608068,room_7,fur_0028,플레인 램프조명 시리즈,39900,https://image.hanssem.com/hsimg/gds/1050/608/608068_A1.jpg?v=20250527113600
4153,1075581,room_7,fur_0028,[웰컴딜 전용] 헵타 테이블램프 무드등  조명,9900,https://image.hanssem.com/hsimg/gds/550/1075/1075581_A1.jpg?v=20250910172922
4154,975148,room_7,fur_0028,올리비아 미니램프 조명 무드등,48900,https://image.hanssem.com/hsimg/gds/550/975/975148_A1.jpg?v=20250527113600
4155,912330,room_7,fur_0028,[특가~9/29]누텔라 미드센추리 플로어 램프 조명,75900,https://image.hanssem.com/hsimg/gds/1050/912/912330_A1.jpg?v=20250527113600
4156,879259,room_7,fur_0028,조이 스탠드 조명 시리즈,49900,https://image.hanssem.com/hsimg/gds/550/879/879259_A1.jpg?v=20250902152454
4157,426119,room_7,fur_0028,뉴 클림트 테이블 램프,55900,https://image.hanssem.com/hsimg/gds/1050/426/426119_A1.jpg?v=20250902172945
4158,95177,room_7,fur_0028,뉴 클림트 램프 세트(테이블형+플로어형),139900,https://image.hanssem.com/hsimg/gds/1050/95/95177_A1.jpg?v=20250925142113
4159,1095213,room_7,fur_0028,CITY S 스탠드램프 장스탠드,60900,https://image.hanssem.com/hsimg/gds/1050/1095/1095213_A1.jpg?v=20250527113600
4160,890030,room_7,fur_0028,리옹우드 스탠드 조명 시리즈,50900,https://image.hanssem.com/hsimg/gds/550/890/890030_A1.jpg?v=20250919161133
4161,849804,room_7,fur_0028,올리비아 램프 조명 세트(테이블+플로어),134900,https://image.hanssem.com/hsimg/gds/550/849/849804_A1.jpg?v=20250925142450
4162,880043,room_7,fur_0028,밀러 장 스탠드 조명 (2종 택1),59900,https://image.hanssem.com/hsimg/gds/550/880/880043_A1.jpg?v=20250605142207
4163,881340,room_7,fur_0028,오로라 펜던트 식탁 조명 (2종 택1),95900,https://image.hanssem.com/hsimg/gds/550/881/881340_A1.jpg?v=20241118102509
4164,115528,room_7,fur_0029,와이드 시스템 식기건조대 (2단),99000,https://image.hanssem.com/hsimg/gds/550/115/115528_A1.jpg?v=20250516160448
4165,1069749,room_7,fur_0029,[55딜]올스텐 접이식 식기건조대 (물받이 포함) +국자받침대,55000,https://image.hanssem.com/hsimg/gds/1050/1069/1069749_A1.jpg?v=20250922172927
4166,94601,room_7,fur_0029,창신리빙 길이조절 주방선반 12종 (씽크대 후라이팬 접시 정리 식기건조대),19050,https://image.hanssem.com/hsimg/gds/550/94/94601_A1.jpg?v=20250714151949
4167,694538,room_7,fur_0029,S.O.K 올스텐 주방수납 시리즈,3900,https://image.hanssem.com/hsimg/gds/550/694/694538_A1.jpg?v=20250627141424
4168,877023,room_7,fur_0029,S.O.K 모던 6구 컵걸이,1900,https://image.hanssem.com/hsimg/gds/1050/877/877023_A1.jpg?v=20250716144355
4169,641786,room_7,fur_0029,1+1 넓이조절 접시꽂이 그릇정리대 접시정리대,13900,https://image.hanssem.com/hsimg/gds/550/641/641786_A1.jpg?v=20250307122305
4170,657500,room_7,fur_0029,(10/17 순차출고) 노블레스 식기건조대 2단,159000,https://image.hanssem.com/hsimg/gds/1050/657/657500_A1.jpg?v=20250926153600
4171,797778,room_7,fur_0029,[특가~9/29]노블레스 오브제 식기건조대 6종/택1,99000,https://image.hanssem.com/hsimg/gds/1050/797/797778_A1.jpg?v=20250910152816
4172,1065989,room_7,fur_0029,프리미엄 식기건조대,149000,https://image.hanssem.com/hsimg/gds/550/1065/1065989_A1.jpg?v=20250404165016
4173,888994,room_7,fur_0029,올스텐 싱글 식기건조대 2단,69000,https://image.hanssem.com/hsimg/gds/550/888/888994_A1.jpg?v=20250926113821
4174,1052623,room_7,fur_0029,항균 식기건조대,26900,https://image.hanssem.com/hsimg/gds/1050/1052/1052623_A1.jpg?v=20250905104139
4175,1080180,room_7,fur_0029,인피니트 식기건조대,89900,https://image.hanssem.com/hsimg/gds/1050/1080/1080180_A1.jpg?v=20241113093857
4176,1051393,room_7,fur_0029,S.O.K 베이직 슬라이딩 그릇 정리랙,19900,https://image.hanssem.com/hsimg/gds/1050/1051/1051393_A1.jpg?v=20240801145505
4177,1015360,room_7,fur_0029,올스텐 어라운드 식기건조대,79900,https://image.hanssem.com/hsimg/gds/550/1015/1015360_A1.jpg?v=20240927104050
4178,1075468,room_7,fur_0029,[웰컴딜 전용] 우드 세라믹 소스볼 세트 3P,2900,https://image.hanssem.com/hsimg/gds/550/1075/1075468_A1.jpg?v=20250910172922
4179,1053906,room_7,fur_0029,네오유로 부착형 식기건조대 600 (2종/택1),59900,https://image.hanssem.com/hsimg/gds/550/1053/1053906_A1.jpg?v=20250528134948
4180,1019834,room_7,fur_0029,[특가~9/29]프라임 식기건조대 (4종/택1),129000,https://image.hanssem.com/hsimg/gds/550/1019/1019834_A1.jpg?v=20250922152939
4181,797463,room_7,fur_0029,S.O.K 마일드 시리즈 상부장 완벽정리 (8종/택1),5900,https://image.hanssem.com/hsimg/gds/550/797/797463_A1.jpg?v=20250402112032
4182,1119862,room_7,fur_0029,노블레스 오브제 식기건조대 텀블러 걸이,10900,https://image.hanssem.com/hsimg/gds/1050/1119/1119862_A1.jpg?v=20250916170456
4183,628030,room_7,fur_0029,포레 우드 세라믹 시리즈(3종/택1),7900,https://image.hanssem.com/hsimg/gds/550/628/628030_A1.jpg?v=20250131090641
4184,1015357,room_7,fur_0029,올스텐 스테이 식기건조대 (2종/택1),49900,https://image.hanssem.com/hsimg/gds/550/1015/1015357_A1.jpg?v=20250725144430
4185,714485,room_7,fur_0029,[특가~9/29]스테인리스 설거지통 8L,26900,https://image.hanssem.com/hsimg/gds/550/714/714485_A1.jpg?v=20250404163547
4186,889041,room_7,fur_0029,네오유로 식기건조대 1단 (2종/택1),69900,https://image.hanssem.com/hsimg/gds/550/889/889041_A1.jpg?v=20250617142426
4187,768450,room_7,fur_0029,올스텐 스탠다드 2단 식기건조대 (풀세트),99900,https://image.hanssem.com/hsimg/gds/550/768/768450_A1.jpg?v=20250514134055
4188,679502,room_7,fur_0029,[특가~9/29]올스텐 식기건조대 풀세트 2단,109000,https://image.hanssem.com/hsimg/gds/550/679/679502_A1.jpg?v=20250626151830
4189,1117456,room_7,fur_0029,S.O.K 올스텐 프라이팬 정리대 스탠딩형,25900,https://image.hanssem.com/hsimg/gds/1050/1117/1117456_A1.jpg?v=20250825140825
4190,878323,room_7,fur_0029,시그니처 스텐 식기건조대 (2종/택1),95000,https://image.hanssem.com/hsimg/gds/550/878/878323_A1.jpg?v=20250514164949
4191,1101101,room_7,fur_0029,[특가~9/29]클리어 자동개폐 미니 오일병 2p 세트,7900,https://image.hanssem.com/hsimg/gds/1050/1101/1101101_A1.jpg?v=20250618110227
4192,824871,room_7,fur_0029,[특가~9/29]S.O.K 프레시 전자레인지 용기(5p/3p/2p),3500,https://image.hanssem.com/hsimg/gds/550/824/824871_A1.jpg?v=20241008205032
4193,1116353,room_7,fur_0029,[특가~9/29]베이직 플러스 식기건조대 2단 오트밀 베이지,69900,https://image.hanssem.com/hsimg/gds/1050/1116/1116353_A1.jpg?v=20250918100910
4194,1061625,room_7,fur_0029,확장형 식기건조대 (2종택1),135000,https://image.hanssem.com/hsimg/gds/1050/1061/1061625_A1.jpg?v=20250404171552
4195,581834,room_7,fur_0029,올스텐 기둥식 식기건조대,139900,https://image.hanssem.com/hsimg/gds/550/581/581834_A1.jpg?v=20250818132108
4196,1091924,room_7,fur_0029,올데이 식기건조대 2단,119000,https://image.hanssem.com/hsimg/gds/1050/1091/1091924_A1.jpg?v=20250321092441
4197,797525,room_7,fur_0029,S.O.K 마일드 시리즈 하부장 완벽정리 (12종/택1),2900,https://image.hanssem.com/hsimg/gds/550/797/797525_A1.jpg?v=20250402112124
4198,889032,room_7,fur_0029,네오유로 식기건조대 2단 (2종/택1),79900,https://image.hanssem.com/hsimg/gds/1050/889/889032_A1.jpg?v=20250317135902
4199,1025106,room_7,fur_0029,"S.O.K 올스텐 주방수납 싱크대 정리랙, 도어후크, 컵걸이",12900,https://image.hanssem.com/hsimg/gds/550/1025/1025106_A1.jpg?v=20240704074025
4200,1005286,room_7,fur_0029,[리빙선물990] S.O.K 마일드 2단 양념통 정리렉 모카,14900,https://image.hanssem.com/hsimg/gds/550/1005/1005286_A1.jpg?v=20250609151921
4201,510424,room_7,fur_0029,[특가~9/29]실리쿡 사각실속 기프트세트(9조),10900,https://image.hanssem.com/hsimg/gds/550/510/510424_A1.jpg?v=20240902142845
4202,1051395,room_7,fur_0029,S.O.K 올스텐 폴딩 봉투걸이,4900,https://image.hanssem.com/hsimg/gds/1050/1051/1051395_A1.jpg?v=20250417131506
4203,1116857,room_7,fur_0029,[특가~9/29]노블레스 오브제 수세미 세제 거치대,45900,https://image.hanssem.com/hsimg/gds/1050/1116/1116857_A1.jpg?v=20250916170135
4204,153736,room_7,fur_0029,[55딜]베이직 플러스 식기건조대 2단,55000,https://image.hanssem.com/hsimg/gds/550/153/153736_A1.jpg?v=20250718152822
4205,677168,room_7,fur_0029,[특가~9/29]프리미엄 부착형 식기건조대 900,134900,https://image.hanssem.com/hsimg/gds/550/677/677168_A1.jpg?v=20250801155348
4206,1025111,room_7,fur_0029,S.O.K 마일드 2단 양념통 정리랙 _모카,14900,https://image.hanssem.com/hsimg/gds/550/1025/1025111_A1.jpg?v=20240704074025
4207,874939,room_7,fur_0030,스마트 열풍식기 살균/건조기 3.0 (UV-C LED),129900,https://image.hanssem.com/hsimg/gds/550/874/874939_A1.jpg?v=20250310102257
4208,887933,room_7,fur_0030,(보상판매전용) 스마트 열풍식기 살균/건조기 3.0 (UV-C LED),199000,https://image.hanssem.com/hsimg/gds/550/887/887933_A1.jpg?v=20241010154308
4209,1091396,room_7,fur_0031,[웰컴딜 전용] S.O.K 스텐 밀페용기 (3600ml 핸디형 옵션),34700,https://image.hanssem.com/hsimg/gds/550/1091/1091396_A1.jpg?v=20250306141717
4210,1116860,room_7,fur_0031,[특가~9/29]클리어 싱크 바스켓 3종 (택1),18900,https://image.hanssem.com/hsimg/gds/1050/1116/1116860_A1.jpg?v=20250908094925
4211,1029668,room_7,fur_0031,S.O.K 와인잔 걸이 주방 거치대,5900,https://image.hanssem.com/hsimg/gds/550/1029/1029668_A1.jpg?v=20250402112428
4212,1051521,room_7,fur_0031,[특가~9/29]S.O.K 클리어 푸드 컨테이너 건조식품용기 냉장고 정리 (4종/택1),2900,https://image.hanssem.com/hsimg/gds/1050/1051/1051521_A1.jpg?v=20250818170522
4213,1069676,room_7,fur_0031,S.O.K 스텐 밀폐용기  (4종/택1),10900,https://image.hanssem.com/hsimg/gds/1050/1069/1069676_A1.jpg?v=20250721150615
4214,350650,room_7,fur_0032,주방 행거레일 3종 세트,29900,https://image.hanssem.com/hsimg/gds/550/350/350650_A1.jpg?v=20250417131709
4215,1093758,room_7,fur_0033,일렉트로룩스 라디안트 쿡탑 3구 하이라이트 EL313E,299000,https://image.hanssem.com/hsimg/gds/1050/1093/1093758_A1.jpg?v=20250716142422
4216,1116862,room_7,fur_0034,[특가~9/29]올스텐 조리도구 풀세트 5종/6종/7종 (택1),47900,https://image.hanssem.com/hsimg/gds/1050/1116/1116862_A1.jpg?v=20250902132652
4217,584869,room_7,fur_0034,스테인레스 밧드 세트 (3종/택1),18900,https://image.hanssem.com/hsimg/gds/550/584/584869_A1.jpg?v=20241028183120
4218,1121263,room_7,fur_0034,올스텐 조리도구 6종 풀세트 (국자받침 포함),90000,https://image.hanssem.com/hsimg/gds/1050/1121/1121263_A1.jpg?v=20250918160418
4219,1069748,room_7,fur_0034,오브제 실리콘 조리도구 4P SET,19900,https://image.hanssem.com/hsimg/gds/1050/1069/1069748_A1.jpg?v=20241107112329
4220,1118800,room_7,fur_0034,[특가~9/29]올스텐 조리도구 국자받침/ 거치대 (택1),9900,https://image.hanssem.com/hsimg/gds/1050/1118/1118800_A1.jpg?v=20250902133034
4221,1119685,room_7,fur_0035,[웰컴딜 전용] 클리어 자동개폐 슬림 오일병 그레이,990,https://image.hanssem.com/hsimg/gds/550/1119/1119685_A1.jpg?v=20250910172922
4222,1051520,room_7,fur_0035,S.O.K 클리어 쌀통 (2종/택1),14900,https://image.hanssem.com/hsimg/gds/1050/1051/1051520_A1.jpg?v=20250404170844
4223,1051519,room_7,fur_0035,[특가~9/29](1+1)S.O.K 클리어 손잡이 있는 자동개폐 오일병 550ml,5900,https://image.hanssem.com/hsimg/gds/1050/1051/1051519_A1.jpg?v=20250528113410
4224,1057249,room_7,fur_0035,[특가~9/29]토피 우드 플레이팅 도마 (2종/택1),19900,https://image.hanssem.com/hsimg/gds/1050/1057/1057249_A1.jpg?v=20250604134416
4225,1075464,room_7,fur_0035,[웰컴딜 전용] S.O.K 클리어 손잡이 있는 자동개폐 오일병 550ml,11900,https://image.hanssem.com/hsimg/gds/550/1075/1075464_A1.jpg?v=20250218130548
4226,642517,room_7,fur_0035,[특가~9/29]스텐 싱크 바스켓,17900,https://image.hanssem.com/hsimg/gds/1050/642/642517_A1.jpg?v=20250402171325
4227,1051524,room_7,fur_0035,S.O.K 클리어 필러,3900,https://image.hanssem.com/hsimg/gds/1050/1051/1051524_A1.jpg?v=20241104085753
4228,1049134,room_7,fur_0035,[리빙선물990] 스테이 실리콘 국자받침대 (2종/택1),14900,https://image.hanssem.com/hsimg/gds/1050/1049/1049134_A1.jpg?v=20250609151921
4229,1020228,room_7,fur_0035,프라임 칼도마 건조대 (2종/택1),29990,https://image.hanssem.com/hsimg/gds/550/1020/1020228_A1.jpg?v=20250404164403
4230,1109669,room_7,fur_0035,[리빙선물990] S.O.K 클리어 필러,14900,https://image.hanssem.com/hsimg/gds/550/1109/1109669_A1.jpg?v=20250611134016
4231,1057247,room_7,fur_0035,[특가~9/29]토피 우드 조리도구 (6종/택1),7900,https://image.hanssem.com/hsimg/gds/1050/1057/1057247_A1.jpg?v=20240823190936
4232,1020438,room_7,fur_0035,프라임 조리도구 거치대 (2종/택1),9900,https://image.hanssem.com/hsimg/gds/550/1020/1020438_A1.jpg?v=20241127155651
4233,1075470,room_7,fur_0035,[웰컴딜 전용] 스테이 실리콘 국자받침대 SET,13900,https://image.hanssem.com/hsimg/gds/1050/1075/1075470_A1.jpg?v=20241014105434
4234,1051496,room_7,fur_0035,S.O.K 클리어 자동개폐 슬림 오일병 (2종/택1),5900,https://image.hanssem.com/hsimg/gds/1050/1051/1051496_A1.jpg?v=20250730094947
4235,1023546,room_7,fur_0035,(1+1)스테이 실리콘 국자받침대 (2종/택1),2900,https://image.hanssem.com/hsimg/gds/550/1023/1023546_A1.jpg?v=20241127163541
4236,1067636,room_7,fur_0036,전동 그라인더 2종 택1,12900,https://image.hanssem.com/hsimg/gds/1050/1067/1067636_A1.jpg?v=20250515171029
4237,1093753,room_7,fur_0037,연동형 하이브리드 인덕션 쿡탑 3구 HS453E,499000,https://image.hanssem.com/hsimg/gds/1050/1093/1093753_A1.jpg?v=20250716142422
4238,1024352,room_7,fur_0038,먼지없는 사계절 매트리스 패드 (SS/Q),27900,https://image.hanssem.com/hsimg/gds/550/1024/1024352_A1.jpg?v=20250604110444
4239,1107323,room_7,fur_0038,에브리 논슬립 메모리폼 토퍼 전용 커버 SS/Q,45900,https://image.hanssem.com/hsimg/gds/1050/1107/1107323_A1.jpg?v=20250724113728
4240,962274,room_7,fur_0038,소프트워싱 자수 차렵이불,29900,https://image.hanssem.com/hsimg/gds/550/962/962274_A1.jpg?v=20250801095008
4241,1099340,room_7,fur_0038,하이퍼쿨 쯔누가 여름 냉감3중직 베개커버,15900,https://image.hanssem.com/hsimg/gds/1050/1099/1099340_A1.jpg?v=20250812082935
4242,915211,room_7,fur_0038,고밀도 경추 메모리폼 베개 +커버2개,19900,https://image.hanssem.com/hsimg/gds/550/915/915211_A1.jpg?v=20250922145523
4243,1099327,room_7,fur_0038,슈퍼쿨 매쉬 쿨링 냉감 여름이불 패드 (SS/Q),39900,https://image.hanssem.com/hsimg/gds/1050/1099/1099327_A1.jpg?v=20250812082935
4244,1120415,room_7,fur_0038,크리스탈 극세사 모찌 겨울 이불패드 (SS/Q),35900,https://image.hanssem.com/hsimg/gds/1050/1120/1120415_A1.jpg?v=20250916160539
4245,980137,room_7,fur_0038,부드럽고 포근한 구름베개 1+1 (커버포함),29900,https://image.hanssem.com/hsimg/gds/550/980/980137_A1.jpg?v=20250507142624
4246,886101,room_7,fur_0038,오리지널 사계절 폴란드 구스 이불솜/베개솜,399000,https://image.hanssem.com/hsimg/gds/550/886/886101_A1.jpg?v=20250918140113
4247,1092300,room_7,fur_0038,스테이 리버서블 메모리폼 토퍼 SS/Q,129000,https://image.hanssem.com/hsimg/gds/1050/1092/1092300_A1.jpg?v=20250520133802
4248,1073077,room_7,fur_0038,모찌 자가발열 겨울 차렵이불세트 (SS/Q),47900,https://image.hanssem.com/hsimg/gds/1050/1073/1073077_A1.jpg?v=20250917134841
4249,1107322,room_7,fur_0038,에브리 논슬립 메모리폼 토퍼 SS/Q,149000,https://image.hanssem.com/hsimg/gds/1050/1107/1107322_A1.jpg?v=20250724113728
4250,1026383,room_7,fur_0038,면 60수 호텔 코튼 패드 (SS/Q),39900,https://image.hanssem.com/hsimg/gds/550/1026/1026383_A1.jpg?v=20250812082935
4251,1104511,room_7,fur_0038,소프트 모찌 이불솜(SS/Q),39900,https://image.hanssem.com/hsimg/gds/1050/1104/1104511_A1.jpg?v=20250612102501
4252,1073078,room_7,fur_0038,모찌 자가발열 패드 (SS/Q),39900,https://image.hanssem.com/hsimg/gds/1050/1073/1073078_A1.jpg?v=20250213135155
4253,1093314,room_7,fur_0038,스테이 리버서블 메모리폼 토퍼 전용 교체용 커버,39900,https://image.hanssem.com/hsimg/gds/1050/1093/1093314_A1.jpg?v=20250416084625
4254,1010859,room_7,fur_0038,베이직 방수 매트리스 커버 1+1 (SS/Q),19900,https://image.hanssem.com/hsimg/gds/550/1010/1010859_A1.jpg?v=20250417130329
4255,854008,room_7,fur_0038,밸런스 부드럽고 포근한 구름베개 (커버포함),17900,https://image.hanssem.com/hsimg/gds/550/854/854008_A1.jpg?v=20250103135833
4256,1120414,room_7,fur_0038,크리스탈 극세사 모찌 겨울 차렵이불 (SS/Q),47900,https://image.hanssem.com/hsimg/gds/1050/1120/1120414_A1.jpg?v=20250916160539
4257,1025694,room_7,fur_0038,60수 호텔 라인 침구세트 SS,69900,https://image.hanssem.com/hsimg/gds/550/1025/1025694_A1.jpg?v=20250107083333
4258,915227,room_7,fur_0038,코튼 피그먼트 워싱 줄누비 이불겸 패드 (8종/택1),49900,https://image.hanssem.com/hsimg/gds/550/915/915227_A1.jpg?v=20250103134229
4259,1073069,room_7,fur_0038,포시즌 모든자세용 고밀도 메모리폼 베개,29900,https://image.hanssem.com/hsimg/gds/1050/1073/1073069_A1.jpg?v=20250924092101
4260,1099323,room_7,fur_0038,마이크로 모달 알러지케어 차렵이불세트 (SS/Q),49900,https://image.hanssem.com/hsimg/gds/1050/1099/1099323_A1.jpg?v=20250626154653
4261,1071891,room_7,fur_0038,포시즌 60수 고밀도 광폭 무봉제 차렵이불세트 (SS/Q),159000,https://image.hanssem.com/hsimg/gds/1050/1071/1071891_A1.jpg?v=20250103134515
4262,613993,room_7,fur_0038,휴 365 접이식 메모리폼 토퍼 매트리스 SS/Q,99000,https://image.hanssem.com/hsimg/gds/1050/613/613993_A1.jpg?v=20250812082935
4263,1103160,room_7,fur_0038,포터블 메모리폼 토퍼 패드/소파패드,79000,https://image.hanssem.com/hsimg/gds/1050/1103/1103160_A1.jpg?v=20250514142003
4264,1120448,room_7,fur_0038,[예약판매 9/25부터 출고]샘키즈 리버서블 모달 차렵이불 세트,79900,https://image.hanssem.com/hsimg/gds/1050/1120/1120448_A1.jpg?v=20250926152401
4265,915210,room_7,fur_0038,밸런스 구스필 호텔 베개솜 낮은형,15900,https://image.hanssem.com/hsimg/gds/550/915/915210_A1.jpg?v=20250704075217
4266,1099324,room_7,fur_0038,마이크로 모달 알러지케어 패드 (SS/Q),27900,https://image.hanssem.com/hsimg/gds/1050/1099/1099324_A1.jpg?v=20250626154653
4267,1099325,room_7,fur_0038,슈퍼쿨 고분자 쿨링 냉감 여름이불 (SS/Q),45900,https://image.hanssem.com/hsimg/gds/1050/1099/1099325_A1.jpg?v=20250812082935
4268,1005679,room_7,fur_0038,[리빙선물4990] 구스필 호텔베개솜 (2종/택1),39900,https://image.hanssem.com/hsimg/gds/550/1005/1005679_A1.jpg?v=20250609151921
4269,1073072,room_7,fur_0038,밸런스 사계절 먼지없는 패드 (SS/Q),29900,https://image.hanssem.com/hsimg/gds/1050/1073/1073072_A1.jpg?v=20250122151415
4270,1073071,room_7,fur_0038,밸런스 사계절 먼지없는 차렵이불세트 (SS/Q),35900,https://image.hanssem.com/hsimg/gds/1050/1073/1073071_A1.jpg?v=20250122144558
4271,1120410,room_7,fur_0038,사계절 먼지없는 차렵이불세트 (SS/Q),37900,https://image.hanssem.com/hsimg/gds/1050/1120/1120410_A1.jpg?v=20250916160539
4272,1052112,room_7,fur_0038,파우더크림 고밀도순면 모달 양면 차렵이불(SS/Q/K) 5종,69900,https://image.hanssem.com/hsimg/gds/1050/1052/1052112_A1.jpg?v=20250922143834
4273,1025637,room_7,fur_0038,먼지없는 사계절 리버서블 차렵이불세트 Q 카키베이지,37900,https://image.hanssem.com/hsimg/gds/1050/1025/1025637_A1.jpg?v=20250407113038
4274,1099322,room_7,fur_0038,보들&냉감 양면 여름 차렵이불세트 (SS/Q),45900,https://image.hanssem.com/hsimg/gds/1050/1099/1099322_A1.jpg?v=20250630163545
4275,1099341,room_7,fur_0038,하이퍼쿨 쯔누가 여름 냉감 3중직 바디필로우,29900,https://image.hanssem.com/hsimg/gds/1050/1099/1099341_A1.jpg?v=20250812082935
4276,1118689,room_7,fur_0038,[웰컴딜 전용] 더 커진 빨아쓰는 마약 꿀잠베개,5900,https://image.hanssem.com/hsimg/gds/550/1118/1118689_A1.jpg?v=20250910172922
4277,1052369,room_7,fur_0038,샘베딩 하이퍼쿨 쯔누가 여름 냉감패드 패밀리패드 6size,49900,https://image.hanssem.com/hsimg/gds/1050/1052/1052369_A1.jpg?v=20250630163545
4278,1051613,room_7,fur_0038,[55딜]포시즌 리버서블 텐셀 모달 차렵이불세트,55000,https://image.hanssem.com/hsimg/gds/1050/1051/1051613_A1.jpg?v=20250414101916
4279,1120447,room_7,fur_0038,[예약판매 9/25부터 출고]샘키즈 토들러 모달 프릴 차렵이불 세트,79900,https://image.hanssem.com/hsimg/gds/1050/1120/1120447_A1.jpg?v=20250926152242
4280,1103157,room_7,fur_0038,포터블 메모리폼 베개 2P set,57900,https://image.hanssem.com/hsimg/gds/1050/1103/1103157_A1.jpg?v=20250514142026
4281,1071898,room_7,fur_0038,포시즌 60수 고밀도 패드 (SS/Q),69900,https://image.hanssem.com/hsimg/gds/1050/1071/1071898_A1.jpg?v=20250103140606
4282,1116113,room_7,fur_0038,포시즌 모든자세용 고밀도 메모리폼 베개 1+1,58900,https://image.hanssem.com/hsimg/gds/1050/1116/1116113_A1.jpg?v=20250924091423
4283,1026381,room_7,fur_0038,60수 호텔 프레임 침구세트 SS,59900,https://image.hanssem.com/hsimg/gds/550/1026/1026381_A1.jpg?v=20250107083521
4284,1051614,room_7,fur_0038,포시즌 부드러운 모달 패드 SS/Q,45900,https://image.hanssem.com/hsimg/gds/1050/1051/1051614_A1.jpg?v=20250818074652
4285,833059,room_7,fur_0038,슬립다이버 다운필 베개솜,9900,https://image.hanssem.com/hsimg/gds/550/833/833059_A1.jpg?v=20250417132500
4286,915123,room_7,fur_0038,(원클릭풀세트)마일드 60수 수피마코튼 라인리스 호텔 차렵이불 침구풀세트 SS/Q/K,136710,https://image.hanssem.com/hsimg/gds/1050/915/915123_A1.jpg?v=20250901172521
4287,1120411,room_7,fur_0038,사계절 먼지없는 이불패드 (SS/Q),29900,https://image.hanssem.com/hsimg/gds/1050/1120/1120411_A1.jpg?v=20250916160539
4288,1073076,room_7,fur_0038,사계절 먼지없는 매트리스커버 (SS/Q/K),19900,https://image.hanssem.com/hsimg/gds/1050/1073/1073076_A1.jpg?v=20250414101916
4289,657490,room_7,fur_0038,더 커진 빨아쓰는 마약 꿀잠베개,8900,https://image.hanssem.com/hsimg/gds/550/657/657490_A1.jpg?v=20250812082935
4290,1051368,room_7,fur_0038,휴 365 접이식 토퍼 커버 (SS/Q),35900,https://image.hanssem.com/hsimg/gds/1050/1051/1051368_A1.jpg?v=20250724111540
4291,1005678,room_7,fur_0038,[리빙선물4990] 부드럽고포근한 구름베개 (화이트/그레이),39900,https://image.hanssem.com/hsimg/gds/550/1005/1005678_A1.jpg?v=20250609151921
4292,1099342,room_7,fur_0039,하이퍼쿨 쯔누가 여름 냉감3중직 소파패드,35900,https://image.hanssem.com/hsimg/gds/1050/1099/1099342_A1.jpg?v=20250812082935
4293,1025695,room_7,fur_0039,아가일 니트 블랑켓 인테리어 담요,25900,https://image.hanssem.com/hsimg/gds/550/1025/1025695_A1.jpg?v=20250103140056
4294,1103132,room_7,fur_0039,뱀부 와플 홑이불,39900,https://image.hanssem.com/hsimg/gds/550/1103/1103132_A1.jpg?v=20250416154336
4295,961971,room_7,fur_0039,포근 라셀 극세사 스프레드 패드 SS/Q,39900,https://image.hanssem.com/hsimg/gds/550/961/961971_A1.jpg?v=20250103140251
4296,962269,room_7,fur_0039,밸런스 구스필 호텔 이불솜 호텔침구 SS/Q,59900,https://image.hanssem.com/hsimg/gds/550/962/962269_A1.jpg?v=20250417132401
4297,1026386,room_7,fur_0039,포근 리버서블 극세사 차렵이불 세트 SS/Q,49900,https://image.hanssem.com/hsimg/gds/550/1026/1026386_A1.jpg?v=20250923143100
4298,384981,room_7,fur_0040,프리미엄 우드 블라인드 스퀘어/라운드형 (맞춤제작),990,https://image.hanssem.com/hsimg/gds/550/384/384981_A1.jpg?v=20250901143302
4299,906416,room_7,fur_0040,커튼 레일고리/커튼링/커튼핀 (세트당 10ea),4400,https://image.hanssem.com/hsimg/gds/550/906/906416_A1.jpg?v=20250528150931
4300,881341,room_7,fur_0040,나비주름 눈꽃 쉬폰 시어 속커튼(2종/택1),28900,https://image.hanssem.com/hsimg/gds/550/881/881341_A1.jpg?v=20250528150931
4301,1024561,room_7,fur_0040,[특가~9/29]나비주름 선셋 생활 암막커튼,29900,https://image.hanssem.com/hsimg/gds/550/1024/1024561_A1.jpg?v=20250404140225
4302,400170,room_7,fur_0040,커튼링 10개세트 (블랙),4400,https://image.hanssem.com/hsimg/gds/550/400/400170_A1.jpg?v=20231121084653
4303,935544,room_7,fur_0040,오염 걱정없는 나비주름 차르르 쉬폰 속커튼,29900,https://image.hanssem.com/hsimg/gds/550/935/935544_A1.jpg?v=20250528150931
4304,873941,room_7,fur_0040,나비주름 차르르 속커튼(스마트전동전용),21900,https://image.hanssem.com/hsimg/gds/550/873/873941_A1.jpg?v=20250528150931
4305,845707,room_7,fur_0040,나비주름 비침없는 밀크쉬폰 속커튼,19900,https://image.hanssem.com/hsimg/gds/550/845/845707_A1.jpg?v=20250528150931
4306,875456,room_7,fur_0040,루체쉐이드 시공비,87000,https://image.hanssem.com/hsimg/gds/550/875/875456_A1.jpg?v=20250404140225
4307,385652,room_7,fur_0040,전동 블라인드 시공비(상품수량에 따라 구매),29500,https://image.hanssem.com/hsimg/gds/550/385/385652_A1.jpg?v=20231130101651
4308,877077,room_7,fur_0040,(후기이벤트) BASIC콤비 블라인드(스마트전동 전용),460,https://image.hanssem.com/hsimg/gds/550/877/877077_A1.jpg?v=20250404140225
4309,870522,room_7,fur_0040,스마트 전동 속커튼(전동시스템)(전동레일+배터리),329000,https://image.hanssem.com/hsimg/gds/550/870/870522_A1.jpg?v=20250528150931
4310,880961,room_7,fur_0040,[특가~9/29]BLACK LABEL 호텔식 롤스크린 롤블라인드 (3종/택1),660,https://image.hanssem.com/hsimg/gds/550/880/880961_A1.jpg?v=20250404140225
4311,870520,room_7,fur_0040,PREMIUM콤비 블라인드(스마트전동 전용),600,https://image.hanssem.com/hsimg/gds/550/870/870520_A1.jpg?v=20250404140225
4312,384982,room_7,fur_0040,PREMIUM  일반/암막 알루미늄 블라인드  (맞춤제작),990,https://image.hanssem.com/hsimg/gds/550/384/384982_A1.jpg?v=20250508150226
4313,823444,room_7,fur_0040,블라인드/커튼 20평형대 베이직 패키지(거실+방2개),299000,https://image.hanssem.com/hsimg/gds/550/823/823444_A1.jpg?v=20250528150931
4314,581240,room_7,fur_0040,호텔식 완벽암막 커튼 (3종/택1) DIY/방문설치,49900,https://image.hanssem.com/hsimg/gds/550/581/581240_A1.jpg?v=20250721160047
4315,870519,room_7,fur_0040,(후기이벤트) 스마트 전동 블라인드(전동모터+배터리)(BASIC 콤비),265650,https://image.hanssem.com/hsimg/gds/550/870/870519_A1.jpg?v=20250404140225
4316,385646,room_7,fur_0040,한샘 커튼/블라인드 출장비(수량 1개 필수구매),37000,https://image.hanssem.com/hsimg/gds/550/385/385646_A1.jpg?v=20231130101651
4317,385649,room_7,fur_0040,블라인드 시공비,8300,https://image.hanssem.com/hsimg/gds/550/385/385649_A1.jpg?v=20240307095315
4318,870521,room_7,fur_0040,[특가~9/29](후기이벤트) 스마트커튼 루체쉐이드(블라인드+커튼),73500,https://image.hanssem.com/hsimg/gds/550/870/870521_A1.jpg?v=20250528150930
4319,894209,room_7,fur_0040,벨라 벨벳 암막커튼(방한/방음),55000,https://image.hanssem.com/hsimg/gds/550/894/894209_A1.jpg?v=20250528150932
4320,876436,room_7,fur_0040,(후기이벤트) 스마트 전동 블라인드(전동모터+배터리)(PREMIUM 콤비),265650,https://image.hanssem.com/hsimg/gds/550/876/876436_A1.jpg?v=20250404140225
4321,835146,room_7,fur_0040,암막커튼 레일 크로스브라켓(스르륵레일전용),4400,https://image.hanssem.com/hsimg/gds/550/835/835146_A1.jpg?v=20240320151318
4322,823445,room_7,fur_0040,블라인드/커튼 20평형대 플러스 패키지(거실+방3개),449000,https://image.hanssem.com/hsimg/gds/550/823/823445_A1.jpg?v=20250528150931
4323,935543,room_7,fur_0040,[특가~9/29]나비주름 호텔식 완벽암막 커튼 (6종/택1),44900,https://image.hanssem.com/hsimg/gds/550/935/935543_A1.jpg?v=20250404140225
4324,884472,room_7,fur_0040,[특가~9/29]BLACK LABEL 블랑 콤비 블라인드,770,https://image.hanssem.com/hsimg/gds/550/884/884472_A1.jpg?v=20250404140225
4325,384971,room_7,fur_0040,PREMIUM 암막 콤비블라인드 (맞춤제작),980,https://image.hanssem.com/hsimg/gds/550/384/384971_A1.jpg?v=20250418132630
4326,384972,room_7,fur_0040,PREMIUM 트리플 블라인드 (맞춤제작),770,https://image.hanssem.com/hsimg/gds/550/384/384972_A1.jpg?v=20250925103904
4327,1004955,room_7,fur_0040,블라인드 노코드 스틱 단품,16500,https://image.hanssem.com/hsimg/gds/550/1004/1004955_A1.jpg?v=20231121084653
4328,955982,room_7,fur_0040,[특가~9/29]PREMIUM 와이드 콤비 블라인드(맞춤제작),960,https://image.hanssem.com/hsimg/gds/550/955/955982_A1.jpg?v=20250404140225
4329,590160,room_7,fur_0040,원목 오동나무 우드폼 우드블라인드 맞춤제작,8500,https://image.hanssem.com/hsimg/gds/550/590/590160_A1.jpg?v=20250811164113
4330,880962,room_7,fur_0040,[특가~9/29]BLACK LABEL 오로라 콤비 블라인드 (맞춤제작),790,https://image.hanssem.com/hsimg/gds/550/880/880962_A1.jpg?v=20250404140225
4331,861153,room_7,fur_0040,호텔식 린넨 커튼 (2종/택1),53200,https://image.hanssem.com/hsimg/gds/550/861/861153_A1.jpg?v=20250528150929
4332,400167,room_7,fur_0040,[특가~9/29]커튼 봉 /  커튼 링 (화이트/블랙),17600,https://image.hanssem.com/hsimg/gds/550/400/400167_A1.jpg?v=20250528150930
4333,577839,room_7,fur_0040,BASIC 암막 롤스크린 (맞춤제작),530,https://image.hanssem.com/hsimg/gds/550/577/577839_A1.jpg?v=20250404140225
4334,385650,room_7,fur_0040,커튼시공비,22500,https://image.hanssem.com/hsimg/gds/550/385/385650_A1.jpg?v=20250404140224
4335,837145,room_7,fur_0040,릴렉스 앞뒤동일원단 3겹 완벽암막커튼 / 형상기억가공(4종/택1),35900,https://image.hanssem.com/hsimg/gds/550/837/837145_A1.jpg?v=20250528150929
4336,880960,room_7,fur_0040,BLACK LABEL 시스루 롤스크린 롤블라인드 (맞춤제작),520,https://image.hanssem.com/hsimg/gds/550/880/880960_A1.jpg?v=20250404140225
4337,886426,room_7,fur_0040,코지 암막커튼(일반주름/형상기억가공) DIY/방문설치,35900,https://image.hanssem.com/hsimg/gds/550/886/886426_A1.jpg?v=20250528150929
4338,861157,room_7,fur_0040,[특가~9/29]부드러운 스르륵 커튼 조절 이중레일(6종 중 택1),21900,https://image.hanssem.com/hsimg/gds/550/861/861157_A1.jpg?v=20250528150930
4339,884579,room_7,fur_0040,[특가~9/29]BLACK LABEL 브러쉬 콤비 블라인드,640,https://image.hanssem.com/hsimg/gds/550/884/884579_A1.jpg?v=20250404140225
4340,851187,room_7,fur_0040,집이2배 넓어보이는 린넨화이트 암막커튼(방열/방풍/방한),39900,https://image.hanssem.com/hsimg/gds/550/851/851187_A1.jpg?v=20250528150929
4341,884471,room_7,fur_0040,BLACK LABEL 릴렉스 암막 콤비 블라인드,1030,https://image.hanssem.com/hsimg/gds/550/884/884471_A1.jpg?v=20250418132526
4342,835145,room_7,fur_0040,[특가~9/29]부드러운 스르륵 커튼레일,9900,https://image.hanssem.com/hsimg/gds/550/835/835145_A1.jpg?v=20250822093431
4343,925747,room_7,fur_0040,BASIC 관리가 편한 우드폼 블라인드(맞춤제작),780,https://image.hanssem.com/hsimg/gds/550/925/925747_A1.jpg?v=20250610173607
4344,1024547,room_7,fur_0040,[특가~9/29]선셋 생활 암막커튼 (평식주름),42900,https://image.hanssem.com/hsimg/gds/550/1024/1024547_A1.jpg?v=20250404140225
4345,870518,room_7,fur_0040,[특가~9/29]스마트 전동 완벽암막커튼(전동시스템)(전동레일+배터리),349000,https://image.hanssem.com/hsimg/gds/550/870/870518_A1.jpg?v=20250404140225
4346,1062152,room_7,fur_0040,커튼 블라인드 부자재/ AS부품 모음,1000,https://image.hanssem.com/hsimg/gds/1050/1062/1062152_A1.jpg?v=20250722092233
4347,384961,room_7,fur_0040,영사스크린 빔스크린 120인치 (노코드타입),99000,https://image.hanssem.com/hsimg/gds/550/384/384961_A1.jpg?v=20250528150931
4348,880963,room_7,fur_0040,[특가~9/29]BLACK LABEL 하이드 암막 콤비 블라인드(맞춤제작),1250,https://image.hanssem.com/hsimg/gds/550/880/880963_A1.jpg?v=20250404140225
4349,886875,room_7,fur_0040,호텔식 나비주름 루나 암막커튼(8종/택1),49900,https://image.hanssem.com/hsimg/gds/550/886/886875_A1.jpg?v=20250528150930
4350,834236,room_7,fur_0040,나비주름 속커튼 쉬폰/린넨/레이스 (화이트/그레이),21900,https://image.hanssem.com/hsimg/gds/550/834/834236_A1.jpg?v=20250911105356
4351,577837,room_7,fur_0040,조이 BASIC 암막콤비 블라인드 (맞춤제작) DIY 블라인드설치,770,https://image.hanssem.com/hsimg/gds/550/577/577837_A1.jpg?v=20250418132350
4352,884473,room_7,fur_0040,[특가~9/29]BLACK LABEL 샤이니 루나 콤비 블라인드,1030,https://image.hanssem.com/hsimg/gds/550/884/884473_A1.jpg?v=20250404140225
4353,861152,room_7,fur_0040,[특가~9/29]항균 포시즌 커튼 (4종 택1),69900,https://image.hanssem.com/hsimg/gds/550/861/861152_A1.jpg?v=20250404140225
4354,384966,room_7,fur_0040,PREMIUM 암막 롤스크린 롤블라인드 (맞춤제작),630,https://image.hanssem.com/hsimg/gds/550/384/384966_A1.jpg?v=20250418132558
4355,400163,room_7,fur_0040,커튼25mm봉_블랙,22000,https://image.hanssem.com/hsimg/gds/550/400/400163_A1.jpg?v=20231121084653
4356,385651,room_7,fur_0040,전동 커튼 시공비(상품수량에 따라 구매),60500,https://image.hanssem.com/hsimg/gds/550/385/385651_A1.jpg?v=20231130101651
4357,823446,room_7,fur_0040,[특가~9/29]블라인드/커튼 30평형대 베이직 패키지(거실+방2개),349000,https://image.hanssem.com/hsimg/gds/550/823/823446_A1.jpg?v=20250623110232
4358,384979,room_7,fur_0040,조이 PREMIUM 허니콤 블라인드 (맞춤제작),790,https://image.hanssem.com/hsimg/gds/1050/384/384979_A1.jpg?v=20250623145416
4359,577840,room_7,fur_0040,호텔식 암막 커튼 (6종/택1),39900,https://image.hanssem.com/hsimg/gds/550/577/577840_A1.jpg?v=20250528150931
4360,400126,room_7,fur_0040,차르르 쉬폰 시어 맞춤 속커튼,34900,https://image.hanssem.com/hsimg/gds/550/400/400126_A1.jpg?v=20250528150930
4361,873778,room_7,fur_0040,[특가~9/29]나비주름 호텔식 완벽암막커튼(스마트전동전용),42900,https://image.hanssem.com/hsimg/gds/550/873/873778_A1.jpg?v=20250404140225
4362,925746,room_7,fur_0040,오염 걱정없는 나비주름 밀크 쉬폰 속커튼,35900,https://image.hanssem.com/hsimg/gds/550/925/925746_A1.jpg?v=20250911110252
4363,823447,room_7,fur_0040,[특가~9/29]블라인드/커튼 30평형대 플러스 패키지 (거실+방3개),499000,https://image.hanssem.com/hsimg/gds/550/823/823447_A1.jpg?v=20250623110231
4364,884479,room_7,fur_0040,호텔식 평식주름 루나 암막커튼(8종/택1),45900,https://image.hanssem.com/hsimg/gds/550/884/884479_A1.jpg?v=20250528150931
4365,400169,room_7,fur_0040,커튼링 10개세트 (화이트),4400,https://image.hanssem.com/hsimg/gds/550/400/400169_A1.jpg?v=20231121084653
4366,899822,room_7,fur_0040,나비주름 차르르 속커튼,19900,https://image.hanssem.com/hsimg/gds/550/899/899822_A1.jpg?v=20250911105300
4367,851186,room_7,fur_0040,집이 깨끗해 보이는 화이트 3중직 암막커튼(방열/방풍/방한),37900,https://image.hanssem.com/hsimg/gds/550/851/851186_A1.jpg?v=20250528150931
4368,243773,room_7,fur_0040,샘베딩 씨씨 커튼도어 고정봉 800,13000,https://image.hanssem.com/hsimg/gds/550/243/243773_A1.jpg?v=20250123112926
4369,892975,room_7,fur_0040,BLACK LABEL 호텔식 더블 롤스크린 암막 블라인드,970,https://image.hanssem.com/hsimg/gds/550/892/892975_A1.jpg?v=20250404140224
4370,400151,room_7,fur_0040,[특가~9/29]베이직 코지 커튼 (5종/택 1),39900,https://image.hanssem.com/hsimg/gds/550/400/400151_A1.jpg?v=20250730164427
4371,880964,room_7,fur_0040,BLACK LABEL 펜트하우스 롤스크린 롤블라인드 (맞춤제작),920,https://image.hanssem.com/hsimg/gds/550/880/880964_A1.jpg?v=20250404140225
4372,842308,room_7,fur_0040,PREMIUM 린넨 콤비 블라인드(맞춤제작),440,https://image.hanssem.com/hsimg/gds/550/842/842308_A1.jpg?v=20250813095858
4373,1024562,room_7,fur_0040,플리츠 감성 암막커튼 (형상기억가공),49900,https://image.hanssem.com/hsimg/gds/550/1024/1024562_A1.jpg?v=20250528150930
4374,384965,room_7,fur_0040,PREMIUM 썬블럭 롤스크린 암막 블라인드 (맞춤제작),770,https://image.hanssem.com/hsimg/gds/550/384/384965_A1.jpg?v=20250404140225
4375,884478,room_7,fur_0040,나비주름 코지 암막커튼 (6종/택1),44900,https://image.hanssem.com/hsimg/gds/550/884/884478_A1.jpg?v=20250528150931
4376,578064,room_7,fur_0040,[특가~9/29]BASIC 콤비 블라인드 퓨어솔리드 (맞춤제작) DIY 블라인드설치,380,https://image.hanssem.com/hsimg/gds/550/578/578064_A1.jpg?v=20250418132457
4377,1060254,room_7,fur_0040,내추럴 코지 커튼 (형상기억가공),42900,https://image.hanssem.com/hsimg/gds/1050/1060/1060254_A1.jpg?v=20250528150929
4378,384968,room_7,fur_0040,PREMIUM 콤비 블라인드 (맞춤제작),500,https://image.hanssem.com/hsimg/gds/1050/384/384968_A1.jpg?v=20250418142744
4379,577838,room_7,fur_0040,조이 PREMIUM 롤스크린 롤블라인드(맞춤제작),420,https://image.hanssem.com/hsimg/gds/550/577/577838_A1.jpg?v=20250404140224
4380,783817,room_7,fur_0041,커튼&블라인드 수선비,22500,https://image.hanssem.com/hsimg/gds/550/783/783817_A1.jpg?v=20240627172557
4381,579163,room_7,fur_0042,올스텐 핸들 칼 3종 세트,23900,https://image.hanssem.com/hsimg/gds/550/579/579163_A1.jpg?v=20241219113053
4382,675534,room_7,fur_0042,클래식 월넛 칼,4500,https://image.hanssem.com/hsimg/gds/550/675/675534_A1.jpg?v=20241125134628
4383,1072624,room_7,fur_0042,[특가~9/29]다용도 실리콘 스크레이퍼 (2종/택1),5500,https://image.hanssem.com/hsimg/gds/1050/1072/1072624_A1.jpg?v=20250609150310
4384,1118128,room_7,fur_0042,[특가~9/29]TPU 모던 그레이 도마 2종 (택1),10900,https://image.hanssem.com/hsimg/gds/1050/1118/1118128_A1.jpg?v=20250916170556
4385,1072623,room_7,fur_0042,주방용 스텐 가위 2종 세트,9900,https://image.hanssem.com/hsimg/gds/1050/1072/1072623_A1.jpg?v=20241204153315
4386,1015922,room_7,fur_0042,멀티팟 냄비 2.5L,29900,https://image.hanssem.com/hsimg/gds/550/1015/1015922_A1.jpg?v=20241030161722
4387,1018226,room_7,fur_0042,[특가~9/29]라운드 실리콘 도마,14900,https://image.hanssem.com/hsimg/gds/550/1018/1018226_A1.jpg?v=20241204133856
4388,1072622,room_7,fur_0042,[특가~9/29]주방용 컬러 가위 2종 세트(2종/택1),8900,https://image.hanssem.com/hsimg/gds/1050/1072/1072622_A1.jpg?v=20241204153226
4389,1049163,room_7,fur_0042,[리빙선물1990] 클래식 월넛 칼,15900,https://image.hanssem.com/hsimg/gds/550/1049/1049163_A1.jpg?v=20250609151921
4390,1029268,room_7,fur_0042,[특가~9/29]올스텐 타공채반(3종/택1),9900,https://image.hanssem.com/hsimg/gds/550/1029/1029268_A1.jpg?v=20240610100420
4391,1005681,room_7,fur_0042,[시즌오프 혜택] 손잡이탈부착 쿡웨어 5종세트,149000,https://image.hanssem.com/hsimg/gds/550/1005/1005681_A1.jpg?v=20231121084653
4392,956883,room_7,fur_0042,네오플램 피카 인덕션 IH  7종 세트 (18편수+22양수+22곰솥+15계란말이팬+24팬+28팬+26웍),220000,https://image.hanssem.com/hsimg/gds/550/956/956883_A1.jpg?v=20231018141533
4393,962359,room_7,fur_0042,가볍게 매일쓰는 데일리 프라이팬세트 궁중팬,16000,https://image.hanssem.com/hsimg/gds/550/962/962359_A1.jpg?v=20240703145155
4394,1109667,room_7,fur_0042,[리빙선물2990] 다용도 실리콘 스크레이퍼 버터크림,16900,https://image.hanssem.com/hsimg/gds/550/1109/1109667_A1.jpg?v=20250611132313
4395,1091254,room_7,fur_0042,[특가~9/29]매일 쓰는 에브리 양면 도마,7900,https://image.hanssem.com/hsimg/gds/1050/1091/1091254_A1.jpg?v=20250618163458
4396,1059710,room_7,fur_0042,[특가~9/29]매일쓰는 IH 티타늄코팅 프라이팬/궁중팬/프라이팬 세트 28cm,19900,https://image.hanssem.com/hsimg/gds/1050/1059/1059710_A1.jpg?v=20250602142151
4397,1029269,room_7,fur_0042,[특가~9/29]우드 칼(3종/택1),5900,https://image.hanssem.com/hsimg/gds/1050/1029/1029269_A1.jpg?v=20240821132812
4398,1029267,room_7,fur_0042,올스텐 믹싱볼(3종/택1),15900,https://image.hanssem.com/hsimg/gds/550/1029/1029267_A1.jpg?v=20240821132151
4399,1059708,room_7,fur_0042,양면으로 사용 가능한 스텐도마 블랙,24900,https://image.hanssem.com/hsimg/gds/1050/1059/1059708_A1.jpg?v=20240808163624
4400,1029271,room_7,fur_0042,[특가~9/29]올스텐 타공건지기(3종/택1),17900,https://image.hanssem.com/hsimg/gds/550/1029/1029271_A1.jpg?v=20240821132253
4401,1067639,room_7,fur_0043,말하는 계란찜기,39900,https://image.hanssem.com/hsimg/gds/1050/1067/1067639_A1.jpg?v=20250414145201
4402,924373,room_7,fur_0044,[특가~9/29]스탠딩 스텐 프라이팬 덮개,12900,https://image.hanssem.com/hsimg/gds/550/924/924373_A1.jpg?v=20240627163829
4403,1023543,room_7,fur_0044,(1+1)스테이 실리콘 냄비장갑,3300,https://image.hanssem.com/hsimg/gds/550/1023/1023543_A1.jpg?v=20250912092002
4404,914997,room_7,fur_0045,"주방 수전 헤드용 필터 (HS151F/HS251F/HS451F용,5개입)",11000,https://image.hanssem.com/hsimg/gds/550/914/914997_A1.jpg?v=20240710141342
4405,243526,room_7,fur_0045,주방 탈수배수기 은항균거름망 (HAB-KLC21전용),22000,https://image.hanssem.com/hsimg/gds/550/243/243526_A1.jpg?v=20240710141342
4406,928102,room_7,fur_0045,홈도어 손잡이 롤리 (블랙),27900,https://image.hanssem.com/hsimg/gds/550/928/928102_A1.jpg?v=20240710141342
4407,243541,room_7,fur_0045,"주방 가스쇼바 (#10,스톱모션)",18000,https://image.hanssem.com/hsimg/gds/550/243/243541_A1.jpg?v=20240710141342
4408,902980,room_7,fur_0045,"수납 손잡이 (128mm,유로604_프렌치화이트)",8660,https://image.hanssem.com/hsimg/gds/550/902/902980_A1.jpg?v=20240710141342
4409,707997,room_7,fur_0045,"주방 가스쇼바 (#25,스톱모션)",18000,https://image.hanssem.com/hsimg/gds/550/707/707997_A1.jpg?v=20240710141342
4410,228261,room_7,fur_0045,"주방 배수구 악취방지캡 (코트랩배수구용,날개형)",2900,https://image.hanssem.com/hsimg/gds/550/228/228261_A1.jpg?v=20240710141343
4411,889824,room_7,fur_0045,수납 다용도걸이 (29T선반용),18000,https://image.hanssem.com/hsimg/gds/550/889/889824_A1.jpg?v=20240710141342
4412,550724,room_7,fur_0045,"주방 UV칼살균 블럭 (도어부착형,C파장)",46000,https://image.hanssem.com/hsimg/gds/550/550/550724_A1.jpg?v=20240710141342
4413,164891,room_7,fur_0045,"주방 세제수전 헤드 (원판형,500ml,2cc,스트로우포함)",19000,https://image.hanssem.com/hsimg/gds/550/164/164891_A1.jpg?v=20240710141343
4414,164868,room_7,fur_0045,"주방 후드필터 (고정부,HDB-HSH60N,new라운드슬라이딩후드,200x530)",32000,https://image.hanssem.com/hsimg/gds/550/164/164868_A1.jpg?v=20240710141343
4415,958242,room_7,fur_0045,홈도어 손잡이 모모 (블랙),24900,https://image.hanssem.com/hsimg/gds/550/958/958242_A1.jpg?v=20240710141342
4416,899160,room_7,fur_0045,"가구 손잡이 (128mm,ㄱ자,스퀘어 실버)",6000,https://image.hanssem.com/hsimg/gds/550/899/899160_A1.jpg?v=20240710141342
4417,243712,room_7,fur_0045,주방 식기건조대용 물받이함 (클리어 식기정리대 전용),12000,https://image.hanssem.com/hsimg/gds/550/243/243712_A1.jpg?v=20240710141342
4418,708002,room_7,fur_0045,"수납 마감스티커 (빌트인화이트,40EA)",1990,https://image.hanssem.com/hsimg/gds/550/708/708002_A1.jpg?v=20240710141342
4419,683418,room_7,fur_0045,"수납 마감스티커 (내추럴오크,40EA,Ø15,샘책장)",1990,https://image.hanssem.com/hsimg/gds/550/683/683418_A1.jpg?v=20240710141342
4420,928114,room_7,fur_0045,홈도어 손잡이 린다 (화이트우드),45000,https://image.hanssem.com/hsimg/gds/550/928/928114_A1.jpg?v=20240710141342
4421,902973,room_7,fur_0045,"수납 손잡이 (1홀,유로602_골드)",6000,https://image.hanssem.com/hsimg/gds/550/902/902973_A1.jpg?v=20240710141342
4422,889822,room_7,fur_0045,수납 도어부착형 넥타이/스카프걸이 (TH),14000,https://image.hanssem.com/hsimg/gds/550/889/889822_A1.jpg?v=20240710141342
4423,683365,room_7,fur_0045,주방 수전 헤드 (MF500용),22000,https://image.hanssem.com/hsimg/gds/550/683/683365_A1.jpg?v=20250827103846
4424,243508,room_7,fur_0045,"주방 배수구 커버 (스테인리스공용,대형)",22000,https://image.hanssem.com/hsimg/gds/550/243/243508_A1.jpg?v=20240710141342
4425,683419,room_7,fur_0045,"수납 마감스티커 (크림화이트,40EA,Ø15,샘책장)",1990,https://image.hanssem.com/hsimg/gds/550/683/683419_A1.jpg?v=20240710141342
4426,887412,room_7,fur_0045,"주방,수납 경첩 (110도,저압댐핑,15T용,2EA,힌지)",14000,https://image.hanssem.com/hsimg/gds/550/887/887412_A1.jpg?v=20240913091252
4427,807432,room_7,fur_0045,"가구 마감스티커 (내추럴오크,40EA,티오)",1990,https://image.hanssem.com/hsimg/gds/550/807/807432_A1.jpg?v=20240710141342
4428,899164,room_7,fur_0045,"가구 손잡이 (160mm,맨하탄 실버)",15000,https://image.hanssem.com/hsimg/gds/550/899/899164_A1.jpg?v=20240710141342
4429,936447,room_7,fur_0045,수납 공용 옷걸이봉 (450~1000mm),6000,https://image.hanssem.com/hsimg/gds/550/936/936447_A1.jpg?v=20240710141342
4430,591211,room_7,fur_0045,"주방 후드필터 (HDC-HSD60P,new듀얼후드,500x209)",31000,https://image.hanssem.com/hsimg/gds/550/591/591211_A1.jpg?v=20240710141342
4431,591231,room_7,fur_0045,"주방 세제수전 헤드 (750ml전용,2cc,스트로우포함)",19000,https://image.hanssem.com/hsimg/gds/550/591/591231_A1.jpg?v=20240710141342
4432,928117,room_7,fur_0045,홈도어 손잡이 큐브 (그레이/블랙),39000,https://image.hanssem.com/hsimg/gds/550/928/928117_A1.jpg?v=20240710141342
4433,707998,room_7,fur_0045,"주방 마감스티커 (다크그레이,40EA)",1990,https://image.hanssem.com/hsimg/gds/550/707/707998_A1.jpg?v=20240710141342
4434,708010,room_7,fur_0045,"주방 식기건조기 고정부속 (클램프,블랙,와이드기둥식 전용)",3290,https://image.hanssem.com/hsimg/gds/550/708/708010_A1.jpg?v=20240710141342
4435,243716,room_7,fur_0045,주방 식기정리대용 물받이판 (보급형식기정리대전용),19000,https://image.hanssem.com/hsimg/gds/550/243/243716_A1.jpg?v=20240710141342
4436,591053,room_7,fur_0045,FENICE 소파 가죽보호KIT,17200,https://image.hanssem.com/hsimg/gds/550/591/591053_A1.jpg?v=20240710141342
4437,980550,room_7,fur_0045,"수납 경첩 (155도,1EA,저압댐핑,45컵,힌지)",12000,https://image.hanssem.com/hsimg/gds/550/980/980550_A1.jpg?v=20240710141342
4438,899156,room_7,fur_0045,"주방 손잡이 (128mm,로체)",8000,https://image.hanssem.com/hsimg/gds/550/899/899156_A1.jpg?v=20240710141342
4439,228289,room_7,fur_0045,"주방 싱크볼 접시거치대용 고무패킹 (4개입,공용)",1290,https://image.hanssem.com/hsimg/gds/550/228/228289_A1.jpg?v=20240710141342
4440,899171,room_7,fur_0045,"가구 손잡이 (288mm,ㄱ자,스퀘어 샴페인골드)",11260,https://image.hanssem.com/hsimg/gds/550/899/899171_A1.jpg?v=20240710141342
4441,914988,room_7,fur_0045,주방 쿡탑손잡이 (G형),4900,https://image.hanssem.com/hsimg/gds/550/914/914988_A1.jpg?v=20240710141342
4442,889825,room_7,fur_0045,책장 마감스티커(플롯 책장 기둥용 롤타입 화이트 26mmx2m),3900,https://image.hanssem.com/hsimg/gds/550/889/889825_A1.jpg?v=20250103152323
4443,944151,room_7,fur_0045,"가구 책상용 가방걸이 (화이트/그레이,티오 콘센트/각도조절 전용)",3900,https://image.hanssem.com/hsimg/gds/550/944/944151_A1.jpg?v=20250417095626
4444,683402,room_7,fur_0045,주방 수전 헤드 (ML400/ML401/ML402용),23000,https://image.hanssem.com/hsimg/gds/550/683/683402_A1.jpg?v=20250829090943
4445,591212,room_7,fur_0045,"주방 후드필터 (HDC-HSR900P,라운드에지후드,370x396)",31000,https://image.hanssem.com/hsimg/gds/550/591/591212_A1.jpg?v=20240710141342
4446,282729,room_7,fur_0045,공용 목재선반 스틸 뿔다보 (10개입-선반고정용),2090,https://image.hanssem.com/hsimg/gds/550/282/282729_A1.jpg?v=20240710141342
4447,683416,room_7,fur_0045,"수납 마감스티커 (바흐브라운,40EA)",1990,https://image.hanssem.com/hsimg/gds/550/683/683416_A1.jpg?v=20240710141342
4448,958251,room_7,fur_0045,"주방,수납,가구 공용 ㄱ자 브라켓 (2개입,그레이캡포함,중량물고정)",2000,https://image.hanssem.com/hsimg/gds/550/958/958251_A1.jpg?v=20240710141342
4449,899155,room_7,fur_0045,"주방 손잡이 (128mm,HG실버모던)",6000,https://image.hanssem.com/hsimg/gds/550/899/899155_A1.jpg?v=20240710141342
4450,892737,room_7,fur_0045,"주방 코팅배수구 SET (보급형,오버플로우-포켓형)",69000,https://image.hanssem.com/hsimg/gds/550/892/892737_A1.jpg?v=20240710141342
4451,902977,room_7,fur_0045,"수납 손잡이 (96mm,유로502,글레드그레이/네스트오크)",7000,https://image.hanssem.com/hsimg/gds/550/902/902977_A1.jpg?v=20240710141342
4452,902982,room_7,fur_0045,"수납 손잡이 (256mm,삼각봉_샴페인골드)",26240,https://image.hanssem.com/hsimg/gds/550/902/902982_A1.jpg?v=20240710141342
4453,892759,room_7,fur_0045,"주방 배수구 연장호스SET (호스+소켓,Ø30ⅹ90cm)",6900,https://image.hanssem.com/hsimg/gds/550/892/892759_A1.jpg?v=20240710141342
4454,934541,room_7,fur_0045,"주방 후드필터 (하부,HDC-PSC90S,시크릿후드900,330x140)",31000,https://image.hanssem.com/hsimg/gds/550/934/934541_A1.jpg?v=20240710141342
4455,902539,room_7,fur_0045,욕실 청소용 스프레이건 SET (DD-1506G),48000,https://image.hanssem.com/hsimg/gds/550/902/902539_A1.jpg?v=20240710141342
4456,897134,room_7,fur_0045,"가구 손잡이/가방걸이 (1홀,조이)",4000,https://image.hanssem.com/hsimg/gds/550/897/897134_A1.jpg?v=20240812145007
4457,889823,room_7,fur_0045,"주방 싱크볼 수세미거치대 (세제망,CDS85전용)",8000,https://image.hanssem.com/hsimg/gds/550/889/889823_A1.jpg?v=20240710141342
4458,925991,room_7,fur_0045,"주방 후드필터 (HDC-NCH90,뉴침니후드(구형),250x259)",31000,https://image.hanssem.com/hsimg/gds/550/925/925991_A1.jpg?v=20240710141342
4459,899162,room_7,fur_0045,"가구 손잡이 (128mm,ㄱ자,스퀘어 샴페인골드)",6000,https://image.hanssem.com/hsimg/gds/550/899/899162_A1.jpg?v=20240710141342
4460,683430,room_7,fur_0045,"주방 배수구 코팅거름망 (공용,대형)",20000,https://image.hanssem.com/hsimg/gds/550/683/683430_A1.jpg?v=20240710141342
4461,243727,room_7,fur_0045,"수납 원목손잡이 (모모로,1홀)",4000,https://image.hanssem.com/hsimg/gds/550/243/243727_A1.jpg?v=20240710141342
4462,317030,room_7,fur_0045,"주방 싱크볼 타공마개 (Ø36전용,수전보링마개)",5000,https://image.hanssem.com/hsimg/gds/550/317/317030_A1.jpg?v=20240710141342
4463,902540,room_7,fur_0045,욕실 청소용 스프레이건 헤드 (DD-1506G),21000,https://image.hanssem.com/hsimg/gds/550/902/902540_A1.jpg?v=20240710141342
4464,724344,room_7,fur_0045,"가구 마감스티커 (파우더핑크,40EA,보나)",1990,https://image.hanssem.com/hsimg/gds/550/724/724344_A1.jpg?v=20240710141342
4465,591205,room_7,fur_0045,"주방 싱크볼 접시거치대 (싱크망,CDS85전용)",13000,https://image.hanssem.com/hsimg/gds/550/591/591205_A1.jpg?v=20240710141342
4466,243533,room_7,fur_0045,주방 수전 헤드 (DD200/DD230/DD270용),30000,https://image.hanssem.com/hsimg/gds/550/243/243533_A1.jpg?v=20250325145634
4467,980548,room_7,fur_0045,가구 공용수평조절 패드 (16개입),1990,https://image.hanssem.com/hsimg/gds/550/980/980548_A1.jpg?v=20240710141342
4468,807428,room_7,fur_0045,"가구 마감스티커 (화이트,40EA,티오)",1990,https://image.hanssem.com/hsimg/gds/550/807/807428_A1.jpg?v=20240710141342
4469,905152,room_7,fur_0045,주방 직수형정수기 1차 수소필터 (6개월),18000,https://image.hanssem.com/hsimg/gds/550/905/905152_A1.jpg?v=20250110121448
4470,981013,room_7,fur_0045,"수납 마감스티커 (내추럴오크,20EA,Ø18,샘책장)",1990,https://image.hanssem.com/hsimg/gds/550/981/981013_A1.jpg?v=20240710141342
4471,914985,room_7,fur_0045,주방 수전 메탈호스 (DD300/DD301용),26000,https://image.hanssem.com/hsimg/gds/550/914/914985_A1.jpg?v=20250325145708
4472,927990,room_7,fur_0045,홈도어 스프링 스토퍼,8000,https://image.hanssem.com/hsimg/gds/550/927/927990_A1.jpg?v=20240710141342
4473,899170,room_7,fur_0045,"가구 손잡이 (288mm,ㄱ자,스퀘어 실버)",11260,https://image.hanssem.com/hsimg/gds/550/899/899170_A1.jpg?v=20240710141342
4474,958245,room_7,fur_0045,홈도어 손잡이 탠우드 (블랙),31900,https://image.hanssem.com/hsimg/gds/550/958/958245_A1.jpg?v=20240710141342
4475,928116,room_7,fur_0045,홈도어 손잡이 루시 (라이트그레이),30800,https://image.hanssem.com/hsimg/gds/550/928/928116_A1.jpg?v=20240710141342
4476,892728,room_7,fur_0045,"가구 공용다릿발 (4개입,15T이상설치가능)",4000,https://image.hanssem.com/hsimg/gds/550/892/892728_A1.jpg?v=20240710141342
4477,724345,room_7,fur_0045,"가구 마감스티커 (크림화이트,40EA,보나)",1990,https://image.hanssem.com/hsimg/gds/550/724/724345_A1.jpg?v=20240710141342
4478,164866,room_7,fur_0045,"주방 후드필터 (HDC-INHD60P,이노new하이드후드,190x365)",32000,https://image.hanssem.com/hsimg/gds/550/164/164866_A1.jpg?v=20240820094003
4479,944191,room_7,fur_0045,가구 책장용 수납함 소서랍 (아이디S/플렉스Z/코티 책장ACC),18000,https://image.hanssem.com/hsimg/gds/550/944/944191_A1.jpg?v=20240710141342
4480,958244,room_7,fur_0045,홈도어 손잡이 탠우드 (그레이),32900,https://image.hanssem.com/hsimg/gds/550/958/958244_A1.jpg?v=20240710141342
4481,228272,room_7,fur_0045,"주방 배수구 악취방지캡 (JY/DS85/후크배수구용,클립형)",6000,https://image.hanssem.com/hsimg/gds/550/228/228272_A1.jpg?v=20240710141343
4482,928118,room_7,fur_0045,홈도어 손잡이 큐브 (화이트/골드),39000,https://image.hanssem.com/hsimg/gds/550/928/928118_A1.jpg?v=20240710141342
4483,941873,room_7,fur_0045,주방 수전 메탈호스 (FH301/MF400용),26000,https://image.hanssem.com/hsimg/gds/550/941/941873_A1.jpg?v=20250325154515
4484,707991,room_7,fur_0045,"주방 가스쇼바 (#20,스톱모션)",18000,https://image.hanssem.com/hsimg/gds/550/707/707991_A1.jpg?v=20240710141342
4485,724152,room_7,fur_0045,"가구 마감스티커 (그레이,40EA,보나)",1990,https://image.hanssem.com/hsimg/gds/550/724/724152_A1.jpg?v=20240710141342
4486,897142,room_7,fur_0045,가구 책상의자 공용바퀴 (고정형 캐스터),5000,https://image.hanssem.com/hsimg/gds/550/897/897142_A1.jpg?v=20240710141342
4487,773114,room_7,fur_0045,"주방 가스쇼바 (10kgf,플랩암)",18000,https://image.hanssem.com/hsimg/gds/550/773/773114_A1.jpg?v=20240710141342
4488,164876,room_7,fur_0045,"주방 후드필터 (HDC-IKS60-리빙후드/MSL60-스페셜후드,255x499)",38000,https://image.hanssem.com/hsimg/gds/550/164/164876_A1.jpg?v=20240710141343
4489,683423,room_7,fur_0045,주방 450형서랍 수저분리함 (나노패브릭용),8000,https://image.hanssem.com/hsimg/gds/550/683/683423_A1.jpg?v=20240710141342
4490,914989,room_7,fur_0045,욕실 양변기용 공용 시트커버 고정부속,5000,https://image.hanssem.com/hsimg/gds/550/914/914989_A1.jpg?v=20240710141342
4491,591229,room_7,fur_0045,"주방 세제수전 세제통 (750ml,공용)",5000,https://image.hanssem.com/hsimg/gds/550/591/591229_A1.jpg?v=20240710141342
4492,317029,room_7,fur_0045,"주방 세제수전 헤드 (삼각뿔형,500ml,2cc,스트로우포함)",21000,https://image.hanssem.com/hsimg/gds/550/317/317029_A1.jpg?v=20240710141342
4493,944206,room_7,fur_0045,"가구 책상용 가방걸이 (코티 일자/단독책상 겸용, 2개입)",11000,https://image.hanssem.com/hsimg/gds/550/944/944206_A1.jpg?v=20240710141342
4494,899163,room_7,fur_0045,"가구 손잡이 (160mm,맨하탄 골드)",15000,https://image.hanssem.com/hsimg/gds/550/899/899163_A1.jpg?v=20240710141342
4495,899157,room_7,fur_0045,"수납 손잡이 (128mm,바흐브라운_흑니켈)",5670,https://image.hanssem.com/hsimg/gds/550/899/899157_A1.jpg?v=20240710141342
4496,243704,room_7,fur_0045,"주방 행거레일용 고리 (IK/스페셜용,4개입)",4500,https://image.hanssem.com/hsimg/gds/550/243/243704_A1.jpg?v=20240710141342
4497,164893,room_7,fur_0045,주방 수전 헤드 (FH301/MF400용),22000,https://image.hanssem.com/hsimg/gds/550/164/164893_A1.jpg?v=20250829090827
4498,930756,room_7,fur_0045,"주방 후드필터 (라운드침니후드,RCH-90,250x307)",31000,https://image.hanssem.com/hsimg/gds/550/930/930756_A1.jpg?v=20240710141342
4499,282727,room_7,fur_0045,공용 일반선반 스틸 평다보 (10개입-선반받침용),1990,https://image.hanssem.com/hsimg/gds/550/282/282727_A1.jpg?v=20240710141342
4500,243545,room_7,fur_0045,"주방 가스쇼바 (#15,스톱모션)",18000,https://image.hanssem.com/hsimg/gds/550/243/243545_A1.jpg?v=20240710141342
4501,164864,room_7,fur_0045,"주방 후드필터 (M670/IK671,마운틴후드,500x260)",36000,https://image.hanssem.com/hsimg/gds/550/164/164864_A1.jpg?v=20240710141343
4502,243531,room_7,fur_0045,주방 수전 메탈호스 (DD200/DD270용),29000,https://image.hanssem.com/hsimg/gds/550/243/243531_A1.jpg?v=20250325145747
4503,683427,room_7,fur_0045,"주방 후드필터 (HDB-HHD60,new빌트인후드,190x365)",31000,https://image.hanssem.com/hsimg/gds/550/683/683427_A1.jpg?v=20240710141342
4504,164869,room_7,fur_0045,"주방 후드필터 (이동부,HDB-HSH60N,new라운드슬라이딩후드,195x509)",32000,https://image.hanssem.com/hsimg/gds/550/164/164869_A1.jpg?v=20240710141343
4505,317036,room_7,fur_0045,"공용 소음방지 투명범퍼 (10mm,64EA,충격완화)",10000,https://image.hanssem.com/hsimg/gds/550/317/317036_A1.jpg?v=20240710141342
4506,164865,room_7,fur_0045,"주방 후드필터 (HDC-INHD60,INNO하이드후드,190x365)",31000,https://image.hanssem.com/hsimg/gds/550/164/164865_A1.jpg?v=20240710141343
4507,164885,room_7,fur_0045,"주방 배수구 커버 (플라스틱공용,대형)",5000,https://image.hanssem.com/hsimg/gds/550/164/164885_A1.jpg?v=20240710141343
4508,228290,room_7,fur_0045,주방 수전 헤드 (DD300/DD301용),31000,https://image.hanssem.com/hsimg/gds/550/228/228290_A1.jpg?v=20250325145547
4509,868385,room_7,fur_0045,"수납 마감스티커 (라이트메이플/크림화이트,40EA,샘키즈)",1990,https://image.hanssem.com/hsimg/gds/550/868/868385_A1.jpg?v=20250213130003
4510,905154,room_7,fur_0045,주방 직수형정수기 3차 카본필터 (12개월),8000,https://image.hanssem.com/hsimg/gds/550/905/905154_A1.jpg?v=20250110121448
4511,683417,room_7,fur_0045,"수납 마감스티커 (그레이,40EA,Ø15,샘책장)",1990,https://image.hanssem.com/hsimg/gds/550/683/683417_A1.jpg?v=20240710141342
4512,591059,room_7,fur_0045,FENICE 소파 가죽케어KIT (세정+보호),24200,https://image.hanssem.com/hsimg/gds/550/591/591059_A1.jpg?v=20240710141342
4513,928111,room_7,fur_0045,홈도어 손잡이 모드,30000,https://image.hanssem.com/hsimg/gds/550/928/928111_A1.jpg?v=20240710141342
4514,928110,room_7,fur_0045,홈도어 손잡이 플랫,30000,https://image.hanssem.com/hsimg/gds/550/928/928110_A1.jpg?v=20240710141342
4515,905153,room_7,fur_0045,주방 직수형정수기 2차 양전하필터 (12개월),17000,https://image.hanssem.com/hsimg/gds/550/905/905153_A1.jpg?v=20250110121448
4516,928103,room_7,fur_0045,홈도어 손잡이 롤리 (골드),32000,https://image.hanssem.com/hsimg/gds/550/928/928103_A1.jpg?v=20240710141342
4517,958243,room_7,fur_0045,홈도어 손잡이 모모 (화이트),24900,https://image.hanssem.com/hsimg/gds/550/958/958243_A1.jpg?v=20240710141342
4518,914991,room_7,fur_0045,"주방 수전 메탈호스 (꼬임방지,회전호스)",27000,https://image.hanssem.com/hsimg/gds/550/914/914991_A1.jpg?v=20250325154800
4519,981006,room_7,fur_0045,"수납 마감스티커 (그레이,20EA,Ø18,샘책장)",1990,https://image.hanssem.com/hsimg/gds/550/981/981006_A1.jpg?v=20240710141342
4520,282753,room_7,fur_0045,"주방,수납 도어자석캐치 SET (장석,빠지링)",3000,https://image.hanssem.com/hsimg/gds/550/282/282753_A1.jpg?v=20240710141342
4521,892735,room_7,fur_0045,"주방 코팅배수구 SET (보급형,오버플로우X)",67000,https://image.hanssem.com/hsimg/gds/550/892/892735_A1.jpg?v=20240710141342
4522,892739,room_7,fur_0045,"주방 코팅배수구 SET (고급형,오버플로우X)",104000,https://image.hanssem.com/hsimg/gds/550/892/892739_A1.jpg?v=20240710141342
4523,954704,room_7,fur_0045,"수납 마감스티커 (라이트메이플,20EA,Ø18,샘책장)",1990,https://image.hanssem.com/hsimg/gds/550/954/954704_A1.jpg?v=20240710141342
4524,892745,room_7,fur_0045,"주방 코팅배수구 SET (고급형,오버플로우-포켓형)",96000,https://image.hanssem.com/hsimg/gds/550/892/892745_A1.jpg?v=20240710141342
4525,887410,room_7,fur_0045,주방 마감스티커 (수퍼그레이 40EA),1990,https://image.hanssem.com/hsimg/gds/550/887/887410_A1.jpg?v=20240710141342
4526,899154,room_7,fur_0045,"가구 손잡이 (128mm,프라하)",5680,https://image.hanssem.com/hsimg/gds/550/899/899154_A1.jpg?v=20240710141342
4527,928112,room_7,fur_0045,홈도어 손잡이 린다 (화이트),24900,https://image.hanssem.com/hsimg/gds/550/928/928112_A1.jpg?v=20240710141342
4528,683428,room_7,fur_0045,"주방 후드필터 (HDC-ECH60P,new유로침니후드,225x308)",31000,https://image.hanssem.com/hsimg/gds/550/683/683428_A1.jpg?v=20240710141342
4529,980549,room_7,fur_0045,"주방 배수구 스텐거름망 (코팅배수구용,대형)",10400,https://image.hanssem.com/hsimg/gds/550/980/980549_A1.jpg?v=20240710141342
4530,972175,room_7,fur_0045,"주방 후드필터 (겉타공망,AWH-90S,알루윈후드,354x248)",48000,https://image.hanssem.com/hsimg/gds/550/972/972175_A1.jpg?v=20240710141342
4531,889826,room_7,fur_0045,"주방 행거레일용 고리 (고급형,4EA)",3000,https://image.hanssem.com/hsimg/gds/550/889/889826_A1.jpg?v=20240710141342
4532,980763,room_7,fur_0045,주방 음식물 탈수배수기 SET (HANB-KLC21),129900,https://image.hanssem.com/hsimg/gds/550/980/980763_A1.jpg?v=20240710141342
4533,228264,room_7,fur_0045,"주방 배수구 뚜껑 (공용,대형,반투명)",5300,https://image.hanssem.com/hsimg/gds/550/228/228264_A1.jpg?v=20240710141343
4534,934528,room_7,fur_0045,"주방 후드필터 (상부,HDC-PSC90S,시크릿후드900,330x265)",31000,https://image.hanssem.com/hsimg/gds/550/934/934528_A1.jpg?v=20240710141342
4535,715116,room_7,fur_0045,"주방,수납 고정형 선반 부속 (플리퍼,4개)",1990,https://image.hanssem.com/hsimg/gds/550/715/715116_A1.jpg?v=20240710141342
4536,683415,room_7,fur_0045,"주방 마감스티커 (나노패브릭,40EA)",1990,https://image.hanssem.com/hsimg/gds/550/683/683415_A1.jpg?v=20240710141342
4537,683421,room_7,fur_0045,"수납 마감스티커 (화이트,40EA,샘베딩/모모로)",1990,https://image.hanssem.com/hsimg/gds/550/683/683421_A1.jpg?v=20240710141342
4538,892733,room_7,fur_0045,"주방 세제수전 SET (750ml,2cc,Ø36)",28000,https://image.hanssem.com/hsimg/gds/550/892/892733_A1.jpg?v=20240710141342
4539,981011,room_7,fur_0045,"수납 마감스티커 (크림화이트,20EA,Ø18,샘책장)",1990,https://image.hanssem.com/hsimg/gds/550/981/981011_A1.jpg?v=20240710141342
4540,902975,room_7,fur_0045,"수납 손잡이 (1홀,모디5000)",7000,https://image.hanssem.com/hsimg/gds/550/902/902975_A1.jpg?v=20240710141342
4541,244821,room_7,fur_0045,"주방 후드필터 (HDC-GLX600/600P,갤럭시후드,178X530)",31000,https://image.hanssem.com/hsimg/gds/550/244/244821_A1.jpg?v=20240710141342
4542,899153,room_7,fur_0045,"가구 손잡이 (1홀,라운드)",4300,https://image.hanssem.com/hsimg/gds/550/899/899153_A1.jpg?v=20240710141342
4543,941845,room_7,fur_0045,"주방 수전 메탈호스 (ML400/ML401/ML402,꼬임방지,회전호스)",26000,https://image.hanssem.com/hsimg/gds/550/941/941845_A1.jpg?v=20250325154556
4544,227477,room_7,fur_0045,주방 쿡탑손잡이 (S형),4900,https://image.hanssem.com/hsimg/gds/550/227/227477_A1.jpg?v=20240710141343
4545,591057,room_7,fur_0045,FENICE 소파 가죽세정KIT,12600,https://image.hanssem.com/hsimg/gds/550/591/591057_A1.jpg?v=20240710141342
4546,228288,room_7,fur_0045,"주방,수납 경첩결합형 댐퍼 (댐핑기능,구형스프링전용,1EA)",6000,https://image.hanssem.com/hsimg/gds/550/228/228288_A1.jpg?v=20240710141342
4547,243705,room_7,fur_0045,주방 행거레일용 2단선반 (IK/스페셜용),17000,https://image.hanssem.com/hsimg/gds/550/243/243705_A1.jpg?v=20240710141342
4548,902978,room_7,fur_0045,"수납 손잡이 (128mm,샘시스템)",6000,https://image.hanssem.com/hsimg/gds/550/902/902978_A1.jpg?v=20240710141342
4549,954705,room_7,fur_0045,"수납 마감스티커 (퓨어화이트,20EA,Ø18,샘책장)",1990,https://image.hanssem.com/hsimg/gds/550/954/954705_A1.jpg?v=20240710141342
4550,591221,room_7,fur_0045,주방 배수구 일자배수호스 (공용),14000,https://image.hanssem.com/hsimg/gds/550/591/591221_A1.jpg?v=20240710141342
4551,914995,room_7,fur_0045,주방 수전 헤드 (ML500용),25000,https://image.hanssem.com/hsimg/gds/550/914/914995_A1.jpg?v=20240710141342
4552,228277,room_7,fur_0045,"주방 가스쇼바 (5kgf,플랩암)",18000,https://image.hanssem.com/hsimg/gds/550/228/228277_A1.jpg?v=20240710141342
4553,914996,room_7,fur_0045,주방 수전 필터링 헤드 (HS151F/HS251F/HS451F용),26000,https://image.hanssem.com/hsimg/gds/550/914/914996_A1.jpg?v=20250325154645
4554,164870,room_7,fur_0045,"주방 후드필터 (HDB-MSH60/HSH60B 슬라이딩후드,198x480)",31000,https://image.hanssem.com/hsimg/gds/550/164/164870_A1.jpg?v=20240710141343
4555,928022,room_7,fur_0045,"홈도어 이지경첩 (4인치,실버,3개입)",18000,https://image.hanssem.com/hsimg/gds/550/928/928022_A1.jpg?v=20240710141342
4556,164882,room_7,fur_0045,주방 행거레일용 수저통 (IK/스페셜용),16000,https://image.hanssem.com/hsimg/gds/550/164/164882_A1.jpg?v=20240710141343
4557,164877,room_7,fur_0045,주방 쿡탑손잡이 (B형),8000,https://image.hanssem.com/hsimg/gds/550/164/164877_A1.jpg?v=20240710141343
4558,282733,room_7,fur_0045,"주방 후드필터 (NBH-200,알루미늄슬라이딩후드,203x487)",31000,https://image.hanssem.com/hsimg/gds/550/282/282733_A1.jpg?v=20240710141342
4559,782008,room_7,fur_0045,"가구 책상용 가방걸이 (화이트/그레이,티오 일반책상 전용)",990,https://image.hanssem.com/hsimg/gds/550/782/782008_A1.jpg?v=20250417095157
4560,928115,room_7,fur_0045,홈도어 손잡이 루시 (다크그레이),30800,https://image.hanssem.com/hsimg/gds/550/928/928115_A1.jpg?v=20240710141342
4561,944148,room_7,fur_0045,"가구 책상용 가방걸이 (티오 일자책상세트, 각도조절책상세트 전용)",1490,https://image.hanssem.com/hsimg/gds/550/944/944148_A1.jpg?v=20250417095507
4562,591225,room_7,fur_0045,"주방 세제수전 몸통 (750ml전용,2cc,Ø36)",10900,https://image.hanssem.com/hsimg/gds/550/591/591225_A1.jpg?v=20240710141342
4563,914994,room_7,fur_0045,주방 수전 헤드 (ML300용),22000,https://image.hanssem.com/hsimg/gds/550/914/914994_A1.jpg?v=20240710141342
4564,902976,room_7,fur_0045,"수납 손잡이 (96mm,ㄱ자,밀란301_샴페인골드)",15000,https://image.hanssem.com/hsimg/gds/550/902/902976_A1.jpg?v=20240710141342
4565,915003,room_7,fur_0045,"스위치형 멀티탭 (3구,5M,16A,3,000W)",32000,https://image.hanssem.com/hsimg/gds/550/915/915003_A1.jpg?v=20240710141342
4566,683424,room_7,fur_0045,주방 600형서랍 수저분리함 (나노패브릭용),13000,https://image.hanssem.com/hsimg/gds/550/683/683424_A1.jpg?v=20240710141342
4567,243715,room_7,fur_0045,주방 행거레일용 국자걸이 (고급형),30000,https://image.hanssem.com/hsimg/gds/550/243/243715_A1.jpg?v=20240710141342
4568,928104,room_7,fur_0045,홈도어 손잡이 롤리 (화이트),27000,https://image.hanssem.com/hsimg/gds/550/928/928104_A1.jpg?v=20240710141342
4569,708003,room_7,fur_0045,"수납 마감스티커 (유로오크,40EA)",1990,https://image.hanssem.com/hsimg/gds/550/708/708003_A1.jpg?v=20240710141342
4570,914987,room_7,fur_0045,"주방 세제수전 몸통 (500ml,2cc공용,Ø28)",13000,https://image.hanssem.com/hsimg/gds/550/914/914987_A1.jpg?v=20241217081732
4571,906298,room_7,fur_0045,욕실 살균 비데필터 (HS-NA100용),4000,https://image.hanssem.com/hsimg/gds/550/906/906298_A1.jpg?v=20240710141342
4572,928023,room_7,fur_0045,"홈도어 이지경첩 (4인치,골드,3개입)",21000,https://image.hanssem.com/hsimg/gds/550/928/928023_A1.jpg?v=20240710141342
4573,914990,room_7,fur_0045,주방 칼꽂이 (도어부착형),18300,https://image.hanssem.com/hsimg/gds/550/914/914990_A1.jpg?v=20240710141342
4574,934551,room_7,fur_0045,"주방 후드필터 (HDC-HS360SQ,아일랜드스퀘어후드,236x236)",31000,https://image.hanssem.com/hsimg/gds/550/934/934551_A1.jpg?v=20240710141342
4575,914986,room_7,fur_0045,주방 배수구 고무패킹 (코팅/은항균/슬림배수구용),5000,https://image.hanssem.com/hsimg/gds/550/914/914986_A1.jpg?v=20240710141342
4576,887411,room_7,fur_0045,수납 마감스티커 (수퍼패브릭 40EA),1990,https://image.hanssem.com/hsimg/gds/550/887/887411_A1.jpg?v=20240710141342
4577,164886,room_7,fur_0045,"주방 배수구 스텐거름망 (공용,대형)",6100,https://image.hanssem.com/hsimg/gds/550/164/164886_A1.jpg?v=20250923133044
4578,914992,room_7,fur_0045,주방 수전 헤드 (ML150/MF400A/MF500A/MF600용),22000,https://image.hanssem.com/hsimg/gds/550/914/914992_A1.jpg?v=20250325154426
4579,958246,room_7,fur_0045,"주방,수납 전용 신형다보",1280,https://image.hanssem.com/hsimg/gds/550/958/958246_A1.jpg?v=20240710141342
4580,164862,room_7,fur_0045,"주방 후드필터 (HDC-NCH90S,뉴침니후드,334x259,1개)",32000,https://image.hanssem.com/hsimg/gds/550/164/164862_A1.jpg?v=20241114140443
4581,933184,room_7,fur_0046,논슬립 원형 의자 벤치 방석 1+1 set,8900,https://image.hanssem.com/hsimg/gds/550/933/933184_A1.jpg?v=20250417130534
4582,1117097,room_7,fur_0046,BASIQUE 40수 코마사 코튼 무형광 핸드타월 5P set(2종/택1),17900,https://image.hanssem.com/hsimg/gds/1050/1117/1117097_A1.jpg?v=20250908143719
4583,1091145,room_7,fur_0046,재크 라운드 테이블 매트 400,12900,https://image.hanssem.com/hsimg/gds/1050/1091/1091145_A1.jpg?v=20250915132052
4584,1025697,room_7,fur_0046,체크패턴 실내화 슬리퍼,6900,https://image.hanssem.com/hsimg/gds/550/1025/1025697_A1.jpg?v=20241128101949
4585,959194,room_7,fur_0046,프라임 프리미엄 워셔블 사계절 투톤 러그 (4종/택1),79000,https://image.hanssem.com/hsimg/gds/550/959/959194_A1.jpg?v=20250103154555
4586,1043166,room_7,fur_0046,레그핏 발받침대(1단/2단),47000,https://image.hanssem.com/hsimg/gds/1050/1043/1043166_A1.jpg?v=20250915132053
4587,962249,room_7,fur_0046,푹신한 양털 슬리퍼 브라운,5900,https://image.hanssem.com/hsimg/gds/550/962/962249_A1.jpg?v=20240206155403
4588,899934,room_7,fur_0046,아르떼 엣지 쿠션커버,14900,https://image.hanssem.com/hsimg/gds/550/899/899934_A1.jpg?v=20250724091905
4589,1034801,room_7,fur_0046,이노매트 (거실 바닥 TPU매트),110000,https://image.hanssem.com/hsimg/gds/550/1034/1034801_A1.jpg?v=20250611094609
4590,1051802,room_7,fur_0046,BASIQUE 40수 코마사 코튼 타월 호텔수건 5P set,29900,https://image.hanssem.com/hsimg/gds/1050/1051/1051802_A1.jpg?v=20250729155407
4591,1023511,room_7,fur_0046,아르떼 브릭 사이잘룩 워셔블 러그 (150x200/170x230),129000,https://image.hanssem.com/hsimg/gds/550/1023/1023511_A1.jpg?v=20250417132442
4592,1091149,room_7,fur_0046,재크 라운드 테이블 매트 400+700 SET,39900,https://image.hanssem.com/hsimg/gds/1050/1091/1091149_A1.jpg?v=20250915132052
4593,1025699,room_7,fur_0046,슬림 골지 쿠션 커버 50X50 블랙,11900,https://image.hanssem.com/hsimg/gds/550/1025/1025699_A1.jpg?v=20250109075328
4594,1026389,room_7,fur_0046,프라임 터프팅 투톤 러그 25mm (150X200/170X230cm),79000,https://image.hanssem.com/hsimg/gds/550/1026/1026389_A1.jpg?v=20250220135953
4595,1026390,room_7,fur_0046,모아 13mm 부드러운 소프트 러그(원형/사각형),19900,https://image.hanssem.com/hsimg/gds/550/1026/1026390_A1.jpg?v=20250407094313
4596,933181,room_7,fur_0046,뉴 데일리 슬리퍼 실내화 1+1(2P),14900,https://image.hanssem.com/hsimg/gds/550/933/933181_A1.jpg?v=20250417130602
4597,1091148,room_7,fur_0046,재크 라운드 테이블 매트 700,29900,https://image.hanssem.com/hsimg/gds/1050/1091/1091148_A1.jpg?v=20250915132052
4598,1005677,room_7,fur_0046,[리빙선물990] 푹신한 양털슬리퍼 (8종/택1),35900,https://image.hanssem.com/hsimg/gds/550/1005/1005677_A1.jpg?v=20250609151921
4599,933180,room_7,fur_0046,[특가~9/29]미나 프리미엄 고밀도 워셔블 메모리폼 방석 5 color,11900,https://image.hanssem.com/hsimg/gds/1050/933/933180_A1.jpg?v=20250812082934
4600,1118691,room_7,fur_0046,[웰컴딜 전용] 체크패턴 실내화 슬리퍼,1900,https://image.hanssem.com/hsimg/gds/550/1118/1118691_A1.jpg?v=20250910172922
4601,995167,room_7,fur_0046,아르떼 365 베이직 보송보송한 스트라이프 한 평반 러그,29900,https://image.hanssem.com/hsimg/gds/550/995/995167_A1.jpg?v=20250103154511
4602,1098810,room_7,fur_0046,[웰컴딜 전용]재크 라운드 테이블 매트 400,23000,https://image.hanssem.com/hsimg/gds/550/1098/1098810_A1.jpg?v=20250310172049
4603,924423,room_7,fur_0046,엠마 부드러운 사계절 워셔블 슬러브 러그 (6종/택1),59900,https://image.hanssem.com/hsimg/gds/550/924/924423_A1.jpg?v=20250417132420
4604,302741,room_7,fur_0046,네덜란드 누아 사이잘룩 사계절 러그 카페트(7컬러),62000,https://image.hanssem.com/hsimg/gds/550/302/302741_A1.jpg?v=20250922152418
4605,1019919,room_7,fur_0046,헬시 쿠션 슬리퍼 실내화,9900,https://image.hanssem.com/hsimg/gds/550/1019/1019919_A1.jpg?v=20250915101901
4606,1046727,room_7,fur_0046,베이직 골지 슬리퍼,9900,https://image.hanssem.com/hsimg/gds/1050/1046/1046727_A1.jpg?v=20250617092554
4607,1103134,room_7,fur_0046,프리미엄 슈퍼쿨 고밀도 메모리폼 여름 방석,9900,https://image.hanssem.com/hsimg/gds/1050/1103/1103134_A1.jpg?v=20250812082935
4608,1117100,room_7,fur_0046,[예약판매 10월13일부터 출고] 샘키즈 원형러그 겸 토퍼,57900,https://image.hanssem.com/hsimg/gds/1050/1117/1117100_A1.jpg?v=20250925152205
4609,505529,room_7,fur_0046,슬립다이버 쿠션솜 1+1,12900,https://image.hanssem.com/hsimg/gds/550/505/505529_A1.jpg?v=20250417132520
4610,1069332,room_7,fur_0046,휴 회전형 좌식리클라이너 스마트패브릭 노블그레이,149900,https://image.hanssem.com/hsimg/gds/1050/1069/1069332_A1.jpg?v=20250915132051
4611,1109982,room_7,fur_0046,와플 슬리퍼,6900,https://image.hanssem.com/hsimg/gds/1050/1109/1109982_A1.jpg?v=20250707161300
